web_scraper_order,web_scraper_start_url,pagination,data,title,data2
"1789836284-1","https://www.expressio.fr/toutes-les-expressions","","les doigts dans le nez","sans effort ; très facilement ; fingers in the nose ; haut la main ; sans difficultés ; sans souci","adv"
"1789836284-2","https://www.expressio.fr/toutes-les-expressions","","se regarder le nombril","être égocentrique et prétentieux ; ne s'intéresser qu'à soi ; être prétentieux ; s'admirer ; ne pas se soucier des autres","v"
"1789836284-3","https://www.expressio.fr/toutes-les-expressions","","ours mal léché","personne peu sociale ; individu grossier ; individu mal élevé ; individu rustre ; personne rustre ; personne grossière ; individu très mal poli ; individu aux manières grossières et d'aspect rébarbatif","n"
"1789836284-4","https://www.expressio.fr/toutes-les-expressions","","en faire tout un fromage","faire toute une histoire pour pas grand-chose ; grossir à l'extrême une difficulté ; s'agiter pour des choses de petite importance","exp"
"1789836284-5","https://www.expressio.fr/toutes-les-expressions","","mettre son grain de sel","s'immiscer dans une conversation ; s'immiscer dans une affaire ; s'immiscer de façon incongrue dans une discussion ; se mêler à un sujet qui ne le regarde pas ; s'immiscer dans une situation où l'on n'était pas spécialement désiré ; donner son avis sans que personne l'ait demandé","v"
"1789836284-6","https://www.expressio.fr/toutes-les-expressions","","frotter le lard ensemble","forniquer ; faire l'amour ; coucher ensemble","v"
"1789836284-7","https://www.expressio.fr/toutes-les-expressions","","yeux de merlan frit","regard énamouré et ridicule ; yeux levés au ciel de manière affectée ; yeux levés au ciel dont on ne voit que le blanc ; regard ridicule","n"
"1789836284-8","https://www.expressio.fr/toutes-les-expressions","","entre la poire et le fromage","entre deux évènements ; à un moment perdu ; à un moment de conversation libre et détendu ; entre deux situations ; à un instant perdu ; au moment qui favorise l'échange de propos ; sur la fin du repas ; de manière bâclée ; à la hâte","adv"
"1789836284-9","https://www.expressio.fr/toutes-les-expressions","","soupe au lait","qui change rapidement de caractère ; qui s'emporte brutalement ; qui s'énerve pour un rien ; colérique ; irascible","adj"
"1789836284-10","https://www.expressio.fr/toutes-les-expressions","","tomber dans les pommes","s'évanouir ; perdre connaissance ; tomber en pâmoison ; se pâmer ; tomber en faiblesse","v"
"1789836284-11","https://www.expressio.fr/toutes-les-expressions","","presser quelqu'un comme un citron","complètement exploiter quelqu'un","v"
"1789836284-12","https://www.expressio.fr/toutes-les-expressions","","tout de go","d'emblée ; directement ; d'un seul coup ; librement ; à la volée","adv"
"1789836284-13","https://www.expressio.fr/toutes-les-expressions","","peigner la girafe","faire un travail inutile et très long ; ne rien faire d'efficace ; paresser ; pisser dans un violon ; perdre son temps ; ne rien faire d'intéressant ; se dépenser sans efficacité, pour rien ; effectuer en vain une tâche très longue ; travailler inutilement ; ne rien faire de son temps","v"
"1789836284-14","https://www.expressio.fr/toutes-les-expressions","","travailler pour le roi de Prusse","travailler pour rien ; ne pas être payé pour ses peines ou sa participation active","v"
"1789836284-15","https://www.expressio.fr/toutes-les-expressions","","mouton de Panurge","copieur ; suiveur ; imitateur ; girouette ; personne dénuée de tout sens critique","n"
"1789836284-16","https://www.expressio.fr/toutes-les-expressions","","froid de canard","un très grand froid ; un froid très vif ; froid de chien ; froid de gueux ; froid de tous les diables","n"
"1789836284-17","https://www.expressio.fr/toutes-les-expressions","","avoir le coeur qui bat la chamade","avoir le coeur qui s'affole ; éprouver une forte attirance pour une personne ; avoir le coeur qui palpite fort ; éprouver une émotion perturbante","v"
"1789836284-18","https://www.expressio.fr/toutes-les-expressions","","ne pas casser trois pattes à un canard","ne rien avoir d'extraordinaire ; être banal ; n'avoir rien de remarquable ; ne pas casser des briques ; ne pas casser des meubles ; ne pas casser les vitres ; être très commun ; être à la limite de la médiocrité","v"
"1789836284-19","https://www.expressio.fr/toutes-les-expressions","","enculer des mouches","porter son attention sur des détails de peu d'importance ; être extrêmement tatillon ; dans une discussion, avoir un goût prononcé pour les arguties ; pinailler ; faire le difficile ; être pointilleux","v"
"1789836284-20","https://www.expressio.fr/toutes-les-expressions","","à la Saint-Glinglin","à une date hypothétique ; dans très longtemps voire jamais ; aux calendes grecques ; à la semaine aux quatre jeudis ; à Pâques ou à la Trinité ; quand les poules auront des dents ; à jamais","adv"
"1789836284-21","https://www.expressio.fr/toutes-les-expressions","","fier comme Artaban","arrogant ; prétentieux ; suffisant ; fier comme un bar-tabac ; fier comme un char-à-bancs ; fier comme un coq ; sottement imbu de sa personne","adj"
"1789836284-22","https://www.expressio.fr/toutes-les-expressions","","tremper son biscuit","introduire son membre viril dans un orifice adapté","v"
"1789836284-23","https://www.expressio.fr/toutes-les-expressions","","poser un lapin","faire attendre quelqu'un en n'allant pas au rendez-vous fixé ; ne pas honorer une rencontre prévue ; se défausser d'un rendez-vous ; ne pas venir au rendez-vous fixé à quelqu'un","v"
"1789836284-24","https://www.expressio.fr/toutes-les-expressions","","se mettre sur son trente et un","mettre ses plus beaux habits ; s'habiller de façon chic ; déployer des efforts d'élégance","v"
"1789836284-25","https://www.expressio.fr/toutes-les-expressions","","enfant de la balle","comédien ; acteur ; artiste de cirque ; baladin ; fils d'artiste devenu artiste lui-même ; artiste dont les parents exerçaient déjà cette même profession","n"
"1789836284-26","https://www.expressio.fr/toutes-les-expressions","","comme en quatorze","comme en quarante ; comme en 40 ; comme en 14 ; rebelote","adv"
"1789836284-27","https://www.expressio.fr/toutes-les-expressions","","filer à l'anglaise","partir sans dire au revoir ; partir sans se faire remarquer ; se retirer discrètement ; filer rapidement ; s'échapper ; fuir discrètement ; filer en douce","v"
"1789836284-28","https://www.expressio.fr/toutes-les-expressions","","tailler une pipe","sucer ; pratiquer une fellation ; tutoyer le pontife ; tailler une plume ; sucer la pine","v"
"1789836284-29","https://www.expressio.fr/toutes-les-expressions","","fier comme un pou","très orgueilleux","adj"
"1789836284-30","https://www.expressio.fr/toutes-les-expressions","","faux jeton","chiqué ; hypocrite ; menteur ; fourbe","n"
"1789836284-31","https://www.expressio.fr/toutes-les-expressions","","faire la grasse matinée","dormir tard ; rester au lit tard le matin ; dormir longtemps, jusque tard dans la matinée ; se lever tard dans la matiné ; rester au lit après son réveil ou bien après l'heure habituelle","v"
"1789836284-32","https://www.expressio.fr/toutes-les-expressions","","faire la bombe","bouder","v"
"1789836284-33","https://www.expressio.fr/toutes-les-expressions","","entre chien et loup","à la tombée du jour ; à la tombée de la nuit ; à l'heure bleue ; au crépuscule ; à l'heure crépusculaire ; à l'heure où les objets se confondent ; sur la brune ; au crépuscule le plus sombre","adv"
"1789836284-34","https://www.expressio.fr/toutes-les-expressions","","décrocher le cocotier","obtenir un objet convoité ; parvenir à ses fins ; triompher ; remporter un concours ; remporte un prix ; remporter un résultat important","v"
"1789836284-35","https://www.expressio.fr/toutes-les-expressions","","arriver comme les carabiniers","arriver en retard lorsque tout est terminé ; arriver après la bataille ; arriver comme des figues après Pâques ; arriver comme le marquis de Couille-Verte ; arriver trop tard","v"
"1789836284-36","https://www.expressio.fr/toutes-les-expressions","","payer en monnaie de singe","payer en fausse monnaie au lieu de payer réellement ; escroquer ; ne pas payer réellement ; arnaquer ; payer par de belles paroles ; payer par des promesses creuses","v"
"1789836284-37","https://www.expressio.fr/toutes-les-expressions","","autant en emporte le vent","choses auxquelles on s'engage qu'on n'exécute jamais ; promesses qui ne seront pas tenues","exp"
"1789836284-38","https://www.expressio.fr/toutes-les-expressions","","battre la semelle","attendre en marchant ; se réchauffer ; attendre ; patienter en marchant ; marcher beaucoup à la recherche de quelqu'un ou quelque chose ; taper du pied pour se réchauffer ; sautiller en cadence ; lever alternativement les jambes de manière à frapper les semelles","v"
"1789836284-39","https://www.expressio.fr/toutes-les-expressions","","faire semblant","simuler ; paraître ; prétendre ; imiter ; se donner l'apparence de faire quelque chose ; simuler une attitude pour donner le change ; feindre","v"
"1789836284-40","https://www.expressio.fr/toutes-les-expressions","","avoir un polichinelle dans le tiroir","être enceinte ; avoir le gros ventre ; avoir une brioche au four ; être en cloque ; attendre un enfant ; avoir le ballon ; être grosse","v"
"1789836284-41","https://www.expressio.fr/toutes-les-expressions","","défendre son pré carré","défendre son domaine ; défendre son territoire réservé et les éventuelles prérogatives qui s'y attachent ; protéger son territoire","v"
"1789836284-42","https://www.expressio.fr/toutes-les-expressions","","faire un four","échouer ; ne pas avoir de succès ; être en situation d'échec ; subir un échec","v"
"1789836284-43","https://www.expressio.fr/toutes-les-expressions","","la fête à Neuneu","désigne tout simplement une fête foraine","exp"
"1789836284-44","https://www.expressio.fr/toutes-les-expressions","","être dans les vapes","somnoler ; être abruti par l'alcool ; être embrumé ; dans l'abrutissement causé par la fatigue, l'alcool ou diverses substances illicites ; groggy ; évanoui ; inconscient ; sonné ; sans connaissance ; être dans le brouillard","v"
"1789836284-45","https://www.expressio.fr/toutes-les-expressions","","l'abbaye de Monte-à-Regret","la potence ; la guillotine","n"
"1789836284-46","https://www.expressio.fr/toutes-les-expressions","","par monts et par vaux","partout ; un peu partout ; de tous côtés ; en vadrouille ; dans tous les sens","adv"
"1789836284-47","https://www.expressio.fr/toutes-les-expressions","","mettre la main à la pâte","participer au travail ; aider pour ce qu'il y a à faire ; participer ; donner un coup de main ; aider ; participer à la tâche ; travailler soi-même à quelque chose ; s’engager dans une action concrète","v"
"1789836284-48","https://www.expressio.fr/toutes-les-expressions","","rouler dans la farine","duper ; tromper ; berner","v"
"1789836284-49","https://www.expressio.fr/toutes-les-expressions","","l'habit ne fait pas le moine","les apparences peuvent être trompeuses ; il faut s'abstenir de ne juger les gens qu'à leur apparence","exp"
"1789836284-50","https://www.expressio.fr/toutes-les-expressions","","joindre les deux bouts","gagner suffisamment d’argent pour assurer une vie décente entre deux versements de salaire ou deux rétributions ; gagner sa vie ; assurer sa subsistance ; arriver à finir le mois financièrement ; avoir suffisamment d'argent pour assumer toutes ses dépenses ; boucler son budget ; arriver à équilibrer le budget avec son salaire du mois ; gagner votre vie","v"
"1789836290-51","https://www.expressio.fr/toutes-les-expressions","https://www.expressio.fr/toutes-les-expressions/page-2","coincer la bulle","ne rien faire ; se reposer ; dormir ; être oisif ; se la couler douce ; paresser","v"
"1789836290-52","https://www.expressio.fr/toutes-les-expressions","https://www.expressio.fr/toutes-les-expressions/page-2","avoir une araignée au plafond","avoir une araignée dans le plafond ; être un peu fou ; avoir des lubies sans être gênant ou dangereux pour les autres ; ne pas avoir toute sa tête ; avoir une case en moins ; être tombé sur la tête ; travailler du chapeau ; être dérangé ; avoir une idée fixe ; être dérangé ; être dingo ; être fou ; être maso ; être taré","v"
"1789836290-53","https://www.expressio.fr/toutes-les-expressions","https://www.expressio.fr/toutes-les-expressions/page-2","avoir les dents longues","être très ambitieux ; être ambitieux ; avoir les dents qui rayent le parquet ; être avide ; être carriériste ; être un jeune loup aux dents longues ; être un requin","v"
"1789836290-54","https://www.expressio.fr/toutes-les-expressions","https://www.expressio.fr/toutes-les-expressions/page-2","dindon de la farce","personne qui se fait duper ; personne qui se fait avoir lors d'une affaire ; la victime dans une affaire en même temps que l'objet de la risée publique ; bouc émissaire ; personne qui s'est fait duper par autrui (et se retrouve finalement perdante) ; andouille","n"
"1789836290-55","https://www.expressio.fr/toutes-les-expressions","https://www.expressio.fr/toutes-les-expressions/page-2","réchauffer un serpent dans son sein","faire du bien à un ingrat","v"
"1789836290-56","https://www.expressio.fr/toutes-les-expressions","https://www.expressio.fr/toutes-les-expressions/page-2","être patraque","se porter mal ; ne pas être dans son assiette ; être malade","v"
"1789836290-57","https://www.expressio.fr/toutes-les-expressions","https://www.expressio.fr/toutes-les-expressions/page-2","veiller au grain","se tenir sur ses gardes ; prévoir et prévenir le danger ; être prudent ; surveiller quelqu'un sans rêlache ; veiller sur une situation avec grande vigilance","v"
"1789836290-58","https://www.expressio.fr/toutes-les-expressions","https://www.expressio.fr/toutes-les-expressions/page-2","attendre quelqu'un comme les moines l'abbé","ne pas attendre une personne","v"
"1789836290-59","https://www.expressio.fr/toutes-les-expressions","https://www.expressio.fr/toutes-les-expressions/page-2","casser sa pipe","mourir ; décéder ; trépasser","v"
"1789836290-60","https://www.expressio.fr/toutes-les-expressions","https://www.expressio.fr/toutes-les-expressions/page-2","monter au pinacle","parvenir à la situation la plus élevée en termes de responsabilités, de compétences et de hiérarchie ; accéder à la situation la plus élevée","v"
"1789836290-61","https://www.expressio.fr/toutes-les-expressions","https://www.expressio.fr/toutes-les-expressions/page-2","mener une vie de patachon","mener une vie de débauche","v"
"1789836290-62","https://www.expressio.fr/toutes-les-expressions","https://www.expressio.fr/toutes-les-expressions/page-2","comme un pet sur une toile cirée","très vite ; précipitamment ; en toute hâte","adv"
"1789836290-63","https://www.expressio.fr/toutes-les-expressions","https://www.expressio.fr/toutes-les-expressions/page-2","poudre aux yeux","écran de fumée ; apparences flatteuses mais trompeuses ; faux-semblant ; miroir aux alouettes ; manoeuvre qui cherche à faire impression en faisant illusion","n"
"1789836290-64","https://www.expressio.fr/toutes-les-expressions","https://www.expressio.fr/toutes-les-expressions/page-2","tuer la poule aux oeufs d'or","on risque de tout perdre par avarice ; se priver de profits futurs importants pour satisfaire des intérêts immédiats ; l'avidité et l'impatience sont de vilains défauts ; n'agir que pour le court terme; agir sans aucune vision à long terme ; détruire par avarice la source d'un profit important","v"
"1789836290-65","https://www.expressio.fr/toutes-les-expressions","https://www.expressio.fr/toutes-les-expressions/page-2","mener les poules pisser","s'occuper de travaux insignifiants ou fictifs ; pisser dans un violon ; réaliser quelque chose d'inutile","v"
"1789836290-66","https://www.expressio.fr/toutes-les-expressions","https://www.expressio.fr/toutes-les-expressions/page-2","in extenso","intégralement ; complètement ; en totalité ; dans leur intégralité ; dans son intégralité ; dans leur totalité ; de bout en bout","adv"
"1789836290-67","https://www.expressio.fr/toutes-les-expressions","https://www.expressio.fr/toutes-les-expressions/page-2","in extremis","au dernier moment ; de justesse ; quelque chose réalisé au dernier moment","adv"
"1789836290-68","https://www.expressio.fr/toutes-les-expressions","https://www.expressio.fr/toutes-les-expressions/page-2","secret de polichinelle","faux secret ; secret que tout le monde connaît ; secret supposé, en fait connu de tous ; faux secret puisque tout le monde le connaît","n"
"1789836290-69","https://www.expressio.fr/toutes-les-expressions","https://www.expressio.fr/toutes-les-expressions/page-2","ne faire semblant de rien","faire comme si de rien n'était ; ne manifester volontairement aucune réaction ; être indifférent ; prendre un air indifférent ; avoir attention à ne rien dire qui puisse donner à connaître ce que l’on pense","v"
"1789836290-70","https://www.expressio.fr/toutes-les-expressions","https://www.expressio.fr/toutes-les-expressions/page-2","ne pas quitter quelqu'un d'une semelle","le suivre partout ; s'attacher obstinément à ses pas","v"
"1789836290-71","https://www.expressio.fr/toutes-les-expressions","https://www.expressio.fr/toutes-les-expressions/page-2","prendre des vessies pour des lanternes","se faire des illusions grossières sur des choses ou des gens ; se tromper lourdement dans ses appréciations ; être naïf ; se faire des illusions ; faire une confusion absurde et naïve ; se tromper grossièrement","v"
"1789836290-72","https://www.expressio.fr/toutes-les-expressions","https://www.expressio.fr/toutes-les-expressions/page-2","avoir le nez creux","avoir du flair ; deviner à bon escient ; avoir du nez ; avoir le nez fin","v"
"1789836290-73","https://www.expressio.fr/toutes-les-expressions","https://www.expressio.fr/toutes-les-expressions/page-2","en prendre pour son grade","se faire violemment réprimander ; se faire battre ; subir une grave déconvenue ou défaite ; se faire houspiller ; se faire gourmander","v"
"1789836290-74","https://www.expressio.fr/toutes-les-expressions","https://www.expressio.fr/toutes-les-expressions/page-2","fleur de nave","imbécile ; niais ; benêt","n"
"1789836290-75","https://www.expressio.fr/toutes-les-expressions","https://www.expressio.fr/toutes-les-expressions/page-2","tirer sa flemme","paresser ; flemmer ; flemmardiser ; tirer son flegme","v"
"1789836290-76","https://www.expressio.fr/toutes-les-expressions","https://www.expressio.fr/toutes-les-expressions/page-2","mettre flamberge au vent","tirer l'épée ; dégainer ; partir en guerre","v"
"1789836290-77","https://www.expressio.fr/toutes-les-expressions","https://www.expressio.fr/toutes-les-expressions/page-2","petite pluie abat grand vent","un peu de douceur apaise souvent une grande colère ; il suffit parfois d'un évènement insignifiant pour apaiser une grande querelle ; une petite pluie fait ordinairement cesser un grand vent","exp"
"1789836290-78","https://www.expressio.fr/toutes-les-expressions","https://www.expressio.fr/toutes-les-expressions/page-2","mettre sur la sellette","soumettre quelqu'un à un interrogatoire serré ; l'exposer aux jugements et aux critiques les plus sévères ; lui faire avouer des choses qu'il voulait tenir secrètes","v"
"1789836290-79","https://www.expressio.fr/toutes-les-expressions","https://www.expressio.fr/toutes-les-expressions/page-2","à brûle-pourpoint","brusquement ; sans ménagement ou très à propos ; tout à coup ; à l'improviste ; sans préparation ; sans prévenir","adv"
"1789836290-80","https://www.expressio.fr/toutes-les-expressions","https://www.expressio.fr/toutes-les-expressions/page-2","bayer aux corneilles","regarder en l'air ; rester sans rien faire ; se pogner le cul ; perdre son temps en regardant en l’air niaisement ; rêvasser","v"
"1789836290-81","https://www.expressio.fr/toutes-les-expressions","https://www.expressio.fr/toutes-les-expressions/page-2","de but en blanc","carrément ; brusquement ; sans détour ; à brûle-pourpoint ; tout de go ; directement ; sans préparation ; crûment ; sans précautions","adv"
"1789836290-82","https://www.expressio.fr/toutes-les-expressions","https://www.expressio.fr/toutes-les-expressions/page-2","faire l'école buissonnière","manquer l'école ; se promener au lieu d'aller en classe","v"
"1789836290-83","https://www.expressio.fr/toutes-les-expressions","https://www.expressio.fr/toutes-les-expressions/page-2","revenir bredouille","ne ramener aucun gibier ; ne rien gagner ; échouer dans une entreprise ; rentrer sans avoir obtenu ce qu'on désirait","v"
"1789836290-84","https://www.expressio.fr/toutes-les-expressions","https://www.expressio.fr/toutes-les-expressions/page-2","être un as","être le meilleur dans son genre ; être le meilleur dans l'activité qu'on exerce","v"
"1789836290-85","https://www.expressio.fr/toutes-les-expressions","https://www.expressio.fr/toutes-les-expressions/page-2","faire chou blanc","ne pas réussir son coup ; ne rien gagner ; échouer ; rater son coup ; ne pas trouver ; subir un échec","v"
"1789836290-86","https://www.expressio.fr/toutes-les-expressions","https://www.expressio.fr/toutes-les-expressions/page-2","avoir le cul bordé de nouilles","être très chanceux ; avoir beaucoup de chance","v"
"1789836290-87","https://www.expressio.fr/toutes-les-expressions","https://www.expressio.fr/toutes-les-expressions/page-2","ne pas nous en chier une pendule","ne pas nous embêter ; nous agacer ; nous bassiner à force de se lamenter ; seriner ; ressasser toujours les mêmes déconvenues","v"
"1789836290-88","https://www.expressio.fr/toutes-les-expressions","https://www.expressio.fr/toutes-les-expressions/page-2","prendre son pied","avoir du plaisir ou un orgasme au cours de l'acte sexuel ; prendre un grand plaisir en pratiquant une activité ; prendre un grand plaisir en découvrant une nouvelle passion ; grimper au rideau ; prendre son fade ; prendre son taf","v"
"1789836290-89","https://www.expressio.fr/toutes-les-expressions","https://www.expressio.fr/toutes-les-expressions/page-2","coeur d'artichaut","personne qui tombe facilement amoureuse ; inconstant en amour","v"
"1789836290-90","https://www.expressio.fr/toutes-les-expressions","https://www.expressio.fr/toutes-les-expressions/page-2","bonne poire","trop bon ; naïf ; niais ; qui se laisse mener par le bout du nez ; simple d'esprit et ingénu","n"
"1789836290-91","https://www.expressio.fr/toutes-les-expressions","https://www.expressio.fr/toutes-les-expressions/page-2","se presser le citron","se torturer l'esprit ; se creuser la tête ; faire un effort intellectuel pénible","v"
"1789836290-92","https://www.expressio.fr/toutes-les-expressions","https://www.expressio.fr/toutes-les-expressions/page-2","raconter des salades","raconter des histoires ; raconter des mensonges ; mentir ; raconter des cracks","v"
"1789836290-93","https://www.expressio.fr/toutes-les-expressions","https://www.expressio.fr/toutes-les-expressions/page-2","menteur comme un soutien-gorge","très menteur","adj"
"1789836290-94","https://www.expressio.fr/toutes-les-expressions","https://www.expressio.fr/toutes-les-expressions/page-2","tomber à pic","arriver au bon moment ; agir juste à temps ; survenir à point nommé","v"
"1789836290-95","https://www.expressio.fr/toutes-les-expressions","https://www.expressio.fr/toutes-les-expressions/page-2","on ne peut avoir le beurre et l'argent du beurre","on ne peut pas avoir le beurre, l'argent du beurre, et le cul de la laitière ; on ne peut pas tout avoir ; il faut choisir dans la vie","exp"
"1789836290-96","https://www.expressio.fr/toutes-les-expressions","https://www.expressio.fr/toutes-les-expressions/page-2","se demander si c'est du lard ou du cochon","ne pas savoir à quoi s'en tenir ; avoir du mal à comprendre de quoi il s'agit ; ne pas savoir si c'est du lard ou du cochon","v"
"1789836290-97","https://www.expressio.fr/toutes-les-expressions","https://www.expressio.fr/toutes-les-expressions/page-2","gueule de bois","biture ; cuite ; désagréables symptômes d'un lendemain de cuite ; grande fatigue après une soirée trop festive ; veisalgie ; xylostome ; casque à boulons ; mauvais goût dans la bouche après avoir trop bu, dû à un abus d'alcool","n"
"1789836290-98","https://www.expressio.fr/toutes-les-expressions","https://www.expressio.fr/toutes-les-expressions/page-2","vendre la peau de l'ours avant de l'avoir tué","se féliciter trop tôt d'un succès pas encore acquis ; disposer trop vite d'une chose qu'on ne possède pas encore réellement ; se flatter trop tôt d'un succès ; se réjouir de quelque chose pas encore gagné","v"
"1789836290-99","https://www.expressio.fr/toutes-les-expressions","https://www.expressio.fr/toutes-les-expressions/page-2","jeter de l'huile sur le feu","envenimer une querelle ; inciter à la dispute ; aggraver une situation ; attiser ; envenimer","v"
"1789836290-100","https://www.expressio.fr/toutes-les-expressions","https://www.expressio.fr/toutes-les-expressions/page-2","lune de miel","voyage de noces ; les premiers temps du mariage ; nuit de noces ; des jours d'amour et de câlins, juste après le mariage ; période d'un mois ou lunaison suivant les noces ; période faste","n"
"1789836295-101","https://www.expressio.fr/toutes-les-expressions","https://www.expressio.fr/toutes-les-expressions/page-3","passer l'arme à gauche","mourir ; casser sa pipe","v"
"1789836295-102","https://www.expressio.fr/toutes-les-expressions","https://www.expressio.fr/toutes-les-expressions/page-3","être Fanny","être mis Fanny ; embrasser Fanny ; perdre une partie sans marquer de point","v"
"1789836295-103","https://www.expressio.fr/toutes-les-expressions","https://www.expressio.fr/toutes-les-expressions/page-3","en tout bien tout honneur","avec des intentions honorables ; sans arrière-pensées","exp"
"1789836295-104","https://www.expressio.fr/toutes-les-expressions","https://www.expressio.fr/toutes-les-expressions/page-3","à bâtons rompus","sans continuité ; avec de fréquentes interruptions ; de façon désordonnée ; sans ordre du jour ; de façon informelle ; d'une façon irrégulière","adv"
"1789836295-105","https://www.expressio.fr/toutes-les-expressions","https://www.expressio.fr/toutes-les-expressions/page-3","trempé comme une soupe","trempé ; mouillé ; complètement mouillé","adj"
"1789836295-106","https://www.expressio.fr/toutes-les-expressions","https://www.expressio.fr/toutes-les-expressions/page-3","boire du petit lait","eprouver un sentiment de vive satisfaction d'amour-propre ; être très flatté","v"
"1789836295-107","https://www.expressio.fr/toutes-les-expressions","https://www.expressio.fr/toutes-les-expressions/page-3","reprendre du poil de la bête","aller mieux après avoir été très malade ; reprendre l'avantage sur un adversaire après avoir été en situation de faiblesse ; se remplumer ; se ressaisir ; retrouver petit à petit une meilleure santé ; retrouver une situation favorable ; reprendre des forces ; reprendre du courage ; reprendre le dessus","v"
"1789836295-108","https://www.expressio.fr/toutes-les-expressions","https://www.expressio.fr/toutes-les-expressions/page-3","tomber sur un bec","tomber sur une difficulté ; tomber sur un obstacle imprévu ; tomber sur une fin de non-recevoir ; avoir un pépin","v"
"1789836295-109","https://www.expressio.fr/toutes-les-expressions","https://www.expressio.fr/toutes-les-expressions/page-3","mettre à pied","congédier ; licencier ; destituer ; renvoyer ; débaucher","v"
"1789836295-110","https://www.expressio.fr/toutes-les-expressions","https://www.expressio.fr/toutes-les-expressions/page-3","passer sous les fourches caudines","être vaincu ; être contraint d'accepter des conditions humiliantes ou ruineuses ; subir une cuisante humiliation","v"
"1789836295-111","https://www.expressio.fr/toutes-les-expressions","https://www.expressio.fr/toutes-les-expressions/page-3","regagner ses pénates","retourner à son domicile ; retourner à son foyer","v"
"1789836295-112","https://www.expressio.fr/toutes-les-expressions","https://www.expressio.fr/toutes-les-expressions/page-3","tourner en eau de boudin","partir en déconfiture ; aller à l'échec ; mal tourner ; tomber à l'eau ; ne plus avoir lieu","v"
"1789836295-113","https://www.expressio.fr/toutes-les-expressions","https://www.expressio.fr/toutes-les-expressions/page-3","au bout du rouleau","épuisé ; manquant de ressources physiques ou financières ; à la nage ; au trente-sixième dessous ; aux abois ; dans la dèche ; dans la mouise ; dans la panade ; dans le pétrin ; sur la paille ; dans une situation pénible ; sans argent ni énergie ; à bout de souffle","adv"
"1789836295-114","https://www.expressio.fr/toutes-les-expressions","https://www.expressio.fr/toutes-les-expressions/page-3","se porter comme un charme","très bien se porter ; être en parfaite santé ; se porter comme le Pont-Neuf","v"
"1789836295-115","https://www.expressio.fr/toutes-les-expressions","https://www.expressio.fr/toutes-les-expressions/page-3","dans un fauteuil","très facilement ; sans effort ; très aisé ; sans peine","adv"
"1789836295-116","https://www.expressio.fr/toutes-les-expressions","https://www.expressio.fr/toutes-les-expressions/page-3","miroir aux alouettes","leurre ; piège ; dispositif trompeur ; poudre aux yeux ; tromperie ; fumée et miroirs ; chose séduisante mais trompeuse","n"
"1789836295-117","https://www.expressio.fr/toutes-les-expressions","https://www.expressio.fr/toutes-les-expressions/page-3","découvrir le pot aux roses","découvrir le secret ; dévoiler le mystère ; déceler une réalité bien cachée ; percer le secret ; mettre au jour le secret ; mettre au jour quelque chose qui était intentionnellement caché, par honte ou par crainte de représailles","v"
"1789836295-118","https://www.expressio.fr/toutes-les-expressions","https://www.expressio.fr/toutes-les-expressions/page-3","Gros-Jean comme devant","ne pas être plus avancé ; avoir eu un espoir important et être déçu","exp"
"1789836295-119","https://www.expressio.fr/toutes-les-expressions","https://www.expressio.fr/toutes-les-expressions/page-3","mener une vie de bâton de chaise","avoir une vie désordonnée ; avoir une vie agitée ; vivre une vie de plaisirs et de débauche ; vivre de façon déréglée ; mener une vie de patachon","v"
"1789836295-120","https://www.expressio.fr/toutes-les-expressions","https://www.expressio.fr/toutes-les-expressions/page-3","rester le bec dans l'eau","être déçu après avoir espéré quelque chose ; ne pas obtenir ce qu'on attendait ; être Gros-Jean comme devant","v"
"1789836295-121","https://www.expressio.fr/toutes-les-expressions","https://www.expressio.fr/toutes-les-expressions/page-3","devoir une fière chandelle","avoir une grande dette de reconnaissance envers quelqu'un","v"
"1789836295-122","https://www.expressio.fr/toutes-les-expressions","https://www.expressio.fr/toutes-les-expressions/page-3","ca fait la rue Michel","le compte y est ; ça suffit ; c'est assez","exp"
"1789836295-123","https://www.expressio.fr/toutes-les-expressions","https://www.expressio.fr/toutes-les-expressions/page-3","avoir les yeux plus gros que le ventre","ne pas être capable de manger tout ce qu'on a demandé à se faire servir ; avoir plus d'appétit que ce qu'on peut ingurgiter ; voir trop grand ; exagérer ses capacités ; avoir plus de désir que de capacités ; prévoir plus que ce que l'on peut accomplir ; avoir les yeux plus grands que la panse","v"
"1789836295-124","https://www.expressio.fr/toutes-les-expressions","https://www.expressio.fr/toutes-les-expressions/page-3","à la queue leu leu","en file indienne ; l'un derrière l'autre ; comme des loups en marche","adv"
"1789836295-125","https://www.expressio.fr/toutes-les-expressions","https://www.expressio.fr/toutes-les-expressions/page-3","au pied de la lettre","à la lettre ; littéralement ; dans le sens strict des mots ; en n'en faisant aucune interprétation ; scrupuleusement ; au premier degré ; sans chercher à comprendre ; au sens strict ; au sens littéral du terme","adv"
"1789836295-126","https://www.expressio.fr/toutes-les-expressions","https://www.expressio.fr/toutes-les-expressions/page-3","mettre la charrue avant les boeufs","faire les choses à l'envers ou dans le désordre ; aller trop vite en besogne ; vouloir faire des choses trop vite et donc dans le désordre ; ne pas suivre l'ordre des choses et avancer inconvenablement quelques démarches","v"
"1789836295-127","https://www.expressio.fr/toutes-les-expressions","https://www.expressio.fr/toutes-les-expressions/page-3","avoir un poil dans la main","être très paresseux ; avoir les côtes en long ; être flanc-mou ; être fainéant","v"
"1789836295-128","https://www.expressio.fr/toutes-les-expressions","https://www.expressio.fr/toutes-les-expressions/page-3","passer comme une lettre à la poste","passer très facilement ; passer sans incident ; passer naturellement ; traverser sans difficulté ; faire une action sans que les problèmes attendus ne surviennent","v"
"1789836295-129","https://www.expressio.fr/toutes-les-expressions","https://www.expressio.fr/toutes-les-expressions/page-3","battre son plein","arriver à son moment le plus intense ; être à son point de plus grande activité ; culminer ; être au plus haut ; être à son point culminant ; arriver à son plus haut point d'activité","v"
"1789836295-130","https://www.expressio.fr/toutes-les-expressions","https://www.expressio.fr/toutes-les-expressions/page-3","apporter de l'eau à son moulin","donner des arguments à un interlocuteur au cours d'un débat pour renforcer sa propre position ; fournir des arguments permettant d'étayer une opinion","v"
"1789836295-131","https://www.expressio.fr/toutes-les-expressions","https://www.expressio.fr/toutes-les-expressions/page-3","il y a péril en la demeure","il y a des risques à rester sans agir ; il y a des risques à ne pas trouver une solution à un problème","exp"
"1789836295-132","https://www.expressio.fr/toutes-les-expressions","https://www.expressio.fr/toutes-les-expressions/page-3","mi-figue mi-raisin","d'un air à la fois satisfait et mécontent ; d'un air à la fois sérieux et en plaisantant ; en demi-teinte ; ni excellent ni déplorable ; plaisant d'un côté mais désagréable de l'autre ; mitigé ; qui affiche deux attitudes opposées","adj"
"1789836295-133","https://www.expressio.fr/toutes-les-expressions","https://www.expressio.fr/toutes-les-expressions/page-3","comme on fait son lit, on se couche","il faut assumer les conséquences de ses actes ; on ne récolte que ce qu’on sème ; le succès dépend des moyens qu'on se donne pour réussir ; qui sème le vent récolte la tempête","exp"
"1789836295-134","https://www.expressio.fr/toutes-les-expressions","https://www.expressio.fr/toutes-les-expressions/page-3","bâtir des châteaux en Espagne","faire des projets irréalisables ; se repaître de chimères ; se faire des accroires ; avoir des rêves ou des projets irréalistes","v"
"1789836295-135","https://www.expressio.fr/toutes-les-expressions","https://www.expressio.fr/toutes-les-expressions/page-3","à bonne école","dans un milieu capable de bien instruire ; avec des personnes capables de bien former ; dans un milieu instructif ; dans un milieu formateur","adv"
"1789836295-136","https://www.expressio.fr/toutes-les-expressions","https://www.expressio.fr/toutes-les-expressions/page-3","pédé comme un phoque","complètement homosexuel ; pédé comme un Grec","adj"
"1789836295-137","https://www.expressio.fr/toutes-les-expressions","https://www.expressio.fr/toutes-les-expressions/page-3","vingt-deux !","attention !","exp"
"1789836295-138","https://www.expressio.fr/toutes-les-expressions","https://www.expressio.fr/toutes-les-expressions/page-3","cercle vicieux","situation compliquée dangereuse et inextricable ; mauvaise situation qui s'empire continuellement ; piège ; cycle infernal","n"
"1789836295-139","https://www.expressio.fr/toutes-les-expressions","https://www.expressio.fr/toutes-les-expressions/page-3","en avoir sa claque","en avoir assez ; ne plus rien pouvoir supporter ; être fatigué ; être excédé","v"
"1789836295-140","https://www.expressio.fr/toutes-les-expressions","https://www.expressio.fr/toutes-les-expressions/page-3","péter plus haut que son cul","agir prétentieusement ; viser une situation trop élevée pour ses compétences ; se croire le premier moutardier du pape ; être prétentieux ; être trop prétentieux ; se croire très important","v"
"1789836295-141","https://www.expressio.fr/toutes-les-expressions","https://www.expressio.fr/toutes-les-expressions/page-3","à tombeau ouvert","très vite ; à une vitesse folle ; à bride abattue ; à franc étrier ; dar-et-dar ; sur les chapeaux de roues ; à vitesse dangereuse","adv"
"1789836295-142","https://www.expressio.fr/toutes-les-expressions","https://www.expressio.fr/toutes-les-expressions/page-3","bête comme chou","très facile à faire ; simple à comprendre ; enfantin ; con comme la lune ; simple comme bonjour","adj"
"1789836295-143","https://www.expressio.fr/toutes-les-expressions","https://www.expressio.fr/toutes-les-expressions/page-3","mettre le feu aux poudres","déclencher des réactions violentes ou des sentiments violents ; aggraver une situation ; provoquer une ambiance festive ; exciter ; faire éclater un conflit qui était latent ; déclencher quelque chose de potentiellement explosif ou dangereux","v"
"1789836295-144","https://www.expressio.fr/toutes-les-expressions","https://www.expressio.fr/toutes-les-expressions/page-3","la goutte d'eau qui fait déborder le vase","le petit détail supplémentaire qui rend une situation intolérable ou insupportable et qui provoque parfois une réaction violente","n"
"1789836295-145","https://www.expressio.fr/toutes-les-expressions","https://www.expressio.fr/toutes-les-expressions/page-3","se croire sorti de la cuisse de Jupiter","se prendre pour quelqu'un de remarquable ; se croire exceptionnel ; être imbu de soi-même ; se croire le premier moutardier du pape","v"
"1789836295-146","https://www.expressio.fr/toutes-les-expressions","https://www.expressio.fr/toutes-les-expressions/page-3","comme un coq en pâte","qui mène une existence confortable et douillette ; bien soigné ; ayant toutes ses aises ; ayant tout à satiété ; choyé ; dorloté","adv"
"1789836295-147","https://www.expressio.fr/toutes-les-expressions","https://www.expressio.fr/toutes-les-expressions/page-3","contre mauvaise fortune bon coeur","ne pas se laisser décourager par les difficultés ; savoir se contenter de ce qu'on peut avoir ; ne pas trop en vouloir ; accepter un compromis ; continuer malgré les difficultés ; ne pas se décourager ; prendre du bon côté les désagréments qu'on subit","exp"
"1789836295-148","https://www.expressio.fr/toutes-les-expressions","https://www.expressio.fr/toutes-les-expressions/page-3","tirer des plans sur la comète","faire des projets sur des hypothèses peu vraisemblables ou vérifiables ; compter les étoiles ; projeter des choses irréalistes ; faire des projets audacieux ; faire des projets chimériques ; faire des projets sans fondements solides","v"
"1789836295-149","https://www.expressio.fr/toutes-les-expressions","https://www.expressio.fr/toutes-les-expressions/page-3","être sur la touche","ne pas être dans le coup ; rester sur la touche ; être tenu à l'écart d'une affaire ; être exclu","v"
"1789836295-150","https://www.expressio.fr/toutes-les-expressions","https://www.expressio.fr/toutes-les-expressions/page-3","s'ennuyer comme un rat mort","s'ennuyer vraiment beaucoup","v"
"1789836302-151","https://www.expressio.fr/toutes-les-expressions","https://www.expressio.fr/toutes-les-expressions/page-4","la femme de César ne doit pas être soupçonnée","les personnalités officielles doivent être innocentées ; les institutions doivent être à l'abri des accusations","exp"
"1789836302-152","https://www.expressio.fr/toutes-les-expressions","https://www.expressio.fr/toutes-les-expressions/page-4","avoir le feu au cul","avoir le feu au derrière ; avoir le feu aux fesses ; être très pressé ; filer très vite ; avoir des besoins sexuels intenses ; être en chaleur","v"
"1789836302-153","https://www.expressio.fr/toutes-les-expressions","https://www.expressio.fr/toutes-les-expressions/page-4","valoir son pesant d'or","être d'une grande valeur ; être d'un grand intérêt ; avoir beaucoup de mérite","v"
"1789836302-154","https://www.expressio.fr/toutes-les-expressions","https://www.expressio.fr/toutes-les-expressions/page-4","à tire-larigot","en grande quantité ; énormément ; excessivement ; à la pelle ; à gogo ; beaucoup ; en abondance","adv"
"1789836302-155","https://www.expressio.fr/toutes-les-expressions","https://www.expressio.fr/toutes-les-expressions/page-4","semaine des quatre jeudis","jamais ; aux calendes grecques ; à la Saint-Glinglin ; quelque chose d'impossible ; quand les poules auront des dents ; quelque chose qui n'arrivera jamais","adv"
"1789836302-156","https://www.expressio.fr/toutes-les-expressions","https://www.expressio.fr/toutes-les-expressions/page-4","une main de fer dans un gant de velours","une autorité ferme sous une apparence douce ; ferme mais diplomate ; grande fermeté sous une douce apparence","exp"
"1789836302-157","https://www.expressio.fr/toutes-les-expressions","https://www.expressio.fr/toutes-les-expressions/page-4","faire du plat","draguer","v"
"1789836302-158","https://www.expressio.fr/toutes-les-expressions","https://www.expressio.fr/toutes-les-expressions/page-4","la gueule enfarinée","en montrant une confiance naïve d'obtenir à coup sûr ce qu'on est venu chercher ; mal réveillé ; n'ayant pas les yeux en face des trous","n"
"1789836302-159","https://www.expressio.fr/toutes-les-expressions","https://www.expressio.fr/toutes-les-expressions/page-4","filer un mauvais coton","dépérir ; avoir la santé qui se dégrade ; faire de mauvaises affaires ; mener une vie déréglée ne menant à rien ; se dévergonder","v"
"1789836302-160","https://www.expressio.fr/toutes-les-expressions","https://www.expressio.fr/toutes-les-expressions/page-4","on ne peut être à la fois au four et au moulin","ne pas pouvoir être partout à la fois ; ne pas pouvoir faire plusieurs choses en même temps","exp"
"1789836302-161","https://www.expressio.fr/toutes-les-expressions","https://www.expressio.fr/toutes-les-expressions/page-4","peau de balle","rien ; nada ; en aucune façon","n"
"1789836302-162","https://www.expressio.fr/toutes-les-expressions","https://www.expressio.fr/toutes-les-expressions/page-4","copains comme cochons","amis comme cochons ; très amis ; liés par une grande amitié ; proches comme cul et chemise ; camarades comme cochons ; amis comme larrons en foire","exp"
"1789836302-163","https://www.expressio.fr/toutes-les-expressions","https://www.expressio.fr/toutes-les-expressions/page-4","comme cul et chemise","des personnes très liées ou complices ; larrons en foire ; copain comme cochon","adj"
"1789836302-164","https://www.expressio.fr/toutes-les-expressions","https://www.expressio.fr/toutes-les-expressions/page-4","tirer les marrons du feu","entreprendre quelque chose de risqué ou dangereux pour le profit de quelqu'un d'autre ; tirer avantage d'une situation pour soi-même ; tirer profit d'une situation donnée ; entreprendre une action difficile et risquée, pour le seul profit d'autrui ; se donner de la peine pour le seul profit d'autrui ; être celui qui tire profit de la situation","v"
"1789836302-165","https://www.expressio.fr/toutes-les-expressions","https://www.expressio.fr/toutes-les-expressions/page-4","ne pas être sorti de l'auberge","ne pas en avoir fini avec les difficultés ou les ennuis ; ne pas être tiré d'affaires ; ne pas être hors d'ennui ; ne pas avoir le cul sorti des ronces","v"
"1789836302-166","https://www.expressio.fr/toutes-les-expressions","https://www.expressio.fr/toutes-les-expressions/page-4","clouer le bec","réduire quelqu'un au silence ; faire taire quelqu'un ; couper le sifflet ; rabattre le caquet ; faire taire ; river son clou","v"
"1789836302-167","https://www.expressio.fr/toutes-les-expressions","https://www.expressio.fr/toutes-les-expressions/page-4","être dans le coaltar","être à demi-inconscient ou hébété ; être dans le brouillard ; somnoler","v"
"1789836302-168","https://www.expressio.fr/toutes-les-expressions","https://www.expressio.fr/toutes-les-expressions/page-4","donner sa langue au chat","renoncer à trouver ou à deviner une solution ; se reconnaître incapable de trouver la solution à un problème ; s'avouer dans l'impossibilité de trouver la solution ; renoncer à découvrir la clef d'une énigme ; renouncer à découvrir la clef d'une charade ; renoncer à essayer de deviner quelque chose ; avouer son ignorance","v"
"1789836302-169","https://www.expressio.fr/toutes-les-expressions","https://www.expressio.fr/toutes-les-expressions/page-4","panier à salade","voiture de police destinée à transporter des prévenus ou des prisonniers ; fourgon de police","n"
"1789836302-170","https://www.expressio.fr/toutes-les-expressions","https://www.expressio.fr/toutes-les-expressions/page-4","apporter des oranges","aller visiter en prison ou à l'hôpital","v"
"1789836302-171","https://www.expressio.fr/toutes-les-expressions","https://www.expressio.fr/toutes-les-expressions/page-4","bouteille à l'encre","situation embrouillée ; situation peu claire ; problème insoluble ; affaire compliquée","n"
"1789836302-172","https://www.expressio.fr/toutes-les-expressions","https://www.expressio.fr/toutes-les-expressions/page-4","le jeu n'en vaut pas la chandelle","cela n'en vaut pas la peine ; cela ne justifie pas les frais envisagés ou les problèmes qui vont en découler","v"
"1789836302-173","https://www.expressio.fr/toutes-les-expressions","https://www.expressio.fr/toutes-les-expressions/page-4","minute papillon !","pas trop vite ! ; prenez votre temps ! ; je ne suis pas d'accord !","exp"
"1789836302-174","https://www.expressio.fr/toutes-les-expressions","https://www.expressio.fr/toutes-les-expressions/page-4","le café du pauvre","l'acte sexuel","exp"
"1789836302-175","https://www.expressio.fr/toutes-les-expressions","https://www.expressio.fr/toutes-les-expressions/page-4","manger sur le pouce","manger rapidement ; manger avec un lance-pierre ; manger très vite ; manger hâtivement","v"
"1789836302-176","https://www.expressio.fr/toutes-les-expressions","https://www.expressio.fr/toutes-les-expressions/page-4","sur le champ","séance tenante ; immédiatement ; aussitôt ; dès maintenant ; instantanément ; à l'instant ; d'emblée ; dans l'immédiat ; au plus vite ; sans délai ; sans retard","adv"
"1789836302-177","https://www.expressio.fr/toutes-les-expressions","https://www.expressio.fr/toutes-les-expressions/page-4","ménager la chèvre et le chou","ménager des intérêts contradictoires ; satisfaire deux personnes aux intérêts opposés ; régler avec adresse deux groupes à opinions contraires ; ménager deux personnes ; deux partis opposés","v"
"1789836302-178","https://www.expressio.fr/toutes-les-expressions","https://www.expressio.fr/toutes-les-expressions/page-4","avoir maille à partir","avoir un différend plus ou moins vif","v"
"1789836302-179","https://www.expressio.fr/toutes-les-expressions","https://www.expressio.fr/toutes-les-expressions/page-4","couler un bronze","déféquer ; chier ; merder ; faire ses besoins","v"
"1789836302-180","https://www.expressio.fr/toutes-les-expressions","https://www.expressio.fr/toutes-les-expressions/page-4","un bouillon d'onze heures","un breuvage empoisonné","n"
"1789836302-181","https://www.expressio.fr/toutes-les-expressions","https://www.expressio.fr/toutes-les-expressions/page-4","ne pas avoir inventé l'eau chaude","ne pas avoir inventé le fil à couper le beurre ; ne pas être très intelligent ; être très naïf ; être borné ; ne pas avoir inventé la poudre ; ne pas être très intelligent, être niais ; être sot","v"
"1789836302-182","https://www.expressio.fr/toutes-les-expressions","https://www.expressio.fr/toutes-les-expressions/page-4","avoir d'autres chats à fouetter","avoir d'autres choses à faire ; avoir d'autres préoccupations ; avoir des problèmes plus graves à débattre ; avoir des préoccupations plus importantes","v"
"1789836302-183","https://www.expressio.fr/toutes-les-expressions","https://www.expressio.fr/toutes-les-expressions/page-4","ne pas bouger d'un iota","ne pas bouger ; ne pas bouger du tout","v"
"1789836302-184","https://www.expressio.fr/toutes-les-expressions","https://www.expressio.fr/toutes-les-expressions/page-4","garder son sang-froid","garder son calme ; garder sa présence d'esprit ; se maîtriser en toutes circonstances ; garder la tête froide ; rester calme ; rester serein ; garder le contrôle en toutes circonstances ; savoir raison garder","v"
"1789836302-185","https://www.expressio.fr/toutes-les-expressions","https://www.expressio.fr/toutes-les-expressions/page-4","compter pour du beurre","ne pas être pris en considération ; être méprisé ; n'avoir aucune importance","v"
"1789836302-186","https://www.expressio.fr/toutes-les-expressions","https://www.expressio.fr/toutes-les-expressions/page-4","marquer d'une pierre blanche","noter une date de manière à s'en souvenir longtemps ; se souvenir d'un événement important pendant longtemps ; signaler une période de temps comme faste et particulièrement mémorable parce qu'un événement heureux ou favorable s'y est produit ; faire date ; compter particulièrement, en parlant d'un événement","v"
"1789836302-187","https://www.expressio.fr/toutes-les-expressions","https://www.expressio.fr/toutes-les-expressions/page-4","aller se faire voir chez les grecs","se faire brutalement répudier ; se faire éconduire désagréablement ; aller se faire voir ; se faire renvoyer brutalement","v"
"1789836302-188","https://www.expressio.fr/toutes-les-expressions","https://www.expressio.fr/toutes-les-expressions/page-4","remettre les pendules à l'heure","se mettre d'accord sur une base de discussion pour pouvoir avancer ; rétablir la vérité ; rétablir des bonnes bases de départ ; mettre les choses au clair ; mettre les choses au point","v"
"1789836302-189","https://www.expressio.fr/toutes-les-expressions","https://www.expressio.fr/toutes-les-expressions/page-4","tenir la chandelle","servir de tiers complaisant dans une relation amoureuse ; faire l'entremetteur ; être seul avec un couple trop occupé ; être la cinquième roue du carrosse ; être seul au milieu d'un couple ; servir de tiers complaisant dans un rendez-amoureux ; servir d'entremetteur plus ou moins complaisant ; assister à des ébats amoureux en en étant exclu ; se sentir de trop dans une situation","v"
"1789836302-190","https://www.expressio.fr/toutes-les-expressions","https://www.expressio.fr/toutes-les-expressions/page-4","cinquième roue du carrosse","une personne qui ne sert pas à grand-chose ; troisième roue ; celui qui porte chandelle ; quelqu'un de trop","n"
"1789836302-191","https://www.expressio.fr/toutes-les-expressions","https://www.expressio.fr/toutes-les-expressions/page-4","renvoyer aux calendes grecques","retarder ; remettre aux calendes grecques ; remettre à une date qui n'existe pas ; reporter inlassablement quelque chose ; reporter à la Saint-Glinglin ; reporter à la semaine aux quatre jeudis ; remettre ça à quand les poules auront des dents ; ajourner à une date indeterminée ; reporter à une date qui n'existe pas","v"
"1789836302-192","https://www.expressio.fr/toutes-les-expressions","https://www.expressio.fr/toutes-les-expressions/page-4","au temps pour moi","admettre avoir commis une erreur ; s'excuser de s'être trompé ; autant pour moi","adv"
"1789836302-193","https://www.expressio.fr/toutes-les-expressions","https://www.expressio.fr/toutes-les-expressions/page-4","faire la fine bouche","faire le difficile ; grimacer ; être difficile à contenter ; être difficile sur la nourriture ; faire le difficile face à ce qui est apprécié ordinairement ; se montrer dédaigneux ; être délicat","v"
"1789836302-194","https://www.expressio.fr/toutes-les-expressions","https://www.expressio.fr/toutes-les-expressions/page-4","faire grève","cesser de travailler de manière concertée ; interrompre le travail de manière collective dans le but de faire entendre ses revendications","v"
"1789836302-195","https://www.expressio.fr/toutes-les-expressions","https://www.expressio.fr/toutes-les-expressions/page-4","à voile et à vapeur","bisexuel","adj"
"1789836302-196","https://www.expressio.fr/toutes-les-expressions","https://www.expressio.fr/toutes-les-expressions/page-4","tenir la dragée haute","faire sentir son pouvoir à quelqu'un ; faire longtemps attendre quelqu'un et ne lui procurer qu'une petite quantité de ce qu'il attend","v"
"1789836302-197","https://www.expressio.fr/toutes-les-expressions","https://www.expressio.fr/toutes-les-expressions/page-4","jeter le bébé avec l'eau du bain","perdre de vue l'essentiel ; se débarrasser d'une chose pourtant importante dans le but de l'éliminer avec les ennuis ou contraintes qu'elle implique ; pécher par excès de zèle","v"
"1789836302-198","https://www.expressio.fr/toutes-les-expressions","https://www.expressio.fr/toutes-les-expressions/page-4","jeter le manche après la cognée","abandonner ; renoncer par découragement","v"
"1789836302-199","https://www.expressio.fr/toutes-les-expressions","https://www.expressio.fr/toutes-les-expressions/page-4","faire le jacques","faire l'imbécile","v"
"1789836302-200","https://www.expressio.fr/toutes-les-expressions","https://www.expressio.fr/toutes-les-expressions/page-4","faire long feu","traîner en longueur ; ne pas produire l'effet attendu ; échouer ; ne pas réussir ; manquer son but ; ne pas partir ; en parlant d'une arme à feu ; durer longtemps ; durer plus que prévu","v"
"1789836307-201","https://www.expressio.fr/toutes-les-expressions","https://www.expressio.fr/toutes-les-expressions/page-5","mettre la puce à l'oreille","avoir la puce à l'oreille ; éveiller l'attention ; éveiller la méfiance ; éveiller les soupçons ; donner des indices pour la découverte de quelque chose ; avoir l'attention éveillée ; se douter de quelque chose ou se méfier de quelqu'un","v"
"1789836307-202","https://www.expressio.fr/toutes-les-expressions","https://www.expressio.fr/toutes-les-expressions/page-5","être droit dans ses bottes","se tenir droit dans ses bottes ; en gardant une attitude ferme et déterminée ; en ayant la conscience tranquille ; être fidèle à ses principes","v"
"1789836307-203","https://www.expressio.fr/toutes-les-expressions","https://www.expressio.fr/toutes-les-expressions/page-5","chercher une aiguille dans une botte de foin","chercher une chose presque introuvable ; vouloir réaliser une chose extrêmement difficile","v"
"1789836307-204","https://www.expressio.fr/toutes-les-expressions","https://www.expressio.fr/toutes-les-expressions/page-5","le marchand de sable est passé","les enfants ont sommeil, il est l'heure de les coucher ; il est l'heure de dormir pour les enfants","exp"
"1789836307-205","https://www.expressio.fr/toutes-les-expressions","https://www.expressio.fr/toutes-les-expressions/page-5","avoir bon dos","supporter injustement la responsabilité d'une faute ; être le responsable idéal ; se voir attribuer des charges ; supporter abusivement des torts","v"
"1789836307-206","https://www.expressio.fr/toutes-les-expressions","https://www.expressio.fr/toutes-les-expressions/page-5","faut pas pousser mémé dans les orties !","il ne faut pas exagérer ; on ne doit pas abuser ; il ne faut pas dépasser les limites ; il ne faut pas avoir un comportement asocial avec quelqu'un","exp"
"1789836307-207","https://www.expressio.fr/toutes-les-expressions","https://www.expressio.fr/toutes-les-expressions/page-5","ce n'est pas de la petite bière","c'est une chose importante ; ce n'est pas le premier venu ; ce n'est pas n'importe quoi ; ce n'est pas de la gnognote","exp"
"1789836307-208","https://www.expressio.fr/toutes-les-expressions","https://www.expressio.fr/toutes-les-expressions/page-5","se faire appeler Arthur","se faire gronder ; se faire réprimander ; se faire enguirlander ; se faire tirer les oreilles ; se faire remonter les bretelles","v"
"1789836307-209","https://www.expressio.fr/toutes-les-expressions","https://www.expressio.fr/toutes-les-expressions/page-5","à la mords-moi le noeud","peu sérieux ; mal fait ; sur lequel on ne peut pas compter ; à la graisse de hérisson ; à la flan ; au rabais ; à l'arrache ; de bazar ; de bouts de ficelle ; de peu de valeur ; de deuxième catégorie ; peu intéressant","adj"
"1789836307-210","https://www.expressio.fr/toutes-les-expressions","https://www.expressio.fr/toutes-les-expressions/page-5","faire ses ablutions","faire sa toilette","v"
"1789836307-211","https://www.expressio.fr/toutes-les-expressions","https://www.expressio.fr/toutes-les-expressions/page-5","avoir les dents du fond qui baignent","être soûl ; avoir envie de vomir ; avoir beaucoup trop mangé ; avoir mangé ou bu excessivement ; avoir trop mangé et être pris de nausées ; être sur le point de vomir","v"
"1789836307-212","https://www.expressio.fr/toutes-les-expressions","https://www.expressio.fr/toutes-les-expressions/page-5","ne pas payer de mine","avoir une apparence minable ; avoir un aspect peu engageant ; ne pas inspirer confiance ; valoir mieux que son apparence","v"
"1789836307-213","https://www.expressio.fr/toutes-les-expressions","https://www.expressio.fr/toutes-les-expressions/page-5","montrer patte blanche","donner une autorisation pour pouvoir entrer dans un lieu ou participer à une assemblée ; présenter des justificatifs ; donner un signe de reconnaissance pour être autorisé à entrer dans un lieu ; donner la preuve que l'on appartient à un groupe ou est digne d'yappartenir ; prouver son identité ; être recommandable","v"
"1789836307-214","https://www.expressio.fr/toutes-les-expressions","https://www.expressio.fr/toutes-les-expressions/page-5","mettre en coupes réglées","dominer ; exploiter","v"
"1789836307-215","https://www.expressio.fr/toutes-les-expressions","https://www.expressio.fr/toutes-les-expressions/page-5","éclairer la lanterne de","dire le détail nécessaire pour être compris ; apporter les éléments nécessaires à la compréhension ; aider à comprendre ; en dire plus à","v"
"1789836307-216","https://www.expressio.fr/toutes-les-expressions","https://www.expressio.fr/toutes-les-expressions/page-5","ne pas se trouver sous le pas d'un cheval","être rare ; très difficile à trouver","v"
"1789836307-217","https://www.expressio.fr/toutes-les-expressions","https://www.expressio.fr/toutes-les-expressions/page-5","victoire à la Pyrrhus","une victoire chèrement acquise au résultat peu réjouissant ; victoire trop cher payée dont le coût est trop élevé pour s'en réjouir","n"
"1789836307-218","https://www.expressio.fr/toutes-les-expressions","https://www.expressio.fr/toutes-les-expressions/page-5","se mettre en quatre","faire tout son possible ; déployer des efforts importants ; se dévouer au maximum ; se décarcasser ; se dépenser ; se donner à fond","v"
"1789836307-219","https://www.expressio.fr/toutes-les-expressions","https://www.expressio.fr/toutes-les-expressions/page-5","ce n'est pas la mer à boire","ce n'est pas si compliqué ; ce n'est pas la fin du monde ; c'est faisable","exp"
"1789836307-220","https://www.expressio.fr/toutes-les-expressions","https://www.expressio.fr/toutes-les-expressions/page-5","brûler la chandelle par les deux bouts","gaspiller ; dépenser de toutes les façons possibles ; vivre sa vie de manière très intense ; ne pas se préoccuper des risques ; se dépenser à fond ; se fatiguer excessivement","v"
"1789836307-221","https://www.expressio.fr/toutes-les-expressions","https://www.expressio.fr/toutes-les-expressions/page-5","tête de linotte","étourdi ; cervelle d'oiseau ; crétin ; espèce d'idiot ; distrait ; personne sans mémoire","n"
"1789836307-222","https://www.expressio.fr/toutes-les-expressions","https://www.expressio.fr/toutes-les-expressions/page-5","roupie de sansonnet","chose insignifiante ; bagatelle ; quantité presque nulle ; gnognote ; rien ; trois fois rien","n"
"1789836307-223","https://www.expressio.fr/toutes-les-expressions","https://www.expressio.fr/toutes-les-expressions/page-5","s'en moquer comme de l'an quarante","s'en moquer ; s'en désintéresser complètement ; accorder très peu d'importance ; ne pas être intéressé ; ne pas porter beaucoup de crédit","v"
"1789836307-224","https://www.expressio.fr/toutes-les-expressions","https://www.expressio.fr/toutes-les-expressions/page-5","jouer la belle","jouer la manche supplémentaire qui permet de désigner le vainqueur d'une partie lorsqu'il y a égalité ; aimer flirter","v"
"1789836307-225","https://www.expressio.fr/toutes-les-expressions","https://www.expressio.fr/toutes-les-expressions/page-5","à tout bout de champ","à chaque fois ; à tout instant ; à chaque instant ; sans cesse ; sans arrêt ; de façon ininterrompue ; tout le temps","adv"
"1789836307-226","https://www.expressio.fr/toutes-les-expressions","https://www.expressio.fr/toutes-les-expressions/page-5","la course à l'échalote","une compétition où tous les moyens sont bons pour arriver le premier ; une compétition parfois immature où tout est bon pour être premier","exp"
"1789836307-227","https://www.expressio.fr/toutes-les-expressions","https://www.expressio.fr/toutes-les-expressions/page-5","le haut du pavé","une situation sociale hiérarchique élevée ; gros bout du bâton ; main haute ; main supérieure ; une situation sociale élevée ; meilleure main ; de la haute société","n"
"1789836307-228","https://www.expressio.fr/toutes-les-expressions","https://www.expressio.fr/toutes-les-expressions/page-5","coiffer Sainte-Catherine","arriver à l'âge de vingt-cinq ans en n'étant pas mariée en tant que femme","v"
"1789836307-229","https://www.expressio.fr/toutes-les-expressions","https://www.expressio.fr/toutes-les-expressions/page-5","voir midi à sa porte","juger quelque chose ou une situation selon son propre point de vue ; apprécier les choses à sa manière ; considérer en fonction de ses intérêts propres ; faire passer ses intérêts avant tout","v"
"1789836307-230","https://www.expressio.fr/toutes-les-expressions","https://www.expressio.fr/toutes-les-expressions/page-5","est-ce que je te demande si ta grand-mère fait du vélo ?","je ne t'ai rien demandé ! ; mêle-toi de tes affaires !","exp"
"1789836307-231","https://www.expressio.fr/toutes-les-expressions","https://www.expressio.fr/toutes-les-expressions/page-5","qui dort dîne","le sommeil fait oublier la faim ; le sommeil tient lieu de nourriture ; dormir permet d'oublier sa faim","exp"
"1789836307-232","https://www.expressio.fr/toutes-les-expressions","https://www.expressio.fr/toutes-les-expressions/page-5","épée de Damoclès","péril imminent et constant ; danger qui plane sur quelqu'un","n"
"1789836307-233","https://www.expressio.fr/toutes-les-expressions","https://www.expressio.fr/toutes-les-expressions/page-5","il fait un temps de curé","la mer est très calme ; il fait un temps superbe ; le temps est magnifique","exp"
"1789836307-234","https://www.expressio.fr/toutes-les-expressions","https://www.expressio.fr/toutes-les-expressions/page-5","treize à la douzaine","un grand nombre ; beaucoup","exp"
"1789836307-235","https://www.expressio.fr/toutes-les-expressions","https://www.expressio.fr/toutes-les-expressions/page-5","chercher midi à quatorze heures","compliquer inutilement une chose très simple ; faire d'une chose simple quelque chose de compliqué ; chercher un problème là où il n'y en a aucun ; chercher quelque chose à sa mauvaise place","v"
"1789836307-236","https://www.expressio.fr/toutes-les-expressions","https://www.expressio.fr/toutes-les-expressions/page-5","se mettre martel en tête","se faire du souci ; se laisser obséder par une inquiétude ; se faire un sang d'encre ; mourir d'inquiétude","v"
"1789836307-237","https://www.expressio.fr/toutes-les-expressions","https://www.expressio.fr/toutes-les-expressions/page-5","c'est de la daube","c'est un objet ou un spectacle de mauvaise qualité ; bon à jeter","exp"
"1789836307-238","https://www.expressio.fr/toutes-les-expressions","https://www.expressio.fr/toutes-les-expressions/page-5","être sous la coupe de","être sous la dépendance ou l'influence de quelqu'un ; être sous l'emprise de ; être sous la dépendance de","v"
"1789836307-239","https://www.expressio.fr/toutes-les-expressions","https://www.expressio.fr/toutes-les-expressions/page-5","un nom à coucher dehors","un nom très difficile à prononcer ; un nom difficile à prononcer ou à retenir","n"
"1789836307-240","https://www.expressio.fr/toutes-les-expressions","https://www.expressio.fr/toutes-les-expressions/page-5","rire comme une baleine","rire très fort ; rire à gorge déployée ; rire aux éclats ; rire la bouche grande ouverte","v"
"1789836307-241","https://www.expressio.fr/toutes-les-expressions","https://www.expressio.fr/toutes-les-expressions/page-5","avoir du chien","avoir un charme un peu canaille ; avoir du sex-appeal ; être attirante ; avoir quelque chose qui retient l'attention ; impressionner par son apparence ; être séduisante ; avoir un charme provoquant ; avoir de l’originalité ; avoir de l’ardeur","v"
"1789836307-242","https://www.expressio.fr/toutes-les-expressions","https://www.expressio.fr/toutes-les-expressions/page-5","la montagne accouche d'une souris","le résultat est extrêmement décevant","exp"
"1789836307-243","https://www.expressio.fr/toutes-les-expressions","https://www.expressio.fr/toutes-les-expressions/page-5","porter des cornes","être cocu ; avoir des cornes ; être trompé par son époux ou son épouse","v"
"1789836307-244","https://www.expressio.fr/toutes-les-expressions","https://www.expressio.fr/toutes-les-expressions/page-5","faire l'âne pour avoir du son","faire le naïf pour obtenir quelque chose ; faire l'imbécile pour obtenir ce que l'on souhaite","v"
"1789836307-245","https://www.expressio.fr/toutes-les-expressions","https://www.expressio.fr/toutes-les-expressions/page-5","tirer ses grègues","s'enfuir rapidement","v"
"1789836307-246","https://www.expressio.fr/toutes-les-expressions","https://www.expressio.fr/toutes-les-expressions/page-5","avoir du foin dans ses bottes","accumuler beaucoup d'argent ; être riche ; être à son aise","v"
"1789836307-247","https://www.expressio.fr/toutes-les-expressions","https://www.expressio.fr/toutes-les-expressions/page-5","en voiture, Simone !","allons-y ! ; il est temps de commencer une action !","exp"
"1789836307-248","https://www.expressio.fr/toutes-les-expressions","https://www.expressio.fr/toutes-les-expressions/page-5","dès potron-minet","dès l'aube ; dès le petit matin ; dès les premières lueurs du jour ; de bon matin ; au saut du lit","adv"
"1789836307-249","https://www.expressio.fr/toutes-les-expressions","https://www.expressio.fr/toutes-les-expressions/page-5","aller à vau-l'eau","aller à sa perte ; péricliter ; partir en vrille ; aller dans le mur","v"
"1789836307-250","https://www.expressio.fr/toutes-les-expressions","https://www.expressio.fr/toutes-les-expressions/page-5","avoir les boules","être très énervé ; en avoir assez ; avoir peur ; avoir le seum ; être très effrayé ; être excédé ; être écoeuré ; être en colère ; avoir la honte","v"
"1789836313-251","https://www.expressio.fr/toutes-les-expressions","https://www.expressio.fr/toutes-les-expressions/page-6","l'avoir dans le baba","se faire avoir ; rater quelque chose ; subir un échec ; l'avoir dans le cul","v"
"1789836313-252","https://www.expressio.fr/toutes-les-expressions","https://www.expressio.fr/toutes-les-expressions/page-6","tirer un coup","baiser ; s'envoyer en l'air ; envoyer en l'air ; niquer ; coucher ensemble ; copuler ; enculer ; coucher ; avoir un orgasme","v"
"1789836313-253","https://www.expressio.fr/toutes-les-expressions","https://www.expressio.fr/toutes-les-expressions/page-6","il ne faut pas prendre les enfants du bon dieu pour des canards sauvages !","il ne faut pas prendre les gens pour des imbéciles ; il ne faut pas se moquer des gens","exp"
"1789836313-254","https://www.expressio.fr/toutes-les-expressions","https://www.expressio.fr/toutes-les-expressions/page-6","trier sur le volet","choisir précautionneusement ; sélectionner avec soin ; garder seulement le meilleur ; choisir très soigneusement","v"
"1789836313-255","https://www.expressio.fr/toutes-les-expressions","https://www.expressio.fr/toutes-les-expressions/page-6","famille tuyau de poêle","famille qui pratique des relations sexuelles entre ses membres ; famille nombreuse peu instruite issue de milieu défavorisé ; famille dans laquelle se commet l’inceste","exp"
"1789836313-256","https://www.expressio.fr/toutes-les-expressions","https://www.expressio.fr/toutes-les-expressions/page-6","finir en queue de poisson","finir brutalement ; terminer de manière décevante ; ne pas obtenir les résultats attendus ; tourner court","v"
"1789836313-257","https://www.expressio.fr/toutes-les-expressions","https://www.expressio.fr/toutes-les-expressions/page-6","pierre qui roule n'amasse pas mousse","une vie aventureuse ne permet pas d'amasser des biens","exp"
"1789836313-258","https://www.expressio.fr/toutes-les-expressions","https://www.expressio.fr/toutes-les-expressions/page-6","payer rubis sur l'ongle","payer comptant ; payer exactement et avec rigueur","v"
"1789836313-259","https://www.expressio.fr/toutes-les-expressions","https://www.expressio.fr/toutes-les-expressions/page-6","c'est bath !","c'est du joli ! ; c'est beau ! ; c'est joli !","exp"
"1789836313-260","https://www.expressio.fr/toutes-les-expressions","https://www.expressio.fr/toutes-les-expressions/page-6","il est ballot","il est niais ; c'est un imbécile ; il est borné ; quel maladroit ; il est peu dégourdi","exp"
"1789836313-261","https://www.expressio.fr/toutes-les-expressions","https://www.expressio.fr/toutes-les-expressions/page-6","avoir du pain sur la planche","avoir beaucoup de travail ; avoir de nombreuses tâches à accomplir ; avoir beaucoup de choses à faire ; avoir beaucoup de travail en perspective ; avoir du travail en réserve ; avoir de quoi s’occuper","v"
"1789836313-262","https://www.expressio.fr/toutes-les-expressions","https://www.expressio.fr/toutes-les-expressions/page-6","au diable Vauvert","extrêmement loin ; dans une destination lointaine et incertaine ; à Kerpipiche ; à Perpète-les-Oies ; à Pétaouchnok ; à Trifouilly-les-Oies ; perpète-les-Olivettes ; un lieu très éloigné ; un lieu excessivement loin","adv"
"1789836313-263","https://www.expressio.fr/toutes-les-expressions","https://www.expressio.fr/toutes-les-expressions/page-6","avoir le cafard","avoir des idées noires ; être déprimé ; déprimer ; ne pas être dans son assiette ; broyer du noir","v"
"1789836313-264","https://www.expressio.fr/toutes-les-expressions","https://www.expressio.fr/toutes-les-expressions/page-6","tirer le diable par la queue","vivre avec des ressources insuffisantes ; avoir des difficultés à subvenir à ses besoins ; être fauché ; vivre au jour le jour ; vivre dans la précarité ; vivre dans le besoin ; vivre avec très peu de ressources ; vivre dans le dénuement ; ne pas parvenir à joindre les deux bouts","v"
"1789836313-265","https://www.expressio.fr/toutes-les-expressions","https://www.expressio.fr/toutes-les-expressions/page-6","haut le pied","avec facilité ; sans effort ; en courant ; circulant seule","exp"
"1789836313-266","https://www.expressio.fr/toutes-les-expressions","https://www.expressio.fr/toutes-les-expressions/page-6","en écraser","dormir profondément ; roupiller","v"
"1789836313-267","https://www.expressio.fr/toutes-les-expressions","https://www.expressio.fr/toutes-les-expressions/page-6","sabrer le champagne","boire une bouteille de champagne pour fêter un joyeux évènement ; ouvrir une bouteille de champagne avec un sabre","v"
"1789836313-268","https://www.expressio.fr/toutes-les-expressions","https://www.expressio.fr/toutes-les-expressions/page-6","dans de beaux draps","dans le pétrin ; dans la panade ; dans la mouise ; dans de sales draps ; dans une très mauvaise situation ; dans une position dangereuse ; dans une mauvaise posture ; en danger ; mal barré","adv"
"1789836313-269","https://www.expressio.fr/toutes-les-expressions","https://www.expressio.fr/toutes-les-expressions/page-6","avoir la science infuse","savoir sans avoir appris ; prétendre tout savoir ; prétendre connaître tout sur n’importe quel sujet ; être omniscient ; être présomptueux et savant sans avoir étudié","v"
"1789836313-270","https://www.expressio.fr/toutes-les-expressions","https://www.expressio.fr/toutes-les-expressions/page-6","coller aux basques","se cramponner ; suivre quelqu'un de très près ; ne pas le lâcher d'une semelle ; suivre de très près ; coller aux escarpins","v"
"1789836313-271","https://www.expressio.fr/toutes-les-expressions","https://www.expressio.fr/toutes-les-expressions/page-6","avoir un compas dans l'oeil","savoir apprécier correctement des distances ; être très précis ; être tranquille ; apprécier avec exactitude","v"
"1789836313-272","https://www.expressio.fr/toutes-les-expressions","https://www.expressio.fr/toutes-les-expressions/page-6","dormir sur ses deux oreilles","dormir profondément ; dormir en toute sécurité ; n'avoir aucun souci à se faire ; ne pas s'inquiéter ; dormir en toute quiétude ; être parfaitement tranquille ; dormir ou demeurer sans inquiétude","v"
"1789836313-273","https://www.expressio.fr/toutes-les-expressions","https://www.expressio.fr/toutes-les-expressions/page-6","avoir l'estomac dans les talons","avoir très faim ; avoir une faim de loup ; mourir de faim ; avoir la dalle ; crever la dalle","v"
"1789836313-274","https://www.expressio.fr/toutes-les-expressions","https://www.expressio.fr/toutes-les-expressions/page-6","toucher du bois","conjurer le mauvais sort ; croiser les doigts","v"
"1789836313-275","https://www.expressio.fr/toutes-les-expressions","https://www.expressio.fr/toutes-les-expressions/page-6","ouvrir la boîte de Pandore","causer beaucoup de catastrophes, malgré les apparences","v"
"1789836313-276","https://www.expressio.fr/toutes-les-expressions","https://www.expressio.fr/toutes-les-expressions/page-6","vieux comme le monde","très ancien ; très vieux ; vieux comme mes robes ; qui est très vieux ; dont l'origine est très ancienne","adj"
"1789836313-277","https://www.expressio.fr/toutes-les-expressions","https://www.expressio.fr/toutes-les-expressions/page-6","as de pique","personne à l'apparence bizarre ; personne mal habillée ; mal habillé","adj"
"1789836313-278","https://www.expressio.fr/toutes-les-expressions","https://www.expressio.fr/toutes-les-expressions/page-6","à vue de nez","au pifomètre ; au pif ; approximativement ; au jugé ; à l'estime ; au doigt mouillé ; à première vue ; à peu près","adv"
"1789836313-279","https://www.expressio.fr/toutes-les-expressions","https://www.expressio.fr/toutes-les-expressions/page-6","bec et ongles","de toutes ses forces ; sans ménagement ; avec vigueur ; avec la plus grande énergie ; avec acharnement","v"
"1789836313-280","https://www.expressio.fr/toutes-les-expressions","https://www.expressio.fr/toutes-les-expressions/page-6","battre la campagne","déraisonner ; divaguer ; délirer ; parcourir le terrain de chasse dans tous les sens pour faire lever le gibier ; parcourir de grandes étendues à la recherche de quelque chose ou quelqu'un ; extravaguer","v"
"1789836313-281","https://www.expressio.fr/toutes-les-expressions","https://www.expressio.fr/toutes-les-expressions/page-6","faire le gros dos","se ramasser sur soi-même pour se protéger ; prendre une attitude résignée pour laisser passer un moment désagréable ; ignorer une situation pour se protéger ; relever le dos en bosse en signe de colère ou de plaisir ; céder ; se résigner à ce qui arrive de fâcheux","v"
"1789836313-282","https://www.expressio.fr/toutes-les-expressions","https://www.expressio.fr/toutes-les-expressions/page-6","la petite mort","l'orgasme ; l'éjaculation","n"
"1789836313-283","https://www.expressio.fr/toutes-les-expressions","https://www.expressio.fr/toutes-les-expressions/page-6","chaud lapin","homme très porté sur les plaisirs sexuels ; coureur de jupons ; matou ; tombeur ; cavaleur ; coureur de filles","n"
"1789836313-284","https://www.expressio.fr/toutes-les-expressions","https://www.expressio.fr/toutes-les-expressions/page-6","pousser comme un champignon","se développer vite ; croître rapidement ; se développer rapidement ; grandir très vite","v"
"1789836313-285","https://www.expressio.fr/toutes-les-expressions","https://www.expressio.fr/toutes-les-expressions/page-6","se saigner aux quatre veines","se priver ; se donner beaucoup de mal ; se priver de tout pour autrui ; se priver en sacrifiant son bien-être pour le profit de quelqu'un de cher","v"
"1789836313-286","https://www.expressio.fr/toutes-les-expressions","https://www.expressio.fr/toutes-les-expressions/page-6","crier comme un putois","protester de manière criarde ; rouspéter en criant ; crier très fort","v"
"1789836313-287","https://www.expressio.fr/toutes-les-expressions","https://www.expressio.fr/toutes-les-expressions/page-6","les carottes sont cuites","tout est perdu ; il n'y a plus aucun espoir ; les allemands arrivent ; il n'y a plus rien à faire ; c'est trop tard ; il n'y a plus rien à faire pour empêcher un événement ; la situation est irrémédiablement compromise","exp"
"1789836313-288","https://www.expressio.fr/toutes-les-expressions","https://www.expressio.fr/toutes-les-expressions/page-6","demain, on rase gratis !","faire des promesses que l'on ne tient pas","exp"
"1789836313-289","https://www.expressio.fr/toutes-les-expressions","https://www.expressio.fr/toutes-les-expressions/page-6","à gogo","abondamment ; à profusion ; à volonté ; autant qu'on le souhaite ; en abondance ; sans restriction ; ad libitum ; en veux-tu en voilà ; autant qu'on le désire ; à foison","adv"
"1789836313-290","https://www.expressio.fr/toutes-les-expressions","https://www.expressio.fr/toutes-les-expressions/page-6","il y a belle lurette","il y a bien longtemps ; il y a une éternité ; il y a des lustres ; il y a des siècles","adv"
"1789836313-291","https://www.expressio.fr/toutes-les-expressions","https://www.expressio.fr/toutes-les-expressions/page-6","avoir voix au chapitre","être consulté ; avoir le droit d'exprimer une opinion ; pouvoir participer à une délibération ; avoir de l'influence ; avoir autorité pour se mêler d'une affaire","v"
"1789836313-292","https://www.expressio.fr/toutes-les-expressions","https://www.expressio.fr/toutes-les-expressions/page-6","avoir pignon sur rue","avoir une maison à soi ; avoir une certaine notoriété ; disposer d'un commerce reconnu ; posséder des biens immeubles importants ; être fortuné ; avoir une boutique ; avoir un commerce répandu, accessible à tout le monde ; avoir une situation confortable et connue ; être reconnu dans la rue","v"
"1789836313-293","https://www.expressio.fr/toutes-les-expressions","https://www.expressio.fr/toutes-les-expressions/page-6","avoir les portugaises ensablées","entendre mal ou pas bien du tout ; ne pas bien entendre ; être un peu sourd ; être malentendant ou complétement sourd","v"
"1789836313-294","https://www.expressio.fr/toutes-les-expressions","https://www.expressio.fr/toutes-les-expressions/page-6","mordre la poussière","ramasser un gadin ; casser sa pipe ; être jeté à terre au cours d'un combat ; être vaincu ; être jeté à terre ; perdre ; tomber dans une lutte ; tomber à terre ; subir un revers ; subir une défaite","v"
"1789836313-295","https://www.expressio.fr/toutes-les-expressions","https://www.expressio.fr/toutes-les-expressions/page-6","vider son sac","dire tout ce qu'on pense ; dire tout ce qu'on a sur le coeur ; dire ce qu'on a sur le coeur sans ménagement","v"
"1789836313-296","https://www.expressio.fr/toutes-les-expressions","https://www.expressio.fr/toutes-les-expressions/page-6","passer du coq à l'âne","passer brutalement d'un sujet à un autre sans transition ni liaison ; tenir des propos incohérents","v"
"1789836313-297","https://www.expressio.fr/toutes-les-expressions","https://www.expressio.fr/toutes-les-expressions/page-6","mettre sa main au feu","être sûr de quelque chose ; affirmer fermement quelque chose ; affirmer ses propos avec ferveur ; assurer que la chose est ainsi","v"
"1789836313-298","https://www.expressio.fr/toutes-les-expressions","https://www.expressio.fr/toutes-les-expressions/page-6","en deux coups de cuiller à pot","très rapidement ; sans difficulté apparente ; en deux temps trois mouvements ; en moins de deux ; en ni une ni deux","exp"
"1789836313-299","https://www.expressio.fr/toutes-les-expressions","https://www.expressio.fr/toutes-les-expressions/page-6","tronche de cake","nigaud ; empoté ; minou ; imbécile ; désigne un individu stupide","n"
"1789836313-300","https://www.expressio.fr/toutes-les-expressions","https://www.expressio.fr/toutes-les-expressions/page-6","l'argent n'a pas d'odeur","l'argent conserve sa valeur, peu importe son origine ; l'argent malhonnêtement gagné ne trahit pas son origine ; peu importe d'où provient l'argent, l'essentiel est d'en avoir ; l'argent reçu d'une activité, aussi peu noble soit elle, n'en est pas moins de l'argent ; tout argent est bon à prendre, quelle que soit sa provenance","exp"
"1789836318-301","https://www.expressio.fr/toutes-les-expressions","https://www.expressio.fr/toutes-les-expressions/page-7","en rester comme deux ronds de flan","être stupéfait ; être ébahi ; être surpris ; être étonné","v"
"1789836318-302","https://www.expressio.fr/toutes-les-expressions","https://www.expressio.fr/toutes-les-expressions/page-7","s'en battre l'oeil","s'en tamponner le coquillard ; s'en moquer complètement","v"
"1789836318-303","https://www.expressio.fr/toutes-les-expressions","https://www.expressio.fr/toutes-les-expressions/page-7","bon vent !","bon voyage ; bonne route ; au revoir ; va-t'en ! ; casse-toi !","exp"
"1789836318-304","https://www.expressio.fr/toutes-les-expressions","https://www.expressio.fr/toutes-les-expressions/page-7","vogue la galère !","arrive ce qui pourra ! ; advienne que pourra ! ; laisser faire le cours des choses","exp"
"1789836318-305","https://www.expressio.fr/toutes-les-expressions","https://www.expressio.fr/toutes-les-expressions/page-7","histoire à dormir debout","histoire incroyable ; scénario absurde ; récit invraisemblable ; propos illogique ; histoire invraisemblable à laquelle il n'est pas raisonnable de croire ; histoire sans queue ni tête ; histoire fantaisiste ; conte de fées ; invention ; histoire abracadabrante","n"
"1789836318-306","https://www.expressio.fr/toutes-les-expressions","https://www.expressio.fr/toutes-les-expressions/page-7","avoir la tête près du bonnet","se mettre facilement en colère ; avoir la mèche courte ; être soupe au lait","v"
"1789836318-307","https://www.expressio.fr/toutes-les-expressions","https://www.expressio.fr/toutes-les-expressions/page-7","faire devenir chèvre","faire enrager ; faire tourner bourrique ; faire tourner chèvre ; rendre chèvre","v"
"1789836318-308","https://www.expressio.fr/toutes-les-expressions","https://www.expressio.fr/toutes-les-expressions/page-7","tirer les vers du nez","réussir adroitement à faire parler quelqu'un ; arracher les mots de la bouche ; faire dire ce que l'on veut savoir ; faire avouer ; faire parler quelqu'un en le questionnant habilement ; faire parler ; obtenir de quelqu'un une information qu'il ne savait pas donner tout seul ; amener quelqu'un à dire ce qu'on veut savoir, en le questionnant adroitement","v"
"1789836318-309","https://www.expressio.fr/toutes-les-expressions","https://www.expressio.fr/toutes-les-expressions/page-7","larmes de crocodile","larmes feintes destinées à émouvoir et tromper l'entourage ; tristesse de façade ; regrets hypocrites ; larmes simulées ; pleure hypocrite ; larmes hypocrites par lesquelles on cherche à émouvoir quelqu'un pour le tromper","n"
"1789836318-310","https://www.expressio.fr/toutes-les-expressions","https://www.expressio.fr/toutes-les-expressions/page-7","dépouiller le vieil homme","tuer le vieil homme ; se débarrasser de ses mauvaises habitudes ; changer radicalement de vie","v"
"1789836318-311","https://www.expressio.fr/toutes-les-expressions","https://www.expressio.fr/toutes-les-expressions/page-7","avoir une faim de loup","avoir très faim ; avoir la dalle ; avoir faim ; avoir un très gros appétit, être très affamé","v"
"1789836318-312","https://www.expressio.fr/toutes-les-expressions","https://www.expressio.fr/toutes-les-expressions/page-7","c'est fort de café !","c'est exagéré ; c'est excessif ; c'est insupportable","exp"
"1789836318-313","https://www.expressio.fr/toutes-les-expressions","https://www.expressio.fr/toutes-les-expressions/page-7","être à côté de la plaque","répondre à côté de la question ; se tromper complètement ; manquer son but de loin ; mettre à côté de la plaque ; être totalement hors sujet","adv"
"1789836318-314","https://www.expressio.fr/toutes-les-expressions","https://www.expressio.fr/toutes-les-expressions/page-7","c'est plus fort que de jouer au bouchon","c'est incroyable ; c'est très surprenant ; c'est extraordinaire ; impressionnant !","exp"
"1789836318-315","https://www.expressio.fr/toutes-les-expressions","https://www.expressio.fr/toutes-les-expressions/page-7","que dalle","rien du tout ; rien","n"
"1789836318-316","https://www.expressio.fr/toutes-les-expressions","https://www.expressio.fr/toutes-les-expressions/page-7","tomber de Charybde en Scylla","n'échapper à un danger que pour se frotter à un autre encore plus grave ; de pis en pis ; en tentant d'éviter un mal, tomber dans un autre encore plus grand ; aller de mal en pis ; échapper à un mal pour inévitablement retomber dans un autre pire","v"
"1789836318-317","https://www.expressio.fr/toutes-les-expressions","https://www.expressio.fr/toutes-les-expressions/page-7","poisson d'avril","plaisanterie faite uniquement le 1er avril ; canular du 1er avril ; farce que l'on fait le premier avril ; poisson que l'on colle sur le dos de quelqu'un le premier avril","n"
"1789836318-318","https://www.expressio.fr/toutes-les-expressions","https://www.expressio.fr/toutes-les-expressions/page-7","ce n'est pas une sinécure","ce n'est pas une situation de tout repos ; ce n'est pas quelque chose de simple ; ce n'est pas une mince affaire","exp"
"1789836318-319","https://www.expressio.fr/toutes-les-expressions","https://www.expressio.fr/toutes-les-expressions/page-7","être en panne","arrêté dans une activité ; un fonctionnement interrompu par faute de moyen ; défectueux ; endommagé ; cassé ; défaillant ; rompu ; en dérangement","v"
"1789836318-320","https://www.expressio.fr/toutes-les-expressions","https://www.expressio.fr/toutes-les-expressions/page-7","temps de chien","un très mauvais temps ; un temps de merde ; temps pourri ; mauvais temps ; mauvais climat","n"
"1789836318-321","https://www.expressio.fr/toutes-les-expressions","https://www.expressio.fr/toutes-les-expressions/page-7","avoir les jetons","avoir peur ; avoir la chienne ; avoir la frousse ; avoir les chocottes ; manquer d'audace ; avoir les quételles ; être effrayé par quelque chose ou par quelqu’un","v"
"1789836318-322","https://www.expressio.fr/toutes-les-expressions","https://www.expressio.fr/toutes-les-expressions/page-7","un pavé dans la mare","quelque chose qui trouble une situation sans histoire ; un évènement qui fait scandale ; une péripétie qui dérange une situation bien tranquille ; qui vient troubler une situation tranquille","exp"
"1789836318-323","https://www.expressio.fr/toutes-les-expressions","https://www.expressio.fr/toutes-les-expressions/page-7","avoir la tête dans le cul","être très mal réveillé ; ne pas se sentir bien ; se sentir mal un lendemain de soirée ; faire preuve d'une fatigue extrême ; être mal réveillé à cause d'abus d'alcool","v"
"1789836318-324","https://www.expressio.fr/toutes-les-expressions","https://www.expressio.fr/toutes-les-expressions/page-7","cela va faire du bruit dans Landerneau","c'est une affaire qui va faire beaucoup de bruit ; c'est un petit fait qui va provoquer beaucoup de commérages","exp"
"1789836318-325","https://www.expressio.fr/toutes-les-expressions","https://www.expressio.fr/toutes-les-expressions/page-7","ça fait des lustres","il y a bien longtemps ; il y a une éternité ; il y a des lustres ; il y a des siècles","adv"
"1789836318-326","https://www.expressio.fr/toutes-les-expressions","https://www.expressio.fr/toutes-les-expressions/page-7","à l'article de la mort","à l'agonie ; près de mourir ; frôlé la mort ; à deux doigts de la mort ; près de la mort ; au moment de l'agonie ; agonisant","adv"
"1789836318-327","https://www.expressio.fr/toutes-les-expressions","https://www.expressio.fr/toutes-les-expressions/page-7","ça fait un bail","ça fait longtemps ; cela fait très lontemps","adv"
"1789836318-328","https://www.expressio.fr/toutes-les-expressions","https://www.expressio.fr/toutes-les-expressions/page-7","mettre du beurre dans les épinards","améliorer ses conditions de vie ; gagner plus d'argent ; améliorer sa situation financière ; agrandir ses revenus","v"
"1789836318-329","https://www.expressio.fr/toutes-les-expressions","https://www.expressio.fr/toutes-les-expressions/page-7","ok","d'accord ; eh bien ; vas-y ; c'est vrai","adv"
"1789836318-330","https://www.expressio.fr/toutes-les-expressions","https://www.expressio.fr/toutes-les-expressions/page-7","se cogner le petit juif","se cogner le nerf ulnaire","v"
"1789836318-331","https://www.expressio.fr/toutes-les-expressions","https://www.expressio.fr/toutes-les-expressions/page-7","vendre la mèche","trahir un secret ; cracher le morceau ; se mettre à table ; tout balancer ; vider son sac ; dénoncer un complot ; dévoiler une combinaison","v"
"1789836318-332","https://www.expressio.fr/toutes-les-expressions","https://www.expressio.fr/toutes-les-expressions/page-7","république bananière","une république peu démocratique ; un état corrompu ; un gouvernement où règne la corruption ; état dont l'économie repose sur l'exportation d'un seul produit ; état dont les dirigeants sont corrompus ; régime politique corrompu avec une monoculture de produit d'exportation contrôlée par une oligarchie ; régime politique fortement corrompu","n"
"1789836318-333","https://www.expressio.fr/toutes-les-expressions","https://www.expressio.fr/toutes-les-expressions/page-7","la croix et la bannière","de grandes complications ; de grandes difficultés ; tout le cérémonial possible ; beaucoup de formalités","n"
"1789836318-334","https://www.expressio.fr/toutes-les-expressions","https://www.expressio.fr/toutes-les-expressions/page-7","être au taquet","avoir atteint une limite infranchissable ; être au maximum ; se donner à fond","v"
"1789836318-335","https://www.expressio.fr/toutes-les-expressions","https://www.expressio.fr/toutes-les-expressions/page-7","courir comme un dératé","courir très vite ; courir rapidement ; courir comme un lièvre","v"
"1789836318-336","https://www.expressio.fr/toutes-les-expressions","https://www.expressio.fr/toutes-les-expressions/page-7","avoir du cul","avoir de la chatte ; avoir de la chance ; être veinard ; avoir une chance de cocu ; avoir de la moule ; avoir beaucoup de chance","v"
"1789836318-337","https://www.expressio.fr/toutes-les-expressions","https://www.expressio.fr/toutes-les-expressions/page-7","à hue et à dia","dans des directions opposées ; de manière contradictoire ; de façon désordonnée ; de façon incohérente ; en tout sens ; de manière désordonnée","adv"
"1789836318-338","https://www.expressio.fr/toutes-les-expressions","https://www.expressio.fr/toutes-les-expressions/page-7","avoir le bourdon","être triste ; être mélancolique ; ne pas avoir le moral ; avoir des idées noires ; avoir le spleen ; s'attrister ; se déprimer","v"
"1789836318-339","https://www.expressio.fr/toutes-les-expressions","https://www.expressio.fr/toutes-les-expressions/page-7","oeil pour oeil, dent pour dent","loi du talion ; le coupable doit subir le même dommage que celui qu'il a fait subir à sa victime ; un prêté pour un rendu","exp"
"1789836318-340","https://www.expressio.fr/toutes-les-expressions","https://www.expressio.fr/toutes-les-expressions/page-7","mettre en boîte","se moquer de la naïveté de quelqu'un ; énerver quelqu'un ; chiner ; se moquer de quelqu'un ; taquiner quelqu'un","v"
"1789836318-341","https://www.expressio.fr/toutes-les-expressions","https://www.expressio.fr/toutes-les-expressions/page-7","un baroud d'honneur","un combat desespéré ; un ultime acte désespéré pour sauver l'honneur","n"
"1789836318-342","https://www.expressio.fr/toutes-les-expressions","https://www.expressio.fr/toutes-les-expressions/page-7","à vos souhaits !","dieu vous bénisse ; à vos amours","exp"
"1789836318-343","https://www.expressio.fr/toutes-les-expressions","https://www.expressio.fr/toutes-les-expressions/page-7","couper les cheveux en quatre","pinailler ; détailler à l'excès ; être trop tatillon ou méticuleux ; se focaliser sur des détails mineurs ; faire des arguties ; ratiociner ; ergoter","v"
"1789836318-344","https://www.expressio.fr/toutes-les-expressions","https://www.expressio.fr/toutes-les-expressions/page-7","danser devant le buffet","n'avoir rien à manger ; ne pas avoir de nourriture","v"
"1789836318-345","https://www.expressio.fr/toutes-les-expressions","https://www.expressio.fr/toutes-les-expressions/page-7","voir Naples et mourir","accomplir un désir souhaité si ardemment qu'après la vie perd tout son sens ; réaliser un souhait ultime","v"
"1789836318-346","https://www.expressio.fr/toutes-les-expressions","https://www.expressio.fr/toutes-les-expressions/page-7","oeil de lynx","avoir une excellent vue ; avoir le regard perçant ; y voir clair dans le comportement des autres","n"
"1789836318-347","https://www.expressio.fr/toutes-les-expressions","https://www.expressio.fr/toutes-les-expressions/page-7","tirer son épingle du jeu","se dégager adroitement d'une situation délicate ; se retirer à temps d'une affaire qui devient mauvaise sans y perdre d'argent ; obtenir des bénéfices d'une situation mal engagée ; se dégager habilement d'une situation délicate ; se dégager adroitement d'une situation difficile","v"
"1789836318-348","https://www.expressio.fr/toutes-les-expressions","https://www.expressio.fr/toutes-les-expressions/page-7","aller au charbon","travailler pour gagner sa vie ; accepter de faire un travail pénible ; partir travailler ; devoir faire le plus difficile ; aller faire le plus gros d'un travail","v"
"1789836318-349","https://www.expressio.fr/toutes-les-expressions","https://www.expressio.fr/toutes-les-expressions/page-7","sur les chapeaux de roues","à grande vitesse ; avec précipitation ; au quart de tour ; en fanfare ; pied au plancher ; plein pot ; à fond les ballons ; à tombeau ouvert ; à tout berzingue ; à toute allure","adv"
"1789836318-350","https://www.expressio.fr/toutes-les-expressions","https://www.expressio.fr/toutes-les-expressions/page-7","se rincer l'oeil","assister à une scène érotique ; regarder discrètement et avec plaisir une situation érotique ; regarder avec plaisir une femme nue","v"
"1789836324-351","https://www.expressio.fr/toutes-les-expressions","https://www.expressio.fr/toutes-les-expressions/page-8","bon an, mal an","en moyenne ; selon les années","adv"
"1789836324-352","https://www.expressio.fr/toutes-les-expressions","https://www.expressio.fr/toutes-les-expressions/page-8","être aux pièces","être pressé ; ne pas avoir tout son temps","v"
"1789836324-353","https://www.expressio.fr/toutes-les-expressions","https://www.expressio.fr/toutes-les-expressions/page-8","un appétit d'oiseau","manger comme un moineau ; manger très peu ; un tout petit appétit","n"
"1789836324-354","https://www.expressio.fr/toutes-les-expressions","https://www.expressio.fr/toutes-les-expressions/page-8","prendre ses jambes à son cou","courir très vite ; s'enfuir ; se sauver le plus rapidement possible ; partir ; s'enfuir précipitamment","v"
"1789836324-355","https://www.expressio.fr/toutes-les-expressions","https://www.expressio.fr/toutes-les-expressions/page-8","trois pelés et un tondu","trois pelés deux tondus ; quasiment personne ; très peu de monde à une assemblée ; une assistance peu nombreuse ; presque personne","exp"
"1789836324-356","https://www.expressio.fr/toutes-les-expressions","https://www.expressio.fr/toutes-les-expressions/page-8","tête de turc","bouc émissaire ; personne en butte aux sarcasmes ; personne réticente aux plaisanteries douteuses ; souffre-douleur","n"
"1789836324-357","https://www.expressio.fr/toutes-les-expressions","https://www.expressio.fr/toutes-les-expressions/page-8","y'a pas de lézard !","y'a pas de problème ! ; tout va bien ! ; y'a pas de malentendu !","exp"
"1789836324-358","https://www.expressio.fr/toutes-les-expressions","https://www.expressio.fr/toutes-les-expressions/page-8","allô","bonjour","adv"
"1789836324-359","https://www.expressio.fr/toutes-les-expressions","https://www.expressio.fr/toutes-les-expressions/page-8","vouer aux gémonies","trainer aux gémonies ; accabler quelqu'un ; faire de violentes reproches ; humilier publiquement ; livrer quelqu'un au mépris public ; couvrir de honte ; condamner publiquement ; souhaiter le pire à quelqu'un ; outrager publiquement ; accabler de mépris ; condamner","v"
"1789836324-360","https://www.expressio.fr/toutes-les-expressions","https://www.expressio.fr/toutes-les-expressions/page-8","casser du sucre sur le dos","dire du mal d'une personne en son absence ; critiquer une personne en son absence","v"
"1789836324-361","https://www.expressio.fr/toutes-les-expressions","https://www.expressio.fr/toutes-les-expressions/page-8","se mettre le doigt dans l'oeil","se tromper grossièrement ; avoir tout faux ; se fourrer le doigt dans l'oeil ; se planter ; se tromper ; se fourvoyer ; s’illusionner ; se tromper complètement","v"
"1789836324-362","https://www.expressio.fr/toutes-les-expressions","https://www.expressio.fr/toutes-les-expressions/page-8","donner de la confiture aux cochons","donner quelque chose à quelqu'un qui ne le mérite pas et qui ne sait pas l'apprécier ; gâcher quelque chose en le donnant à une personne qui n'en ferait pas un bon usage","v"
"1789836324-363","https://www.expressio.fr/toutes-les-expressions","https://www.expressio.fr/toutes-les-expressions/page-8","avoir vu le loup","avoir eu des relations sexuelles pour une jeune fille","v"
"1789836324-364","https://www.expressio.fr/toutes-les-expressions","https://www.expressio.fr/toutes-les-expressions/page-8","se faire remonter les bretelles","se faire rappeler à l'ordre vivement ; se faire appeler Arthur ; se faire réprimander ; subir une vive remontrance ; se faire gronder","v"
"1789836324-365","https://www.expressio.fr/toutes-les-expressions","https://www.expressio.fr/toutes-les-expressions/page-8","avoir un coup de pompe","avoir un brusque accès de fatigue ; avoir un coup de fatigue","v"
"1789836324-366","https://www.expressio.fr/toutes-les-expressions","https://www.expressio.fr/toutes-les-expressions/page-8","un foudre de guerre","une personne forte ; quelqu'un de très compétent ; un objet puissant","n"
"1789836324-367","https://www.expressio.fr/toutes-les-expressions","https://www.expressio.fr/toutes-les-expressions/page-8","mon petit doigt m'a dit que","je soupçonne que ; j'ai des soupçons à propos de","exp"
"1789836324-368","https://www.expressio.fr/toutes-les-expressions","https://www.expressio.fr/toutes-les-expressions/page-8","homme de sac et de corde","personne peu recommandable ; quelqu'un de condamnable ; un malfaiteur ; un truand","n"
"1789836324-369","https://www.expressio.fr/toutes-les-expressions","https://www.expressio.fr/toutes-les-expressions/page-8","avoir à l'oeil","surveiller avec attention ; majorer un danger ;","v"
"1789836324-370","https://www.expressio.fr/toutes-les-expressions","https://www.expressio.fr/toutes-les-expressions/page-8","fil rouge","fil conducteur d'une énigme ; idée directrice qui donne une cohérence à un ensemble disparate ; point de repère qui revient régulièrement dans une discussion ; trame ; fil conducteur","n"
"1789836324-371","https://www.expressio.fr/toutes-les-expressions","https://www.expressio.fr/toutes-les-expressions/page-8","tempête dans un verre d'eau","beaucoup de bruit ou d'agitation pour pas grand chose ; manœuvre osée ; beaucoup d'agitation pour quelque chose de peu d'importance ; agitation exagérée autour d'un sujet qui n'est, somme toute, pas très important, voire insignifiant","n"
"1789836324-372","https://www.expressio.fr/toutes-les-expressions","https://www.expressio.fr/toutes-les-expressions/page-8","bourré comme un coing","complètement soûl ; complètement ivre ; saoul ; avoir trop bu ; très ivre","adj"
"1789836324-373","https://www.expressio.fr/toutes-les-expressions","https://www.expressio.fr/toutes-les-expressions/page-8","avoir quelqu'un dans le nez","ne pas aimer une personne ; ne pas supporter quelqu'un ; avoir de l'aversion pour quelqu'un","v"
"1789836324-374","https://www.expressio.fr/toutes-les-expressions","https://www.expressio.fr/toutes-les-expressions/page-8","une goutte d'eau dans la mer","une effet négligeable","exp"
"1789836324-375","https://www.expressio.fr/toutes-les-expressions","https://www.expressio.fr/toutes-les-expressions/page-8","tranquille comme baptiste","très tranquille ; parfaitement serein ; dégagé de tous soucis ; serein ; calme","exp"
"1789836324-376","https://www.expressio.fr/toutes-les-expressions","https://www.expressio.fr/toutes-les-expressions/page-8","se faire du mouron","s'inquiéter ; se biler ; se tourmenter","v"
"1789836324-377","https://www.expressio.fr/toutes-les-expressions","https://www.expressio.fr/toutes-les-expressions/page-8","marcher à côté de ses pompes","faire n'importe quoi ; être dans un état anormal","v"
"1789836324-378","https://www.expressio.fr/toutes-les-expressions","https://www.expressio.fr/toutes-les-expressions/page-8","être bien luné","être de bonne humeur","v"
"1789836324-379","https://www.expressio.fr/toutes-les-expressions","https://www.expressio.fr/toutes-les-expressions/page-8","chiffe molle","mou comme une chiffe ; une personne sans énergie ; quelqu'un de faible ; un lâche ; personne manquant d'énergie ; paillasson ; facile à convaincre ; laisse faire ; veule ; personne très faible de caractère ; qui ne se sait pas affirmer sa propre volonté","n"
"1789836324-380","https://www.expressio.fr/toutes-les-expressions","https://www.expressio.fr/toutes-les-expressions/page-8","être dans la lune","être distrait ; être perdu dans ses pensées ; bayer ; être rêveur ; perdre le sens des réalités ; demeurer immobile ; être plongé dans ses pensées ; être coupé du monde environnant","adj"
"1789836324-381","https://www.expressio.fr/toutes-les-expressions","https://www.expressio.fr/toutes-les-expressions/page-8","avoir une dent contre quelqu'un","garder une dent contre quelqu'un ; avoir de la rancune ; avoir des griefs envers quelqu'un ; en vouloir à quelqu'un ; éprouver de la rancune à l'égard de quelqu'un ; garder une rancoeur de longue date envers une personne","v"
"1789836324-382","https://www.expressio.fr/toutes-les-expressions","https://www.expressio.fr/toutes-les-expressions/page-8","mine de rien","sans en avoir l'air ; comme si de rien n'était ; d'un air détaché ; avec désinvolture ; sans avoir l'air d'être au courant ; sans se préoccuper des problèmes ; à la surprise générale ; étonnamment","adv"
"1789836324-383","https://www.expressio.fr/toutes-les-expressions","https://www.expressio.fr/toutes-les-expressions/page-8","tenir les cordons du poêle","marcher à côté du cercueil à un enterrement","v"
"1789836324-384","https://www.expressio.fr/toutes-les-expressions","https://www.expressio.fr/toutes-les-expressions/page-8","c'est kif-kif","c'est pareil ; c'est la même chose ; cela revient au même ; c'est équivalent ; kif-kif bourricot ; c'est à peu près pareil","exp"
"1789836324-385","https://www.expressio.fr/toutes-les-expressions","https://www.expressio.fr/toutes-les-expressions/page-8","oeil au beurre noir","coquard ; un oeil entouré d'une ecchymose due à un coup ; un oeil poché ; melanobutyrophtalmie ; contusionné ; oeil blessé par des coups ; oeil qui a reçu un coup et qui laisse apparaître une ecchymose","n"
"1789836324-386","https://www.expressio.fr/toutes-les-expressions","https://www.expressio.fr/toutes-les-expressions/page-8","un chouïa","un peu ; une petite quantité ; tantinet","adv"
"1789836324-387","https://www.expressio.fr/toutes-les-expressions","https://www.expressio.fr/toutes-les-expressions/page-8","donner des noms d'oiseau","injurier ; insulter","v"
"1789836324-388","https://www.expressio.fr/toutes-les-expressions","https://www.expressio.fr/toutes-les-expressions/page-8","à bras raccourcis","en donnant des coups violents ; violemment ; de toutes ses forces","adv"
"1789836324-389","https://www.expressio.fr/toutes-les-expressions","https://www.expressio.fr/toutes-les-expressions/page-8","ne pas se moucher du pied","se croire quelqu'un d'important ; avoir de grandes prétentions ; être prétentieux ; se croire important ; être plein d’outrecuidance","v"
"1789836324-390","https://www.expressio.fr/toutes-les-expressions","https://www.expressio.fr/toutes-les-expressions/page-8","être à la bourre","être pressé ; être en retard","v"
"1789836324-391","https://www.expressio.fr/toutes-les-expressions","https://www.expressio.fr/toutes-les-expressions/page-8","triple buse","benêt ; nigaud ; très idiot ; complètement stupide ; imbécile ; personne très stupide ; gros béta","n"
"1789836324-392","https://www.expressio.fr/toutes-les-expressions","https://www.expressio.fr/toutes-les-expressions/page-8","des grosses ficelles","des procédés grossiers ; un processus très visible","n"
"1789836324-393","https://www.expressio.fr/toutes-les-expressions","https://www.expressio.fr/toutes-les-expressions/page-8","être baba","être stupéfait ; rester sur le cul ; rester baba","v"
"1789836324-394","https://www.expressio.fr/toutes-les-expressions","https://www.expressio.fr/toutes-les-expressions/page-8","l'affaire est dans le sac","le tour est joué ; l'entreprise ne peut pas échouer ; l'affaire va réussir ; le succès est assuré","exp"
"1789836324-395","https://www.expressio.fr/toutes-les-expressions","https://www.expressio.fr/toutes-les-expressions/page-8","la fin des haricots","la fin de tout ; la perte complète d'espoir","n"
"1789836324-396","https://www.expressio.fr/toutes-les-expressions","https://www.expressio.fr/toutes-les-expressions/page-8","se brosser","être obligé de se passer de quelque chose que l'on désire ; se fouiller ; faire tintin ; renoncer ; se laver","v"
"1789836324-397","https://www.expressio.fr/toutes-les-expressions","https://www.expressio.fr/toutes-les-expressions/page-8","cousu de fil blanc","très grossier ; extrêmement prévisible ; très visible ; où la supercherie est vite découverte ; trop apparent pour ne pas être visible ; peu élaboré ; grossier","adj"
"1789836324-398","https://www.expressio.fr/toutes-les-expressions","https://www.expressio.fr/toutes-les-expressions/page-8","pleuvoir comme à Gravelotte","tomber comme à Gravelotte ; pleuvoir très fort ; tomber en grandes quantités ; tomber de manière très rapprochée ; pleuvoir à verse ; pleuvoir fortement","v"
"1789836324-399","https://www.expressio.fr/toutes-les-expressions","https://www.expressio.fr/toutes-les-expressions/page-8","en avoir marre","être excédé ; n'en plus pouvoir ; en avoir assez","adj"
"1789836324-400","https://www.expressio.fr/toutes-les-expressions","https://www.expressio.fr/toutes-les-expressions/page-8","avoir l'esprit de l'escalier","manquer de répartie ; ne pas savoir répliquer sur le moment ; penser après coup à ce qu'on aurait dû répondre ; avoir ses répliques en tête trop tard","v"
"1789836329-401","https://www.expressio.fr/toutes-les-expressions","https://www.expressio.fr/toutes-les-expressions/page-9","l'enfer est pavé de bonnes intentions","les bonnes intentions peuvent conduire aux pires résultats ; la meilleure volonté du monde peut conduire aux pires catastrophes ; la volonté de bien faire aboutit parfois à l'opposé du résultat espéré","exp"
"1789836329-402","https://www.expressio.fr/toutes-les-expressions","https://www.expressio.fr/toutes-les-expressions/page-9","fumer comme un pompier","fumer comme un sapeur ; fumer beaucoup ; fumer comme un Turc ; fumer comme une cheminée","v"
"1789836329-403","https://www.expressio.fr/toutes-les-expressions","https://www.expressio.fr/toutes-les-expressions/page-9","mener en bateau","tromper ; mystifier","v"
"1789836329-404","https://www.expressio.fr/toutes-les-expressions","https://www.expressio.fr/toutes-les-expressions/page-9","bon comme la romaine","extrêmement gentil ; d'une bienveillance extrême ; voué à subir une situation désagréable ; extrêmement aimable ; gentil","exp"
"1789836329-405","https://www.expressio.fr/toutes-les-expressions","https://www.expressio.fr/toutes-les-expressions/page-9","langue de bois","langage coupé de la réalité ; message intentionnellement truqué ; parole qui ne répond pas à la question posée ; manipulation par un message truqué ; discours vague et imprécis qui vise à travestir la réalité","n"
"1789836329-406","https://www.expressio.fr/toutes-les-expressions","https://www.expressio.fr/toutes-les-expressions/page-9","Courir sur le haricot","Importuner, exaspérer.","exp"
"1789836329-407","https://www.expressio.fr/toutes-les-expressions","https://www.expressio.fr/toutes-les-expressions/page-9","par coeur","de mémoire ; sur le bout des doigts ; dedans et en dehors","adj"
"1789836329-408","https://www.expressio.fr/toutes-les-expressions","https://www.expressio.fr/toutes-les-expressions/page-9","se casser la nénette","se fatiguer ; se dépenser ; se décarcasser ; réfléchir profondément ; se faire du souci ; se donner beaucoup de mal","v"
"1789836329-409","https://www.expressio.fr/toutes-les-expressions","https://www.expressio.fr/toutes-les-expressions/page-9","se rincer la dalle","avoir la dalle en pente ; s'abreuver ; boire souvent ; avoir une bonne descente ; boire ; étancher sa soif","v"
"1789836329-410","https://www.expressio.fr/toutes-les-expressions","https://www.expressio.fr/toutes-les-expressions/page-9","jouer à touche-pipi","jouer au docteur ; se toucher les parties génitales ; faire l'amour","v"
"1789836329-411","https://www.expressio.fr/toutes-les-expressions","https://www.expressio.fr/toutes-les-expressions/page-9","le roi n'est pas son cousin","il est plus heureux qu'un roi","exp"
"1789836329-412","https://www.expressio.fr/toutes-les-expressions","https://www.expressio.fr/toutes-les-expressions/page-9","être à l'ouest","être dans un état anormal ; avoir la tête ailleurs ; être plongé dans ses pensées ; ne plus très bien savoir ce que l'on fait","v"
"1789836329-413","https://www.expressio.fr/toutes-les-expressions","https://www.expressio.fr/toutes-les-expressions/page-9","un vent à décorner les boeufs","un vent très violent","n"
"1789836329-414","https://www.expressio.fr/toutes-les-expressions","https://www.expressio.fr/toutes-les-expressions/page-9","con comme un balai","vraiment con ; complètement stupide ; con comme la lune ; con comme ses pieds ; con comme une valise ; con comme une valise sans poignée","adj"
"1789836329-415","https://www.expressio.fr/toutes-les-expressions","https://www.expressio.fr/toutes-les-expressions/page-9","malheureux comme les pierres","extrêmement malheureux","adj"
"1789836329-416","https://www.expressio.fr/toutes-les-expressions","https://www.expressio.fr/toutes-les-expressions/page-9","appel du pied","une invite discrète ; une proposition allusive ; invitation discrète ; allusive ; attirer l'attention d'une personne sur soi ; essai de séduction ; invite","n"
"1789836329-417","https://www.expressio.fr/toutes-les-expressions","https://www.expressio.fr/toutes-les-expressions/page-9","en file indienne","à la queue leu leu ; l'un derrière l'autre ; en se suivant un à un ; à la file","adv"
"1789836329-418","https://www.expressio.fr/toutes-les-expressions","https://www.expressio.fr/toutes-les-expressions/page-9","à la bonne heure !","voilà qui est bien ! ; j'y consens ! ; tant mieux ! ; soit ! ; à votre aise ! ; hourra ! ; c'est pas trop tôt !","exp"
"1789836329-419","https://www.expressio.fr/toutes-les-expressions","https://www.expressio.fr/toutes-les-expressions/page-9","dorer la pilule","bronzer ; présenter sous une apparence trompeuse et trop favorable ; faire accepter une chose désagréable au moyen de paroles aimables ; montrer sous une face trompeuse et trop bénéfique ; présenter de façon séduisante une chose désagréable ; flatter une personne pour la pousser à faire quelque chose ; berner ; duper ; consoler d'un refus par des promesses mielleuses ; se dorer au soleil","v"
"1789836329-420","https://www.expressio.fr/toutes-les-expressions","https://www.expressio.fr/toutes-les-expressions/page-9","lever le lièvre","détecter une difficulté imprévue ; s'apercevoir de quelque chose avant les autres","exp"
"1789836329-421","https://www.expressio.fr/toutes-les-expressions","https://www.expressio.fr/toutes-les-expressions/page-9","il n'y a pas de roses sans épines","toute joie comporte une peine ; aucun plaisir n'est absolu ; toute belle chose cache un défaut","exp"
"1789836329-422","https://www.expressio.fr/toutes-les-expressions","https://www.expressio.fr/toutes-les-expressions/page-9","au fur et à mesure","petit à petit ; en même temps ; au même rythme ; au fil de l'eau ; en même temps et successivement","adv"
"1789836329-423","https://www.expressio.fr/toutes-les-expressions","https://www.expressio.fr/toutes-les-expressions/page-9","tomber enceinte","devenir enceinte","v"
"1789836329-424","https://www.expressio.fr/toutes-les-expressions","https://www.expressio.fr/toutes-les-expressions/page-9","bon sang !","palsambleu ! ; diantre ! ; parbleu !","exp"
"1789836329-425","https://www.expressio.fr/toutes-les-expressions","https://www.expressio.fr/toutes-les-expressions/page-9","rire comme un bossu","rire à gorge déployée ; rire comme une baleine ; rire aux éclats ; rire à gorge déployée ; s'amuser beaucoup ; rire franchement ; rire tout haut ; éclater de rire","exp"
"1789836329-426","https://www.expressio.fr/toutes-les-expressions","https://www.expressio.fr/toutes-les-expressions/page-9","être sur le grill","être dans une situation pénible ; être dans une situation embarrassante ; être très inquiet ; être très impatient","v"
"1789836329-427","https://www.expressio.fr/toutes-les-expressions","https://www.expressio.fr/toutes-les-expressions/page-9","tenir le bon bout","être sur le point de réussir ; avoir l'avantage ; être en train de réussir une mission ; être en train de réussir un parcours ; arriver au terme d'un projet entrepris ; être en bonne position","v"
"1789836329-428","https://www.expressio.fr/toutes-les-expressions","https://www.expressio.fr/toutes-les-expressions/page-9","avoir son content","avoir tout ce que l'on désire ; être comblé","v"
"1789836329-429","https://www.expressio.fr/toutes-les-expressions","https://www.expressio.fr/toutes-les-expressions/page-9","sucrer les fraises","avoir les mains qui tremblent de façon visible ; être agité d'un tremblement nerveux ; être gâteux ; manifester des signes de vieillesse","v"
"1789836329-430","https://www.expressio.fr/toutes-les-expressions","https://www.expressio.fr/toutes-les-expressions/page-9","chat échaudé craint l'eau froide","on craint jusqu'à l'apparence de ce qui fait souffrir ; toute expérience malheureuse doit servir de leçon de prudence","exp"
"1789836329-431","https://www.expressio.fr/toutes-les-expressions","https://www.expressio.fr/toutes-les-expressions/page-9","une réponse de Normand","une réponse ambigüe ; une réponse qui n'est ni oui ni non ; une opinion qui n'est pas tranchée ; réponse incertaine ; réponse peu précise ; ni oui ni non ; réponse évasive ; réponse ambiguë","n"
"1789836329-432","https://www.expressio.fr/toutes-les-expressions","https://www.expressio.fr/toutes-les-expressions/page-9","laisser pisser le mérinos","laisser courir ; laisser aller les choses ; laisser faire sans rien dire","v"
"1789836329-433","https://www.expressio.fr/toutes-les-expressions","https://www.expressio.fr/toutes-les-expressions/page-9","manger de la vache enragée","vivre dans la misère ; mener une vie de dures privations ; avoir une vie matérielle difficile","v"
"1789836329-434","https://www.expressio.fr/toutes-les-expressions","https://www.expressio.fr/toutes-les-expressions/page-9","il n'y a pas un chat","il n'y a absolument personne ; l'endroit est désert ; il n'y a personne","exp"
"1789836329-435","https://www.expressio.fr/toutes-les-expressions","https://www.expressio.fr/toutes-les-expressions/page-9","carte blanche","champ libre ; coudées franches ; libre cours ; libre initiative ; les pleins pouvoirs pour accomplir une tâche ; blanc-seing ; chèque en blanc","n"
"1789836329-436","https://www.expressio.fr/toutes-les-expressions","https://www.expressio.fr/toutes-les-expressions/page-9","prendre la poudre d'escampette","s'enfuir ; prendre ses jambes à son cou ; prendre la fuite ; se sauver à toutes jambes","v"
"1789836329-437","https://www.expressio.fr/toutes-les-expressions","https://www.expressio.fr/toutes-les-expressions/page-9","plier les gaules","terminer une activité ; finir un travail ; terminer un travail ; cesser une activité","v"
"1789836329-438","https://www.expressio.fr/toutes-les-expressions","https://www.expressio.fr/toutes-les-expressions/page-9","la moutarde lui monte au nez","l'impatience l'envahit ; la colère le gagne ; il commence à s'énerver","exp"
"1789836329-439","https://www.expressio.fr/toutes-les-expressions","https://www.expressio.fr/toutes-les-expressions/page-9","ne pas être tombé de la dernière pluie","avoir de l'expérience ; être quelqu'un d'averti ; n'être pas ingénu ; être expérimenté","v"
"1789836329-440","https://www.expressio.fr/toutes-les-expressions","https://www.expressio.fr/toutes-les-expressions/page-9","en faire un pataquès","parler en faisant une liaison vicieuse ; faire une faute grossière de langage ; en faire toute une histoire pour des choses sans importance ; faire toute une histoire de ; s’énerver pour des choses de petite importance","v"
"1789836329-441","https://www.expressio.fr/toutes-les-expressions","https://www.expressio.fr/toutes-les-expressions/page-9","à l'oeil","gratis ; sans payer ; gratuitement ; pour rien ; sans dépenser","adv"
"1789836329-442","https://www.expressio.fr/toutes-les-expressions","https://www.expressio.fr/toutes-les-expressions/page-9","cheville ouvrière","pilier ; pierre angulaire ; pivot ; épine dorsale ; pièce maîtresse ; ossature ; clef de voûte ; colonne vertébrale ; fondement ; personnage principal ; agent essentiel autour duquel s'organise et fonctionne une entreprise","n"
"1789836329-443","https://www.expressio.fr/toutes-les-expressions","https://www.expressio.fr/toutes-les-expressions/page-9","faire faux bond","poser un lapin ; ne pas répondre aux attentes ; manquer à un engagement ; ne pas aller à un rendez-vous ; ne pas se rendre à un rendez-vous ; se dérober ; manquer un rendez-vous","v"
"1789836329-444","https://www.expressio.fr/toutes-les-expressions","https://www.expressio.fr/toutes-les-expressions/page-9","tuer le temps","s'occuper ou se distraire pour échapper à l'ennui ; faire passer le temps ; passer son temps ; tromper son ennui ; s'occuper pour faire passer le temps plus facilement","v"
"1789836329-445","https://www.expressio.fr/toutes-les-expressions","https://www.expressio.fr/toutes-les-expressions/page-9","tuer dans l'oeuf","arrêter quelque chose dès le départ ; étouffer une affaire dès le départ ; étouffer dans l'oeuf ; écraser dans l'oeuf","v"
"1789836329-446","https://www.expressio.fr/toutes-les-expressions","https://www.expressio.fr/toutes-les-expressions/page-9","tour d'ivoire","retraite ; refuge ; tanière ; position indépendante et solitaire de celui qui refuse de se compromettre ; isolement pour éviter des contacts et engagements","n"
"1789836329-447","https://www.expressio.fr/toutes-les-expressions","https://www.expressio.fr/toutes-les-expressions/page-9","sur le tas","sur le terrain ; sur le lieu du travail ; par la pratique ; de façon expérimentale ou empirique","adv"
"1789836329-448","https://www.expressio.fr/toutes-les-expressions","https://www.expressio.fr/toutes-les-expressions/page-9","être dans les choux","échouer ; perdre ; être dans une mauvaise situation ; être dans l'embarras ; être le dernier d'un classement","v"
"1789836329-449","https://www.expressio.fr/toutes-les-expressions","https://www.expressio.fr/toutes-les-expressions/page-9","les boeuf-carottes","la police des polices ; inspection générale","n"
"1789836329-450","https://www.expressio.fr/toutes-les-expressions","https://www.expressio.fr/toutes-les-expressions/page-9","avoir les coudées franches","avoir une entière liberté d'action ; avoir la liberté du mouvement des bras, des coudes ; n’être pas contraint ni gêné dans ce qu’on veut faire","v"
"1789836335-451","https://www.expressio.fr/toutes-les-expressions","https://www.expressio.fr/toutes-les-expressions/page-10","il faut tourner sept fois sa langue dans sa bouche avant de parler","il faut réfléchir avant de parler ; il faut réfléchir minutieusement avant de s'exprimer","exp"
"1789836335-452","https://www.expressio.fr/toutes-les-expressions","https://www.expressio.fr/toutes-les-expressions/page-10","avoir les côtes en long","être paresseux ; avoir un poil dans la main","v"
"1789836335-453","https://www.expressio.fr/toutes-les-expressions","https://www.expressio.fr/toutes-les-expressions/page-10","fleur bleue","sentimental ; naïf ; cucul la praline ; sensible ; très sentimental ; naïvement romantique ; naïf et rêveur","adj"
"1789836335-454","https://www.expressio.fr/toutes-les-expressions","https://www.expressio.fr/toutes-les-expressions/page-10","les anglais ont débarqué","avoir ses règles","exp"
"1789836335-455","https://www.expressio.fr/toutes-les-expressions","https://www.expressio.fr/toutes-les-expressions/page-10","être aux anges","être très heureux ; être ravi ; être dans l'extase ; être très content ; être au comble du bonheur ; être extasié","v"
"1789836335-456","https://www.expressio.fr/toutes-les-expressions","https://www.expressio.fr/toutes-les-expressions/page-10","de concert","en concertation ; en collaboration ; ensemble ; en harmonie ; avec le même but","adv"
"1789836335-457","https://www.expressio.fr/toutes-les-expressions","https://www.expressio.fr/toutes-les-expressions/page-10","arrête ton char !","tais-toi ! ; n'exagère pas ! ; cesse de raconter n'importe quoi !","exp"
"1789836335-458","https://www.expressio.fr/toutes-les-expressions","https://www.expressio.fr/toutes-les-expressions/page-10","tomber sous le sens","être évident ; s'imposer spontanément à l'esprit ; aller de soi ; couler de source ; sembler évident","v"
"1789836335-459","https://www.expressio.fr/toutes-les-expressions","https://www.expressio.fr/toutes-les-expressions/page-10","aux petits oignons","avec beaucoup de soins ; qui reçoit beaucoup d'attention ; parfait ; très bien ; soigneusement","adv"
"1789836335-460","https://www.expressio.fr/toutes-les-expressions","https://www.expressio.fr/toutes-les-expressions/page-10","être dans les cordes","être dans les compétences","v"
"1789836335-461","https://www.expressio.fr/toutes-les-expressions","https://www.expressio.fr/toutes-les-expressions/page-10","un de ces quatre","tôt ou tard ; un jour ; un jour ou l'autre ; de temps en temps ; des fois ; un de ces jours ; bientôt ; à un moment ou à un autre","exp"
"1789836335-462","https://www.expressio.fr/toutes-les-expressions","https://www.expressio.fr/toutes-les-expressions/page-10","se lever du pied gauche","être de mauvaise humeur ; mal commencer une journée","v"
"1789836335-463","https://www.expressio.fr/toutes-les-expressions","https://www.expressio.fr/toutes-les-expressions/page-10","avoir le coeur sur la main","être généreux ; être enclin à une grande générosité","v"
"1789836335-464","https://www.expressio.fr/toutes-les-expressions","https://www.expressio.fr/toutes-les-expressions/page-10","la veuve poignet","la masturbation","n"
"1789836335-465","https://www.expressio.fr/toutes-les-expressions","https://www.expressio.fr/toutes-les-expressions/page-10","tourner au vinaigre","tourner à la dispute ; finir en bagarre ; mal tourner ; tourner à l'aigre ; se détériorer ; se dérégler ; devenir mauvais","v"
"1789836335-466","https://www.expressio.fr/toutes-les-expressions","https://www.expressio.fr/toutes-les-expressions/page-10","en mettre plein la vue","impressionner ; épater ; éblouir","exp"
"1789836335-467","https://www.expressio.fr/toutes-les-expressions","https://www.expressio.fr/toutes-les-expressions/page-10","parler français comme une vache espagnole","parler français avec difficulté ; parler très mal le français ; parler très mal une langue","v"
"1789836335-468","https://www.expressio.fr/toutes-les-expressions","https://www.expressio.fr/toutes-les-expressions/page-10","envoyer au bain","éconduire ; envoyer promener ; rejeter","v"
"1789836335-469","https://www.expressio.fr/toutes-les-expressions","https://www.expressio.fr/toutes-les-expressions/page-10","tant va la cruche à l'eau qu'à la fin elle se casse","à s'exposer sans cesse à un danger, on finit par le subir ; à force de s’obstiner dans les mêmes erreurs, on en subit les conséquences","exp"
"1789836335-470","https://www.expressio.fr/toutes-les-expressions","https://www.expressio.fr/toutes-les-expressions/page-10","l'échapper belle","echapper de peu à un danger ; éviter un péril qui nous menaçait","v"
"1789836335-471","https://www.expressio.fr/toutes-les-expressions","https://www.expressio.fr/toutes-les-expressions/page-10","chaud devant !","laissez le passage, j'ai un plat à amener à une table ; faites place !","exp"
"1789836335-472","https://www.expressio.fr/toutes-les-expressions","https://www.expressio.fr/toutes-les-expressions/page-10","mettre les bouchées doubles","aller plus vite ; accélérer une action ; précipiter l'accomplissement de quelque chose ; imposer un rythme de travail plus rapide ; manger à la hâte ; exécuter précipitamment une besogne urgente","v"
"1789836335-473","https://www.expressio.fr/toutes-les-expressions","https://www.expressio.fr/toutes-les-expressions/page-10","au nez et à la barbe de","en présence et en dépit ; en narguant ; sous les yeux de quelqu'un, avec l'intention de le narguer ; au détriment de quelqu'un, bien que fait en sa présence ; à la barbe","adv"
"1789836335-474","https://www.expressio.fr/toutes-les-expressions","https://www.expressio.fr/toutes-les-expressions/page-10","le plancher des vaches","terre ferme ; milieu sec ; le sol","n"
"1789836335-475","https://www.expressio.fr/toutes-les-expressions","https://www.expressio.fr/toutes-les-expressions/page-10","se faire pigeonner","se faire passer pour un pigeon ; se faire duper ; passer pour sot","v"
"1789836335-476","https://www.expressio.fr/toutes-les-expressions","https://www.expressio.fr/toutes-les-expressions/page-10","ce n'est pas à un vieux singe qu'on apprend à faire des grimaces","on n'apprend pas la ruse à un homme plein d'expérience","exp"
"1789836335-477","https://www.expressio.fr/toutes-les-expressions","https://www.expressio.fr/toutes-les-expressions/page-10","avoir deux poids et deux mesures","juger différemment une même chose selon les personnes, les circonstances et les intérêts","v"
"1789836335-478","https://www.expressio.fr/toutes-les-expressions","https://www.expressio.fr/toutes-les-expressions/page-10","le bran de judas","les taches de rousseur","exp"
"1789836335-479","https://www.expressio.fr/toutes-les-expressions","https://www.expressio.fr/toutes-les-expressions/page-10","se faire mousser","mousser ; écumer ; se mettre en valeur ; se vanter ; mettre en avant ses qualités ; vouloir attirer l'attention ; surfaire","v"
"1789836335-480","https://www.expressio.fr/toutes-les-expressions","https://www.expressio.fr/toutes-les-expressions/page-10","se magner la rondelle","se dépêcher","v"
"1789836335-481","https://www.expressio.fr/toutes-les-expressions","https://www.expressio.fr/toutes-les-expressions/page-10","il n'y a pas le feu au lac !","on n'est pas pressés ; il n'y a aucune urgence ; ça peut attendre","exp"
"1789836335-482","https://www.expressio.fr/toutes-les-expressions","https://www.expressio.fr/toutes-les-expressions/page-10","prendre la tangente","s'échapper ; s'enfuir ; se dérober ; se tirer d'affaire adroitement ; éluder","v"
"1789836335-483","https://www.expressio.fr/toutes-les-expressions","https://www.expressio.fr/toutes-les-expressions/page-10","ni chair ni poisson","indéfinissable ; indéterminé ; difficile à cerner ; qui ne prend pas parti ; de nature ou d'aspect indéfinissable ; sans caractère déterminé ; d'une nature ambivalente","exp"
"1789836335-484","https://www.expressio.fr/toutes-les-expressions","https://www.expressio.fr/toutes-les-expressions/page-10","quadrature du cercle","un problème impossible à résoudre ; un projet irréalisable ; problème insoluble ; chose impossible à trouver ; détermination d'un carré dont la surface serait rigoureusement égale à celle d'un cercle donné","exp"
"1789836335-485","https://www.expressio.fr/toutes-les-expressions","https://www.expressio.fr/toutes-les-expressions/page-10","ne connaître ni d'Eve, ni d'Adam","n'avoir jamais entendu parler de quelque chose ou de quelqu'un","v"
"1789836335-486","https://www.expressio.fr/toutes-les-expressions","https://www.expressio.fr/toutes-les-expressions/page-10","se piquer la ruche","s'enivrer ; se saouler ; picoler au-delà du raisonnable","v"
"1789836335-487","https://www.expressio.fr/toutes-les-expressions","https://www.expressio.fr/toutes-les-expressions/page-10","avaler des couleuvres","subir des affronts sans pouvoir protester ; accepter comme des vérités n'importe quelles déclarations ; avaler un crapaud ; subir un affront sans pouvoir s'y opposer ; subir des affronts sans se lamenter ; éprouver des difficultés sans se plaindre","v"
"1789836335-488","https://www.expressio.fr/toutes-les-expressions","https://www.expressio.fr/toutes-les-expressions/page-10","jouer des coudes","se frayer un passage ; se frayer un passage dans une foule en bousculant les gens ; manoeuvrer pour parvenir à ses fins aux dépens des autres ; avancer dans sa carrière en écartant ses rivaux ; tenter de parvenir à ses fins en évinçant les importuns par des manœuvres habiles ; tenter d'avancer à travers une foule en écartant ses voisins avec les coudes","v"
"1789836335-489","https://www.expressio.fr/toutes-les-expressions","https://www.expressio.fr/toutes-les-expressions/page-10","pas folle, la guêpe !","il est malin ! ; elle est maligne ! ; pas bête ; c'est malin ; c'est astucieux ; c'est habile ; c'est intelligent","exp"
"1789836335-490","https://www.expressio.fr/toutes-les-expressions","https://www.expressio.fr/toutes-les-expressions/page-10","faire la tournée des grands-ducs","faire une sortie luxueuse ; faire le tour des cabarets ; faire tous les spectacles ; sortir et dépenser sans compter ; faire une virée nocturne ; faire la fête en dépensant sans compter","v"
"1789836335-491","https://www.expressio.fr/toutes-les-expressions","https://www.expressio.fr/toutes-les-expressions/page-10","tirer sur l'ambulance","accabler quelqu'un qui est dans une situation désespérée ; s'acharner sur quelqu'un que le sort a déjà beaucoup éprouvé","v"
"1789836335-492","https://www.expressio.fr/toutes-les-expressions","https://www.expressio.fr/toutes-les-expressions/page-10","avoir un chat dans la gorge","être enroué ; ne plus pouvoir parler ou chanter ; éprouver quelque embarras dans le gosier qui empêche de parler","v"
"1789836335-493","https://www.expressio.fr/toutes-les-expressions","https://www.expressio.fr/toutes-les-expressions/page-10","fin comme Gribouille","sot ; stupide ; il est sot ; il est stupide","exp"
"1789836335-494","https://www.expressio.fr/toutes-les-expressions","https://www.expressio.fr/toutes-les-expressions/page-10","à Pâques ou à la Trinité","à une date indéterminée ; jamais ; aux calendes grecques ; à la Saint-Glinglin ; à une échéance indéterminée ; quand les poules auront des dents","adv"
"1789836335-495","https://www.expressio.fr/toutes-les-expressions","https://www.expressio.fr/toutes-les-expressions/page-10","le parcours du combattant","des démarches longues et compliquées ; un parcours semé d'embûches ; course d'obstacles ; un parcours long et difficile ; parcours d'obstacle ; course de haies","n"
"1789836335-496","https://www.expressio.fr/toutes-les-expressions","https://www.expressio.fr/toutes-les-expressions/page-10","boire le calice jusqu'à la lie","souffrir jusqu'au bout un mal ou une douleur ; subir une humiliation complète ; supporter une épreuve pénible jusqu'à son terme","v"
"1789836335-497","https://www.expressio.fr/toutes-les-expressions","https://www.expressio.fr/toutes-les-expressions/page-10","faire du pied","faire des avances discrètes ; avertir discrètement ; faire du coude","v"
"1789836335-498","https://www.expressio.fr/toutes-les-expressions","https://www.expressio.fr/toutes-les-expressions/page-10","mettre à prix","fixer le prix d'un article dans une vente aux enchères ; promettre une somme d'argent ; promettre une somme d'argent à la capture d'un bandit","v"
"1789836335-499","https://www.expressio.fr/toutes-les-expressions","https://www.expressio.fr/toutes-les-expressions/page-10","la mouche du coche","quelqu'un qui s'agite beaucoup sans rendre de réels services ou qui est empressé inutilement ; ardélion ; personne inutile mais persuadée du contraire ; monsieur Je-Sais-Tout","n"
"1789836335-500","https://www.expressio.fr/toutes-les-expressions","https://www.expressio.fr/toutes-les-expressions/page-10","ramoner","chanter Ramona ; faire l'amour ; pénétrer sexuellement ; réprimander ; engueuler","v"
"1789836342-501","https://www.expressio.fr/toutes-les-expressions","https://www.expressio.fr/toutes-les-expressions/page-11","à force de crier au loup","à force de donner de fausses alertes, l'alerte véritable n'est plus écoutée ; perdre sa légitimité à force de trop l'utiliser ; à toujours s'alarmer pour rien, les véritables alertes perdent toute leur valeur","adv"
"1789836342-502","https://www.expressio.fr/toutes-les-expressions","https://www.expressio.fr/toutes-les-expressions/page-11","en catimini","en douce ; en cachette ; furtivement ; à la dérobée ; en sous-main ; très discrètement ; en secret","adv"
"1789836342-503","https://www.expressio.fr/toutes-les-expressions","https://www.expressio.fr/toutes-les-expressions/page-11","être dans le pétrin","être dans une situation délicate ; être embarrassé ; être dans de beaux draps ; se trouver dans une situation pénible","v"
"1789836342-504","https://www.expressio.fr/toutes-les-expressions","https://www.expressio.fr/toutes-les-expressions/page-11","prendre la mouche","se fâcher pour une raison futile ; s'énerver brusquement ; se froisser ; se piquer ; s'irriter beaucoup pour un léger sujet ; se vexer mal à propos ; se fâcher pour un léger sujet ; s'irriter tout à coup","v"
"1789836342-505","https://www.expressio.fr/toutes-les-expressions","https://www.expressio.fr/toutes-les-expressions/page-11","se regarder en chiens de faïence","se regarder avec hostilité ; se dévisager avec méfiance","v"
"1789836342-506","https://www.expressio.fr/toutes-les-expressions","https://www.expressio.fr/toutes-les-expressions/page-11","pour des prunes","pour rien ; pour des clopinettes ; pour des queues de cerises","adv"
"1789836342-507","https://www.expressio.fr/toutes-les-expressions","https://www.expressio.fr/toutes-les-expressions/page-11","chanter comme une seringue","chanter faux ; très mal chanter ; chanter comme une casserole","v"
"1789836342-508","https://www.expressio.fr/toutes-les-expressions","https://www.expressio.fr/toutes-les-expressions/page-11","compter les étoiles","entreprendre une action impossible ; tenter d'accomplir une action quasiment impossible à réaliser","v"
"1789836342-509","https://www.expressio.fr/toutes-les-expressions","https://www.expressio.fr/toutes-les-expressions/page-11","tirer à boulets rouges","attaquer verbalement violemment ; insulter ; attaquer en termes violents ; faire tomber une pluie d'injures ; accabler de reproches","v"
"1789836342-510","https://www.expressio.fr/toutes-les-expressions","https://www.expressio.fr/toutes-les-expressions/page-11","croiser les doigts","conjurer le mauvais sort ; faire les voeux les plus ardents pour le succès d'une affaire ; baiser les pouces en croix ; tenir les pouces ; favoriser la chance en croisant les doigts","v"
"1789836342-511","https://www.expressio.fr/toutes-les-expressions","https://www.expressio.fr/toutes-les-expressions/page-11","à tue-tête","très fort ; en parlant de la voix ; avec un son puissant ; avec un haut volume ; à grands cris ; à pleins poumons ; bruyamment ; de toute la force de sa voix ; à perdre le souffle","adv"
"1789836342-512","https://www.expressio.fr/toutes-les-expressions","https://www.expressio.fr/toutes-les-expressions/page-11","se faire limoger","se faire relever de son commandement ; être mis en disgrâce ; être frappé d'une sanction disciplinaire","v"
"1789836342-513","https://www.expressio.fr/toutes-les-expressions","https://www.expressio.fr/toutes-les-expressions/page-11","au marc le franc","proportionnellement ; au prorata","adv"
"1789836342-514","https://www.expressio.fr/toutes-les-expressions","https://www.expressio.fr/toutes-les-expressions/page-11","revenir de Pontoise","avoir l'air confus ; être troublé ; ne pas comprendre ce qui se passe ; vivre dans une grotte ; avoir l'air ahuri ; sembler hébété ; n’être pas au fait de ce que tout le monde sait ; s’ébahir de tout ce qu’on entend","v"
"1789836342-515","https://www.expressio.fr/toutes-les-expressions","https://www.expressio.fr/toutes-les-expressions/page-11","prendre du bon temps","s'amuser ; avoir du bon temps ; se donner du bon temps ; profiter de moments agréables ; se divertir ; prendre un moment pour soi","v"
"1789836342-516","https://www.expressio.fr/toutes-les-expressions","https://www.expressio.fr/toutes-les-expressions/page-11","ronger son frein","contenir avec peine son impatience ; être dépité ; être contraint de retenir sa colère ; s'impatienter ; supporter avec peine l'inactivité ; contenir son impatience ; contenir sa colère ; retenir sa colère ; refouler en soi son dépit ; mâcher le mors","v"
"1789836342-517","https://www.expressio.fr/toutes-les-expressions","https://www.expressio.fr/toutes-les-expressions/page-11","faire un tabac","obtenir un franc succès ; faire un carton ; faire un malheur ; avoir beaucoup de succès","v"
"1789836342-518","https://www.expressio.fr/toutes-les-expressions","https://www.expressio.fr/toutes-les-expressions/page-11","ne pas faire un pli","ne faire aucune difficulté ; être certain ; ne faire aucun doute","v"
"1789836342-519","https://www.expressio.fr/toutes-les-expressions","https://www.expressio.fr/toutes-les-expressions/page-11","envoyer à dache","se débarrasser de quelqu'un ; envoyer promener ; envoyer très loin ; envoyer paître","v"
"1789836342-520","https://www.expressio.fr/toutes-les-expressions","https://www.expressio.fr/toutes-les-expressions/page-11","pousser le bouchon un peu loin","exagérer ; aller trop loin ; en faire des caisses ; dépasser les bornes ; dépasser ce qui est convenable","v"
"1789836342-521","https://www.expressio.fr/toutes-les-expressions","https://www.expressio.fr/toutes-les-expressions/page-11","cucul la praline","niais ; ridicule ; fleur bleue ; stupide ; qui est ridiculement niais ; naïf","exp"
"1789836342-522","https://www.expressio.fr/toutes-les-expressions","https://www.expressio.fr/toutes-les-expressions/page-11","je vous le donne en mille","je vous mets au défi de deviner ; il semble très difficle de trouver la réponse","exp"
"1789836342-523","https://www.expressio.fr/toutes-les-expressions","https://www.expressio.fr/toutes-les-expressions/page-11","traîner une casserole","avoir été compromis dans une affaire douteuse ; voir sa réputation entachée par les conséquences négatives d'un acte passé","v"
"1789836342-524","https://www.expressio.fr/toutes-les-expressions","https://www.expressio.fr/toutes-les-expressions/page-11","faire d'une pierre deux coups","obtenir plusieurs résultats par un seul moyen ; atteindre plusieurs objectifs avec une seule action ; faire coup double ; atteindre deux objectifs par la même action ; réaliser deux choses à la fois avec une seule action","v"
"1789836342-525","https://www.expressio.fr/toutes-les-expressions","https://www.expressio.fr/toutes-les-expressions/page-11","coûter bonbon","coûter cher ; coûter les yeux de la tête ; être d'un prix très élevé ; être très onéreux ; coûter un bras","v"
"1789836342-526","https://www.expressio.fr/toutes-les-expressions","https://www.expressio.fr/toutes-les-expressions/page-11","à propos de bottes","sans raison ; sans motif important ; hors de propos ; à propos de tout et de rien","adv"
"1789836342-527","https://www.expressio.fr/toutes-les-expressions","https://www.expressio.fr/toutes-les-expressions/page-11","avoir de beaux restes","garder des restes de beauté ; rester beau malgré l'âge","v"
"1789836342-528","https://www.expressio.fr/toutes-les-expressions","https://www.expressio.fr/toutes-les-expressions/page-11","adorer le veau d'or","avoir le culte de l'argent ; être friand de biens matériels ; courtiser ceux qui sont riches ; vénérer l'argent","v"
"1789836342-529","https://www.expressio.fr/toutes-les-expressions","https://www.expressio.fr/toutes-les-expressions/page-11","yoyoter de la touffe","yoyoter de la mansarde ; yoyoter de la cafetière ; être fou ; déraisonner ; divaguer ; dire n'importe quoi ; être cinglé","v"
"1789836342-530","https://www.expressio.fr/toutes-les-expressions","https://www.expressio.fr/toutes-les-expressions/page-11","allumer ses quinquets","ouvrir ses quinquets ; regarder attentivement ; ouvrir bien grand ses yeux","v"
"1789836342-531","https://www.expressio.fr/toutes-les-expressions","https://www.expressio.fr/toutes-les-expressions/page-11","grosso modo","en gros ; plus ou moins ; à peu près ; d'une manière générale ; d'une façon générale ; de façon générale ; pour l'essentiel ; globalement ; en règle générale ; environ ; approximativement ; sans entrer dans le détail","adv"
"1789836342-532","https://www.expressio.fr/toutes-les-expressions","https://www.expressio.fr/toutes-les-expressions/page-11","s'amarrer à couple","s'amarrer bord à bord ; s'amarrer flanc à flanc","v"
"1789836342-533","https://www.expressio.fr/toutes-les-expressions","https://www.expressio.fr/toutes-les-expressions/page-11","boire un canon","boire un verre d'alcool ; boire un petit coup ; boire ; se désaltérer avec un verre d'alcool ; boire un coup","exp"
"1789836342-534","https://www.expressio.fr/toutes-les-expressions","https://www.expressio.fr/toutes-les-expressions/page-11","avoir barre sur","prendre l'avantage sur quelqu'un ; dominer un adversaire ; avoir un avantage sur","v"
"1789836342-535","https://www.expressio.fr/toutes-les-expressions","https://www.expressio.fr/toutes-les-expressions/page-11","le ventre mou","le point faible de quelque chose ; le point de moindre résistance de quelqu'un ; point faible","n"
"1789836342-536","https://www.expressio.fr/toutes-les-expressions","https://www.expressio.fr/toutes-les-expressions/page-11","regarder par le petit bout de la lorgnette","voir par le petit bout de la lorgnette ; ne voir des choses qu'une petite partie dont on exagère l'importance ; négliger l'ensemble d'une partie ; avoir des vues étriquées ; avoir un esprit étroit","v"
"1789836342-537","https://www.expressio.fr/toutes-les-expressions","https://www.expressio.fr/toutes-les-expressions/page-11","la critique est aisée, mais l'art est difficile","il est très facile de critiquer ce que font les autres, autrement plus difficile de réaliser quelque chose","exp"
"1789836342-538","https://www.expressio.fr/toutes-les-expressions","https://www.expressio.fr/toutes-les-expressions/page-11","tomber au poil","tomber pile ; tomber pile poil ; tomber ou arriver juste ; exactement ; comme il faut ; au bon moment ; parfait ; parfaitement ; à point nommé","v"
"1789836342-539","https://www.expressio.fr/toutes-les-expressions","https://www.expressio.fr/toutes-les-expressions/page-11","secouer comme un prunier","secouer les prunes ; secouer fortement ; rabrouer sévèrement ; faire de vifs reproches ; secouer vigoureusement ; faire de très vifs reproches","v"
"1789836342-540","https://www.expressio.fr/toutes-les-expressions","https://www.expressio.fr/toutes-les-expressions/page-11","au creux de la vague","dans une mauvaise situation psychologique ; dans un moment de difficultés économiques ; au bas de sa popularité ; dans une mauvaise situation ; au plus bas de son succès ; au plus bas de sa réussite","adv"
"1789836342-541","https://www.expressio.fr/toutes-les-expressions","https://www.expressio.fr/toutes-les-expressions/page-11","à plein badin","à toute vitesse ; à toute berzingue ; à fond la caisse ; très rapidement","adv"
"1789836342-542","https://www.expressio.fr/toutes-les-expressions","https://www.expressio.fr/toutes-les-expressions/page-11","en connaître un rayon","être très compétent ; bien connaître ; être très connaisseur sur un sujet ; posséder un savoir étendu","v"
"1789836342-543","https://www.expressio.fr/toutes-les-expressions","https://www.expressio.fr/toutes-les-expressions/page-11","un étouffe-chrétien","un mets d'une consistance épaisse ; un mets d'une consistance étouffante ; bourratif ; galimafrée ; bourre-cochon ; bourre-chrétien ; aliment bourratif","adj"
"1789836342-544","https://www.expressio.fr/toutes-les-expressions","https://www.expressio.fr/toutes-les-expressions/page-11","payer en espèces","payer en liquide ; payer en argent liquide ; payer cash ; payer comptant","v"
"1789836342-545","https://www.expressio.fr/toutes-les-expressions","https://www.expressio.fr/toutes-les-expressions/page-11","huile de coude","l'énergie à consacrer à un travail ; la vigueur déployée dans l'accomplissement d'une tâche ; travail ; énergie ; force musculaire ; force musculaire exercée pour effectuer un travail manuel fatigant","n"
"1789836342-546","https://www.expressio.fr/toutes-les-expressions","https://www.expressio.fr/toutes-les-expressions/page-11","en goguette","de bonne humeur ; sous l'effet de libations un peu trop copieuses ; en partie fine ; sous l'effet du vin et de la bonne chère ; qui est excité ; de joyeuse humeur","adv"
"1789836342-547","https://www.expressio.fr/toutes-les-expressions","https://www.expressio.fr/toutes-les-expressions/page-11","grenouille de bénitier","une personne qui manifeste une grande dévotion ; une personne qui passe beaucoup de temps à l'église ; une bigote ; un bigot ; une personne qui pratique la religion de manière ostensible et parfois intransigeante","n"
"1789836342-548","https://www.expressio.fr/toutes-les-expressions","https://www.expressio.fr/toutes-les-expressions/page-11","qui trop embrasse mal étreint","qui entreprend trop de choses à la fois court à l'échec","exp"
"1789836342-549","https://www.expressio.fr/toutes-les-expressions","https://www.expressio.fr/toutes-les-expressions/page-11","pas besoin de sortir de Polytechnique","pas besoin de sortir de Saint-Cyr ; pas besoin d'être particulièrement intelligent ; pas besoin d'être un génie","adv"
"1789836342-550","https://www.expressio.fr/toutes-les-expressions","https://www.expressio.fr/toutes-les-expressions/page-11","être frappé au coin du bon sens","être marqué au coin du bon sens ; porter la marque du bon sens ; être plein de bon sens","v"
"1789836348-551","https://www.expressio.fr/toutes-les-expressions","https://www.expressio.fr/toutes-les-expressions/page-12","bouché à l'émeri","idiot ; obtus ; borné ; incapable de comprendre ; bête à manger du foin","adj"
"1789836348-552","https://www.expressio.fr/toutes-les-expressions","https://www.expressio.fr/toutes-les-expressions/page-12","ne pas y aller par quatre chemins","aller droit au but, sans user de moyens détournés ; agir sans détour ; ne pas mâcher ses mots ; aborder franchement un sujet","v"
"1789836348-553","https://www.expressio.fr/toutes-les-expressions","https://www.expressio.fr/toutes-les-expressions/page-12","entrer dans le vif du sujet","aborder le point le plus important ; aller directement à l'essentiel ; eéoquer le point essentiel de la discussion ; aborder un sujet important ; affronter un thème décisif ; aborder le plus difficile ; attaquer le plus important d'un sujet ; parler de l'essentiel","v"
"1789836348-554","https://www.expressio.fr/toutes-les-expressions","https://www.expressio.fr/toutes-les-expressions/page-12","déménager à la cloche de bois","abandonner discrètement son logement ; abandonner furtivement son logement ; quitter un logement sans payer le loyer","v"
"1789836348-555","https://www.expressio.fr/toutes-les-expressions","https://www.expressio.fr/toutes-les-expressions/page-12","train de sénateur","une démarche lente ; une démarche grave et majestueuse ; marche lente et majestueuse ; allure lente ; démarche sans aucun empressement","n"
"1789836348-556","https://www.expressio.fr/toutes-les-expressions","https://www.expressio.fr/toutes-les-expressions/page-12","envoyer chez plumeau","renvoyer ; éconduire","v"
"1789836348-557","https://www.expressio.fr/toutes-les-expressions","https://www.expressio.fr/toutes-les-expressions/page-12","pas piqué des hannetons","pas piqué des vers ; parfait ; excellent ; exceptionnel ; très réussi ; formidable ; bien conservé ; intact","adv"
"1789836348-558","https://www.expressio.fr/toutes-les-expressions","https://www.expressio.fr/toutes-les-expressions/page-12","quand les poules auront des dents","jamais ; aux calendes grecques ; à la Saint-Glinglin ; semaine des quatre jeudis ; à Pâques ou à la Trinité","adv"
"1789836348-559","https://www.expressio.fr/toutes-les-expressions","https://www.expressio.fr/toutes-les-expressions/page-12","de derrière les fagots","précieusement conservé ; précieux ; excellent ; rare ; exclusif ; surprenant ; d'une qualité exceptionnelle","adj"
"1789836348-560","https://www.expressio.fr/toutes-les-expressions","https://www.expressio.fr/toutes-les-expressions/page-12","se taper la cloche","faire un bon repas ; faire bombance ; ripailler ; manger à foison ; manger à sa faim ; banqueter ; bâfrer ; se régaler","v"
"1789836348-561","https://www.expressio.fr/toutes-les-expressions","https://www.expressio.fr/toutes-les-expressions/page-12","passer un coup de fil","téléphoner","v"
"1789836348-562","https://www.expressio.fr/toutes-les-expressions","https://www.expressio.fr/toutes-les-expressions/page-12","rouler des mécaniques","rouler les épaules ; avoir une attitude prétentieuse ; avoir une attitude agressive","v"
"1789836348-563","https://www.expressio.fr/toutes-les-expressions","https://www.expressio.fr/toutes-les-expressions/page-12","faire l'oeuf","faire l'imbécile ; faire l'idiot ; faire le zouave","v"
"1789836348-564","https://www.expressio.fr/toutes-les-expressions","https://www.expressio.fr/toutes-les-expressions/page-12","avoir ses ours","avoir ses règles","v"
"1789836348-565","https://www.expressio.fr/toutes-les-expressions","https://www.expressio.fr/toutes-les-expressions/page-12","au pied levé","sans avoir le temps de se préparer ; à l'improviste ; en si peu de temps ; dans l'mmédiat ; sans préparation ; immédiatement ; spontanément","adv"
"1789836348-566","https://www.expressio.fr/toutes-les-expressions","https://www.expressio.fr/toutes-les-expressions/page-12","jouer au plus fin","régler une affaire avec habileté ; traiter une affaire avec ruse ; employer l'adresse pour venir à bout de ses desseins","v"
"1789836348-567","https://www.expressio.fr/toutes-les-expressions","https://www.expressio.fr/toutes-les-expressions/page-12","un soleil de plomb","un soleil qui cogne ; un soleil écrasant","exp"
"1789836348-568","https://www.expressio.fr/toutes-les-expressions","https://www.expressio.fr/toutes-les-expressions/page-12","l'un dans l'autre","au total ; en définitive ; tout bien considéré ; tout compte fait ; en somme","adv"
"1789836348-569","https://www.expressio.fr/toutes-les-expressions","https://www.expressio.fr/toutes-les-expressions/page-12","loger le diable dans sa bourse","être sans le sou ; n'avoir plus d'argent","v"
"1789836348-570","https://www.expressio.fr/toutes-les-expressions","https://www.expressio.fr/toutes-les-expressions/page-12","ramener sa fraise","se manifester hors de propos ; agir de manière importune ; avoir une attitude prétentieuse ; intervenir souvent de façon injustifiée ; intervenir en protestant ; survenir à l'improviste ; intervenir dans une discussion sans y être invité","v"
"1789836348-571","https://www.expressio.fr/toutes-les-expressions","https://www.expressio.fr/toutes-les-expressions/page-12","tenir les pieds chauds","tenir les pieds au chaud ; être attentionné avec quelqu'un","v"
"1789836348-572","https://www.expressio.fr/toutes-les-expressions","https://www.expressio.fr/toutes-les-expressions/page-12","à bon entendeur, salut","comprendra qui pourra ; vous êtes prévenus désormais ; que celui qui comprend bien en tire profit !","exp"
"1789836348-573","https://www.expressio.fr/toutes-les-expressions","https://www.expressio.fr/toutes-les-expressions/page-12","de France et de Navarre","de partout ; en tout lieu ; à chaque coin de rue ; de toute la France","exp"
"1789836348-574","https://www.expressio.fr/toutes-les-expressions","https://www.expressio.fr/toutes-les-expressions/page-12","à bras-le-corps","fermement ; avec les bras passés autour du corps ; avec une grande énergie ; en s'y attelant sérieusement","adv"
"1789836348-575","https://www.expressio.fr/toutes-les-expressions","https://www.expressio.fr/toutes-les-expressions/page-12","prendre une biture","s'enivrer ; boire de manière excessive ; s'alcooliser abondamment jusqu'à être complètement ivre ; passer une soirée à boire de l'alcool jusqu'à sombrer dans l'ivresse","v"
"1789836348-576","https://www.expressio.fr/toutes-les-expressions","https://www.expressio.fr/toutes-les-expressions/page-12","doré sur tranche","très riche ; luxueux ; ostentatoire ; fortuné ; somptueux ; riche ; aisé","exp"
"1789836348-577","https://www.expressio.fr/toutes-les-expressions","https://www.expressio.fr/toutes-les-expressions/page-12","par la bande","par des moyens indirects ; de biais ; allusivement ; indirectement","adv"
"1789836348-578","https://www.expressio.fr/toutes-les-expressions","https://www.expressio.fr/toutes-les-expressions/page-12","pisser dans un violon","ne servir à rien ; faire quelque chose de complètement inutile ; être inefficace","v"
"1789836348-579","https://www.expressio.fr/toutes-les-expressions","https://www.expressio.fr/toutes-les-expressions/page-12","il y a de l'eau dans le gaz","l'atmosphère est à la dispute ; des querelles se préparent ; il y a des problèmes ; il y a de la tension","exp"
"1789836348-580","https://www.expressio.fr/toutes-les-expressions","https://www.expressio.fr/toutes-les-expressions/page-12","une bonne pioche","un bon résultat ; un bon choix ; une bonne chose ; une belle chose","n"
"1789836348-581","https://www.expressio.fr/toutes-les-expressions","https://www.expressio.fr/toutes-les-expressions/page-12","rouler une pelle","embrasser ; bécoter ; rouler une escalope ; rouler une galoche ; rouler une saucisse ; rouler un patin ; faire un baiser profond avec la langue ; embrasser quelqu'un","v"
"1789836348-582","https://www.expressio.fr/toutes-les-expressions","https://www.expressio.fr/toutes-les-expressions/page-12","c'est du nanan","c'est très bon ; c'est exquis ; c'est très agréable ; c'est facile","exp"
"1789836348-583","https://www.expressio.fr/toutes-les-expressions","https://www.expressio.fr/toutes-les-expressions/page-12","crier haro sur le baudet","crier haro sur ; brusquement ; avec violence ; exprimer sa révolte ; s'indigner","v"
"1789836348-584","https://www.expressio.fr/toutes-les-expressions","https://www.expressio.fr/toutes-les-expressions/page-12","comme la vérole sur le bas clergé","brusquement ; avec violence","adv"
"1789836348-585","https://www.expressio.fr/toutes-les-expressions","https://www.expressio.fr/toutes-les-expressions/page-12","prendre de la bouteille","vieillir ; acquérir de l'expérience ; acquérir de la maturité","v"
"1789836348-586","https://www.expressio.fr/toutes-les-expressions","https://www.expressio.fr/toutes-les-expressions/page-12","manger comme un chancre","manger avec voracité ; manger excessivement ; se gaver ; manger voracement","exp"
"1789836348-587","https://www.expressio.fr/toutes-les-expressions","https://www.expressio.fr/toutes-les-expressions/page-12","se fendre la poire","rire ; se poiler ; se taper sur les cuisses ; se bidonner ; se taper une barre ; se fendre la gueule ; se marrer","v"
"1789836348-588","https://www.expressio.fr/toutes-les-expressions","https://www.expressio.fr/toutes-les-expressions/page-12","brève de comptoir","histoire très courte et amusante ; histoire typique d'une conversation de bistrot","n"
"1789836348-589","https://www.expressio.fr/toutes-les-expressions","https://www.expressio.fr/toutes-les-expressions/page-12","rester sur le carreau","à terre ; mort ; blessé ; dans une situation difficile ; laissé de côté","v"
"1789836348-590","https://www.expressio.fr/toutes-les-expressions","https://www.expressio.fr/toutes-les-expressions/page-12","tant pis","c'est dommage ; la chose est regrettable ; ce n'est pas grave ; peu importe ; ça ne fait rien ; on s'en fout ; c'est bon ; laisse tomber ; ça ira","adv"
"1789836348-591","https://www.expressio.fr/toutes-les-expressions","https://www.expressio.fr/toutes-les-expressions/page-12","siffler une bouteille","siffler un verre ; boire entièrement une bouteille ; boire entièrement un verre","v"
"1789836348-592","https://www.expressio.fr/toutes-les-expressions","https://www.expressio.fr/toutes-les-expressions/page-12","ne pas tarir d'éloges","être très élogieux","v"
"1789836348-593","https://www.expressio.fr/toutes-les-expressions","https://www.expressio.fr/toutes-les-expressions/page-12","tomber dans le panneau","se faire duper ; tomber dans un piège ; faire preuve d’une trop grande crédulité ; ne pas se rendre compte que l’on se fait piéger","v"
"1789836348-594","https://www.expressio.fr/toutes-les-expressions","https://www.expressio.fr/toutes-les-expressions/page-12","a beau mentir qui vient de loin","on peut facilement raconter des mensonges quand ce qu'on dit n'est pas vérifiable ; facile de mentir quand les propos tenus ne sont pas vérifiables ; il est aisé de mentir si personne ne peut contredire le discours","exp"
"1789836348-595","https://www.expressio.fr/toutes-les-expressions","https://www.expressio.fr/toutes-les-expressions/page-12","jamais deux sans trois","une chose qui s'est produite deux fois se produira une troisième ; les bonnes nouvelles s'enchainent ; les malheurs se répètent","exp"
"1789836348-596","https://www.expressio.fr/toutes-les-expressions","https://www.expressio.fr/toutes-les-expressions/page-12","faire revenir une viande, un aliment","passer un aliment dans un corps gras très chaud afin d'en dorer le pourtour","v"
"1789836348-597","https://www.expressio.fr/toutes-les-expressions","https://www.expressio.fr/toutes-les-expressions/page-12","con comme la lune","particulièrement stupide ; con comme ses pieds ; con comme un balai ; con comme un manche ; con comme une valise sans poignée","adj"
"1789836348-598","https://www.expressio.fr/toutes-les-expressions","https://www.expressio.fr/toutes-les-expressions/page-12","passez, muscade !","le tour est joué !","exp"
"1789836348-599","https://www.expressio.fr/toutes-les-expressions","https://www.expressio.fr/toutes-les-expressions/page-12","s'attirer les foudres","s'attirer des reproches ; s'attirer une condamnation","v"
"1789836348-600","https://www.expressio.fr/toutes-les-expressions","https://www.expressio.fr/toutes-les-expressions/page-12","bon sang ne saurait mentir","les qualités et les défauts des parents se retrouvent chez les enfants ; ce qu'un parent a fait, son enfant le fera ; bonne race ne peut mentir ; noblesse oblige ; tel père, tel fils","adv"
"1789836353-601","https://www.expressio.fr/toutes-les-expressions","https://www.expressio.fr/toutes-les-expressions/page-13","se faire la malle","partir ; s'enfuir","v"
"1789836353-602","https://www.expressio.fr/toutes-les-expressions","https://www.expressio.fr/toutes-les-expressions/page-13","avoir à la bonne","avoir de la sympathie pour quelqu'un ; avoir de l'indulgence ; apprécier quelqu'un","v"
"1789836353-603","https://www.expressio.fr/toutes-les-expressions","https://www.expressio.fr/toutes-les-expressions/page-13","beurré comme un petit Lu","saoul ; éméché ; pompette ; ivre ; alcoolo","adj"
"1789836353-604","https://www.expressio.fr/toutes-les-expressions","https://www.expressio.fr/toutes-les-expressions/page-13","sentir le sapin","n'avoir plus longtemps à vivre ; avoir un pied dans la tombe ; être près de mourir ; être près de la fin","v"
"1789836353-605","https://www.expressio.fr/toutes-les-expressions","https://www.expressio.fr/toutes-les-expressions/page-13","coupe sombre","suppression d'un nombre important de choses ; coupes massives ; compressions draconiennes","n"
"1789836353-606","https://www.expressio.fr/toutes-les-expressions","https://www.expressio.fr/toutes-les-expressions/page-13","les chiens ne font pas des chats","on hérite le comportement et les goûts de ses parents ; on hérite des traits de caractères de ses parents ; les enfants ressemblent à leurs parents","exp"
"1789836353-607","https://www.expressio.fr/toutes-les-expressions","https://www.expressio.fr/toutes-les-expressions/page-13","pas très catholique","peu conforme à la morale ; sujet à caution ; sujet douteux ; à connotation sexuelle","adj"
"1789836353-608","https://www.expressio.fr/toutes-les-expressions","https://www.expressio.fr/toutes-les-expressions/page-13","ne pas y aller avec le dos de la cuillère","agir sans modération ; faire les choses carrément ; ne pas y aller de main morte ; y aller franchement ; y aller carrément ; agir avec une certaine brutalité, sans beaucoup de retenue ; ne pas lésiner ; agir sans douceur ; agir sans précaution ; être direct ; être très franc","v"
"1789836353-609","https://www.expressio.fr/toutes-les-expressions","https://www.expressio.fr/toutes-les-expressions/page-13","battre le fer quand il est chaud","profiter de l'occasion quand elle se présente ; agir au moment opportun ; exploiter une situation sans attendre ; agir pendant qu'il est encore temps ; agir dès qu'on le peut ; agir tant qu'il est encore temps ; agir vite ; battre le fer tant qu'il est chaud","v"
"1789836353-610","https://www.expressio.fr/toutes-les-expressions","https://www.expressio.fr/toutes-les-expressions/page-13","enfoncer des portes ouvertes","se vanter d'avoir surmonté un obstacle qui n'existait pas ; chercher à démontrer une évidence ; énoncer une banalité en la faisant passer pour une nouveauté ; s'exalter d'avoir franchi une difficulté qui n'existait pas ; démontrer quelque chose d'évident ; déployer beaucoup d'efforts pour prouver ce qui est déjà avéré ; enfoncer une porte ouverte","v"
"1789836353-611","https://www.expressio.fr/toutes-les-expressions","https://www.expressio.fr/toutes-les-expressions/page-13","c'est Byzance !","c'est superbe ! ; c'est le grand luxe !","exp"
"1789836353-612","https://www.expressio.fr/toutes-les-expressions","https://www.expressio.fr/toutes-les-expressions/page-13","courir le guilledou","chercher des aventures sexuelles ; multiplier les aventures galantes ; courir après les femmes","v"
"1789836353-613","https://www.expressio.fr/toutes-les-expressions","https://www.expressio.fr/toutes-les-expressions/page-13","bête comme ses pieds","très bête ; con comme la lune ; idiot ; stupide ; très peu intelligent ; ignorant ; qui manque de tact ; grossier ; brusque","adj"
"1789836353-614","https://www.expressio.fr/toutes-les-expressions","https://www.expressio.fr/toutes-les-expressions/page-13","se ronger les sangs","se faire beaucoup de souci ; être très inquiet ; mourir d'inquiétude","v"
"1789836353-615","https://www.expressio.fr/toutes-les-expressions","https://www.expressio.fr/toutes-les-expressions/page-13","avoir des fourmis dans les jambes","sentir des picotements dûs à une mauvaise circulation du sang ; avoir envie de bouger ; avoir envie de partir ; avoir envie de passer à l'action ; avoir une forte envie de se déplacer","v"
"1789836353-616","https://www.expressio.fr/toutes-les-expressions","https://www.expressio.fr/toutes-les-expressions/page-13","le cadet de mes soucis","cela ne m'importe pas ; cela ne m'intéresse pas du tout ; cela m'est égal ; le moindre de mes soucis","exp"
"1789836353-617","https://www.expressio.fr/toutes-les-expressions","https://www.expressio.fr/toutes-les-expressions/page-13","le clou","le moment le plus intéressant ; le moment le plus intense ; ce qui retient l'attention ; summum ; apogée","n"
"1789836353-618","https://www.expressio.fr/toutes-les-expressions","https://www.expressio.fr/toutes-les-expressions/page-13","être chocolat","être attrapé ; être dupé ; être trompé ; s'être fait avoir","v"
"1789836353-619","https://www.expressio.fr/toutes-les-expressions","https://www.expressio.fr/toutes-les-expressions/page-13","aller se faire tâter","se faire éconduire ; se voir brutalement refuser quelque chose","v"
"1789836353-620","https://www.expressio.fr/toutes-les-expressions","https://www.expressio.fr/toutes-les-expressions/page-13","ramasser une gamelle","tomber ; prendre un gadin ; faire une chute ; échouer dans une entreprise ; prendre une gamelle","v"
"1789836353-621","https://www.expressio.fr/toutes-les-expressions","https://www.expressio.fr/toutes-les-expressions/page-13","il n'y a pas loin du Capitole à la Roche Tarpéïenne","après les honneurs, la déchéance peut venir rapidement ; après la célébrité, l'oubli peut venir rapidement","exp"
"1789836353-622","https://www.expressio.fr/toutes-les-expressions","https://www.expressio.fr/toutes-les-expressions/page-13","avoir la bosse","avoir des dispositions naturelles pour une activité ; avoir un don naturel pour ; avoir du talent ; avoir des aptitudes pour quelque activité ; être particulièrement doué pour","v"
"1789836353-623","https://www.expressio.fr/toutes-les-expressions","https://www.expressio.fr/toutes-les-expressions/page-13","s'entendre comme larrons en foire","très bien s'entendre ; être de mèche ; être de connivence, pour faire une farce ou quelque chose jugé blâmable","v"
"1789836353-624","https://www.expressio.fr/toutes-les-expressions","https://www.expressio.fr/toutes-les-expressions/page-13","avoir la cote","être très estimé ; être populaire ; être apprécié par beaucoup de monde ; être apprécié ; être admiré","v"
"1789836353-625","https://www.expressio.fr/toutes-les-expressions","https://www.expressio.fr/toutes-les-expressions/page-13","être dans le même bain","mettre dans le bain ; être dans une situation dangereuse ; être dans une situation difficile ; mettre dans une situation compromettante ; juger de la même manière ; traiter de la même manière","v"
"1789836353-626","https://www.expressio.fr/toutes-les-expressions","https://www.expressio.fr/toutes-les-expressions/page-13","sourd comme un pot","complètement sourd ; extrêmement sourd ; qui n'entend rien ; tout à fait sourd ; très sourd","adj"
"1789836353-627","https://www.expressio.fr/toutes-les-expressions","https://www.expressio.fr/toutes-les-expressions/page-13","ne tirez pas sur le pianiste !","soyez indulgent envers une personne qui est de bonne volonté ! ; n'accusez pas un lampiste au lieu du véritable responsable ! ; n'agressez pas un lampiste au lieu du véritable responsable !","exp"
"1789836353-628","https://www.expressio.fr/toutes-les-expressions","https://www.expressio.fr/toutes-les-expressions/page-13","prendre le large","mettre les voiles ; partir ; s'en aller ; s'éloigner ; s'éclipser ; s'enfuir ; prendre la poudre d'escampette","v"
"1789836353-629","https://www.expressio.fr/toutes-les-expressions","https://www.expressio.fr/toutes-les-expressions/page-13","ni fait ni à faire","mal fait ; bâclé ; très mal fait ; à refaire","adj"
"1789836353-630","https://www.expressio.fr/toutes-les-expressions","https://www.expressio.fr/toutes-les-expressions/page-13","faire fissa","faire vite ; se hâter ; faire diligence ; magner","v"
"1789836353-631","https://www.expressio.fr/toutes-les-expressions","https://www.expressio.fr/toutes-les-expressions/page-13","ouvrir le ban","produire un roulement de tambour qui marque le commencement d'une proclamation ; produire une sonnerie de clairon qui marque la fin d'une cérémonie ; ouvrir une exposition ; ouvirir un salon ; offre qui possède un surplus ; jouer un morceau spécifique de clairon pour ouvrir ou débuter une célébration ou une procédure ; commencer une action pour montrer la voie ; être le premier ; être devant","v"
"1789836353-632","https://www.expressio.fr/toutes-les-expressions","https://www.expressio.fr/toutes-les-expressions/page-13","laid comme un pou","moche comme un pou ; très laid ; laid comme les sept péchés capitaux","adj"
"1789836353-633","https://www.expressio.fr/toutes-les-expressions","https://www.expressio.fr/toutes-les-expressions/page-13","se faire la belle","s'évader ; se tirer ; s'échapper ; partir discrètement ; se faire la malle ; faire la belle","v"
"1789836353-634","https://www.expressio.fr/toutes-les-expressions","https://www.expressio.fr/toutes-les-expressions/page-13","manger l'oreiller","avoir un orgasme","exp"
"1789836353-635","https://www.expressio.fr/toutes-les-expressions","https://www.expressio.fr/toutes-les-expressions/page-13","pleuvoir comme vache qui pisse","pleuvoir en abondance ; pleuvoir à verse ; pleuvoir des cordes","v"
"1789836353-636","https://www.expressio.fr/toutes-les-expressions","https://www.expressio.fr/toutes-les-expressions/page-13","tomber des nues","être extrêmement surpris ; être décontenancé par un événement inopiné ; arriver à l'improviste ; survenir inopinément ; être extrêmement étonné ; être stupéfait ; arriver de façon surprenante, sans que l'on sache d'où","v"
"1789836353-637","https://www.expressio.fr/toutes-les-expressions","https://www.expressio.fr/toutes-les-expressions/page-13","un navet","un mauvais tableau ; un mauvais spectacle ; un mauvais film","n"
"1789836353-638","https://www.expressio.fr/toutes-les-expressions","https://www.expressio.fr/toutes-les-expressions/page-13","battre de l'aile","avoir du plomb dans l'aile ; avoir perdu de sa force ; être mal en point ; mal fonctionner ; s'essouffler ; perdre pied ; prendre l'eau ; être très affecté ; ne plus avoir de stabilité ; agiter les ailes pour tenter difficilement un envol, en parlant de certains oiseaux ; être en difficulté ; perdre de la force ; perdre de l’efficacité ; être dans une situation qui se dégrade","v"
"1789836353-639","https://www.expressio.fr/toutes-les-expressions","https://www.expressio.fr/toutes-les-expressions/page-13","pleurer comme une Madeleine","pleurer abondamment ; pleurer toutes les larmes de son corps ; pleurer à chaudes larmes","v"
"1789836353-640","https://www.expressio.fr/toutes-les-expressions","https://www.expressio.fr/toutes-les-expressions/page-13","cerise sur le gâteau","le petit détail final qui parfait une réalisation ; l'avantage supplémentaire ; le comble ; le bouquet ; détail qui couronne une entreprise ; élément final qui parachève le tout","n"
"1789836353-641","https://www.expressio.fr/toutes-les-expressions","https://www.expressio.fr/toutes-les-expressions/page-13","pendre la crémaillère","célébrer par une fête le nouveau logement ; fêter son installation dans un nouveau logement ; donner une fête pour célébrer son installation dans un nouveau logement ; organiser une fête à l'occasion de l'emménagement dans un nouveau lieu d'habitation","v"
"1789836353-642","https://www.expressio.fr/toutes-les-expressions","https://www.expressio.fr/toutes-les-expressions/page-13","se mettre la rate au court-bouillon","se faire du mauvais sang ; se faire du souci ; se stresser de façon excessive ; se donner du mal ; se faire un sang d'encre","v"
"1789836353-643","https://www.expressio.fr/toutes-les-expressions","https://www.expressio.fr/toutes-les-expressions/page-13","le coup de pied de l'âne","l'injure ; le coup du faible et lâche donné au fort mis dans l'impossibilité de se défendre ; riposte ; vengeance d'une personne dominée lorsque son supérieur est en difficulté ; attaque lâche à quelqu'un qui est hors d'état de se défendre ; insulte qu'adresse un homme lâche ou faible à celui dont il n'a plus à redouter le pouvoir ou la force","n"
"1789836353-644","https://www.expressio.fr/toutes-les-expressions","https://www.expressio.fr/toutes-les-expressions/page-13","prendre la clé des champs","partir ; s'enfuir ; s'évader ; se sauver ; prendre sa liberté ; s'échapper ; se libérer","v"
"1789836353-645","https://www.expressio.fr/toutes-les-expressions","https://www.expressio.fr/toutes-les-expressions/page-13","rire jaune","rire de manière forcée ; rire en dissimulant mal un mécontentement ; rire en dissimulant mal un dépit ; rire en dissimulant mal une gêne ; se forcer à rire ; rire de façon contrainte ; rire en dissumulant sa gêne ; rire sans en avoir vraiment envie","v"
"1789836353-646","https://www.expressio.fr/toutes-les-expressions","https://www.expressio.fr/toutes-les-expressions/page-13","de la crotte de bique","quelque chose d'insignifiant ; une chose sans valeur ; chose quelconque","n"
"1789836353-647","https://www.expressio.fr/toutes-les-expressions","https://www.expressio.fr/toutes-les-expressions/page-13","être au courant","se tenir au courant ; savoir ; être informé de ; être au fait ; connaître ; être renseigné ; être averti de quelque chose ; savoir les nouvelles ; connaître les potins","v"
"1789836353-648","https://www.expressio.fr/toutes-les-expressions","https://www.expressio.fr/toutes-les-expressions/page-13","y a pas photo","pas de comparaison possible ; c'est évident ; il y a une nette différence ; il n'y a aucun doute","exp"
"1789836353-649","https://www.expressio.fr/toutes-les-expressions","https://www.expressio.fr/toutes-les-expressions/page-13","peu ou prou","plus ou moins ; un peu ou beaucoup ; dans une faible mesure ; très peu ; environ ; à peu de choses près","adv"
"1789836353-650","https://www.expressio.fr/toutes-les-expressions","https://www.expressio.fr/toutes-les-expressions/page-13","mettre les pouces","abandonner ; cesser de résister ; s'avouer vaincu ; céder","v"
"1789836363-651","https://www.expressio.fr/toutes-les-expressions","https://www.expressio.fr/toutes-les-expressions/page-14","prendre à la gorge","contraindre par la violence ; contraindre par de fortes pressions ; réduire à un état où il ne peut plus opposer de résistance ; presser sans relâche","v"
"1789836363-652","https://www.expressio.fr/toutes-les-expressions","https://www.expressio.fr/toutes-les-expressions/page-14","être de la revue","être frustré dans ses espérances ; être déçu ; en être pour ses frais","v"
"1789836363-653","https://www.expressio.fr/toutes-les-expressions","https://www.expressio.fr/toutes-les-expressions/page-14","branle-bas","agitation vive au cours de la préparation d'une opération ; trouble ; agitation ; remue-ménage ; émoi ; affolement","n"
"1789836363-654","https://www.expressio.fr/toutes-les-expressions","https://www.expressio.fr/toutes-les-expressions/page-14","tomber à l'eau","être dans le lac ; échouer ; n'avoir pas de suite ; ne pas aboutir ; être à l'eau ; tomber dans le lac ; ne plus avoir lieu ; ne plus avoir d'aboutissement ; n'être plus envisagé ; être abandonné ; être annulé","v"
"1789836363-655","https://www.expressio.fr/toutes-les-expressions","https://www.expressio.fr/toutes-les-expressions/page-14","se parer des plumes du paon","chercher à tirer parti ; se vanter d'avantages ; se vanter de mérites qui reviennent à autrui","v"
"1789836363-656","https://www.expressio.fr/toutes-les-expressions","https://www.expressio.fr/toutes-les-expressions/page-14","à tu et à toi","très lié ; très familier ; très intime ; être copains comme cochons ; être cul et chemise","adj"
"1789836363-657","https://www.expressio.fr/toutes-les-expressions","https://www.expressio.fr/toutes-les-expressions/page-14","ne pas avoir froid aux yeux","être courageux ; ne pas avoir peur ; être hardi ; être décidé ; être effronté ; ne pas manquer d'air ; ne pas manquer de souffle ; faire la sainte nitouche ; manifester de la hardiesse et de l'effronterie","v"
"1789836363-658","https://www.expressio.fr/toutes-les-expressions","https://www.expressio.fr/toutes-les-expressions/page-14","contre vents et marées","envers et contre tout ; contre toute attente ; malgré tous les obstacles ; contre la vague ; malgré toutes les difficultés qui s'y opposent","adv"
"1789836363-659","https://www.expressio.fr/toutes-les-expressions","https://www.expressio.fr/toutes-les-expressions/page-14","l'avoir dans le cul","l'avoir dans le cul la balayette ! ; être possédé ; être dupé ; être victime ; être malchanceux ; être vaincu ; avoir affaire à plus habile que soi ; avoir affaire à plus rusé que soi","exp"
"1789836363-660","https://www.expressio.fr/toutes-les-expressions","https://www.expressio.fr/toutes-les-expressions/page-14","hors pair","extraordinaire ; incomparable ; sans pareil ; sans pareille ; sans équivalent ; inégalable ; inégalé ; sans précédent ; hors du commun ; exceptionnel ; sans égal","adj"
"1789836363-661","https://www.expressio.fr/toutes-les-expressions","https://www.expressio.fr/toutes-les-expressions/page-14","se casser la margoulette","se casser la figure ; tomber ; faire une chute ; choir sur le sol ; tomber en se faisant mal","v"
"1789836363-662","https://www.expressio.fr/toutes-les-expressions","https://www.expressio.fr/toutes-les-expressions/page-14","la bave du crapaud n'atteint pas la blanche colombe","la calomnie la plus vile ne peut ternir une réputation sans tache","exp"
"1789836363-663","https://www.expressio.fr/toutes-les-expressions","https://www.expressio.fr/toutes-les-expressions/page-14","payer au lance-pierres","sous-payer","v"
"1789836363-664","https://www.expressio.fr/toutes-les-expressions","https://www.expressio.fr/toutes-les-expressions/page-14","porter la culotte","assumer le rôle de l'homme dans un couple ; une femme qui domine son mari","v"
"1789836363-665","https://www.expressio.fr/toutes-les-expressions","https://www.expressio.fr/toutes-les-expressions/page-14","être verni","être chanceux ; avoir de la chance ; avoir beaucoup de chance","v"
"1789836363-666","https://www.expressio.fr/toutes-les-expressions","https://www.expressio.fr/toutes-les-expressions/page-14","réglé comme du papier à musique","qui a des habitudes très régulières ; très organisé ; qui prévoit dans tous ses détails ; réglé comme une horloge","exp"
"1789836363-667","https://www.expressio.fr/toutes-les-expressions","https://www.expressio.fr/toutes-les-expressions/page-14","la carotte ou le bâton","l'incitation ou la menace ; la récompense ou la punition","exp"
"1789836363-668","https://www.expressio.fr/toutes-les-expressions","https://www.expressio.fr/toutes-les-expressions/page-14","sans bourse délier","sans payer ; sans qu'il en coûte rien ; pour pas un rond ; gratuitement","exp"
"1789836363-669","https://www.expressio.fr/toutes-les-expressions","https://www.expressio.fr/toutes-les-expressions/page-14","changer son fusil d'épaule","changer d'opinion ; changer ses projets ; adopter une autre manière d'agir ; adopter une autre manière de penser","v"
"1789836363-670","https://www.expressio.fr/toutes-les-expressions","https://www.expressio.fr/toutes-les-expressions/page-14","avoir le pied marin","être à l'aise ; garder son équilibre à bord d'un bateau ; ne pas être malade sur un navire ; garder son équilibre sur un bateau notamment par gros temps ; ne pas se déconcerter ; conserver son sang-froid dans une circonstance difficile","v"
"1789836363-671","https://www.expressio.fr/toutes-les-expressions","https://www.expressio.fr/toutes-les-expressions/page-14","être au pied du mur","sans issue ; contraint d'agir ; encerclé ; acculé ; coincé ; piégé","v"
"1789836363-672","https://www.expressio.fr/toutes-les-expressions","https://www.expressio.fr/toutes-les-expressions/page-14","manger du lion","bouffer du lion ; avoir une énergie extraordinaire ; manifester une énergie extraordinaire ; être agressif ; manifester une certaine volonté de combattre","v"
"1789836363-673","https://www.expressio.fr/toutes-les-expressions","https://www.expressio.fr/toutes-les-expressions/page-14","l'Arlésienne","la personne qu'on attend et qui n'arrive jamais ; l'action qu'on attend et qui ne vient jamais ; une chose dont on parle mais qui ne se produit jamais","n"
"1789836363-674","https://www.expressio.fr/toutes-les-expressions","https://www.expressio.fr/toutes-les-expressions/page-14","se laisser manger","se laisser tondre la laine sur le dos ; se laisser faire à ses dépens ; être exploité ; être volé","v"
"1789836363-675","https://www.expressio.fr/toutes-les-expressions","https://www.expressio.fr/toutes-les-expressions/page-14","fine mouche","une personne fine ; une personne astucieuse ; une personne rusée ; fin renard","n"
"1789836363-676","https://www.expressio.fr/toutes-les-expressions","https://www.expressio.fr/toutes-les-expressions/page-14","un pense-bête","note destinée à rappeler ce qu'on a projeté de faire ; aide-mémoire ; mémento","n"
"1789836363-677","https://www.expressio.fr/toutes-les-expressions","https://www.expressio.fr/toutes-les-expressions/page-14","prendre au mot","accepter une proposition faite par quelqu'un qui ne pensait pas être pris au sérieux","v"
"1789836363-678","https://www.expressio.fr/toutes-les-expressions","https://www.expressio.fr/toutes-les-expressions/page-14","faire la pluie et le beau temps","avoir tous les pouvoirs ; être tout puissant ; décider de tout ; se croire tout permis ; disposer de tout et de tous ; être décideur au sein d'un groupe humain ; entraîner une majorité avec soi","v"
"1789836363-679","https://www.expressio.fr/toutes-les-expressions","https://www.expressio.fr/toutes-les-expressions/page-14","un travail arabe","un travail bâclé ; un travail mal fait ; un travail exécuté négligemment ; un travail à refaire","n"
"1789836363-680","https://www.expressio.fr/toutes-les-expressions","https://www.expressio.fr/toutes-les-expressions/page-14","de fil en aiguille","en passant d'une chose à une autre qui lui fait suite ; de propos en propos ; par le jeu naturel des associations d'idées ; par le jeu naturel de l'enchaînement des faits ; progressivement","adv"
"1789836363-681","https://www.expressio.fr/toutes-les-expressions","https://www.expressio.fr/toutes-les-expressions/page-14","jeter une pierre dans le jardin de","lancer une pierre dans le jardin ; lancer une remarque ; lancer une allusion ; lancer une critique dirigée contre la personne","v"
"1789836363-682","https://www.expressio.fr/toutes-les-expressions","https://www.expressio.fr/toutes-les-expressions/page-14","séparer le bon grain de l'ivraie","séparer les méchants et les bons ; le mal et le bien","v"
"1789836363-683","https://www.expressio.fr/toutes-les-expressions","https://www.expressio.fr/toutes-les-expressions/page-14","mettre les pieds dans le plat","aborder une question délicate avec une franchise brutale ; commettre une bévue grossière ; commettre un grave impair ; commettre une indiscrétion impardonnable ; aborder un sujet délicat sans détour ; faire une gaffe grossière ; évoquer gauchement un sujet épineux ; parler sans ménagement ; dire une chose brutalement, par mégarde et manque de tact et parfois avec intention","v"
"1789836363-684","https://www.expressio.fr/toutes-les-expressions","https://www.expressio.fr/toutes-les-expressions/page-14","en boucher un coin","remplir d'étonnement ; réduire au silence ; étonner ; être en admiration ; en stupéfaction ; étonner autrui","v"
"1789836363-685","https://www.expressio.fr/toutes-les-expressions","https://www.expressio.fr/toutes-les-expressions/page-14","s'en moquer comme de colin-tampon","s'en moquer complètement","v"
"1789836363-686","https://www.expressio.fr/toutes-les-expressions","https://www.expressio.fr/toutes-les-expressions/page-14","aller à Canossa","céder complètement devant quelqu'un ; s'humilier devant quelqu'un ; s'avouer vaincu","v"
"1789836363-687","https://www.expressio.fr/toutes-les-expressions","https://www.expressio.fr/toutes-les-expressions/page-14","convoquer le ban et l'arrière-ban","convoquer toutes ses connaissances ; réunir toutes ses connaissances ; réunir ses amis ; réunir sa famille ; rassembler tous les proches dont on attend de l'aide","v"
"1789836363-688","https://www.expressio.fr/toutes-les-expressions","https://www.expressio.fr/toutes-les-expressions/page-14","écrire un poulet","envoyer un poulet ; écrire un billet doux ; envoyer un billet doux ; ecrire un billet galant","v"
"1789836363-689","https://www.expressio.fr/toutes-les-expressions","https://www.expressio.fr/toutes-les-expressions/page-14","proposer la botte","proposer de faire l'amour","v"
"1789836363-690","https://www.expressio.fr/toutes-les-expressions","https://www.expressio.fr/toutes-les-expressions/page-14","manger son chapeau","se déjuger ; se renier ; convenir de s'être trompé ; ravaler sa fierté ; reconnaître son erreur","v"
"1789836363-691","https://www.expressio.fr/toutes-les-expressions","https://www.expressio.fr/toutes-les-expressions/page-14","faire suer le burnous","faire travailler durement ; exploiter ; faire travailler exagérément ; exploiter quelqu'un au maximum ; exploiter la main-d’oeuvre","v"
"1789836363-692","https://www.expressio.fr/toutes-les-expressions","https://www.expressio.fr/toutes-les-expressions/page-14","recevoir une avoinée","recevoir une correction ; se faire battre ; se faire frapper","v"
"1789836363-693","https://www.expressio.fr/toutes-les-expressions","https://www.expressio.fr/toutes-les-expressions/page-14","ce n'est pas ma tasse de thé","ça ne me plaît pas ; ça ne me convient pas ; ce n'est pas mon activité préférée ; ce n'est pas mon domaine préféré ; ce n'est pas ce que je préfère ; ce n'est pas mon truc","exp"
"1789836363-694","https://www.expressio.fr/toutes-les-expressions","https://www.expressio.fr/toutes-les-expressions/page-14","fumer la moquette","être dans un état second ; raconter des bêtises ; délirer","v"
"1789836363-695","https://www.expressio.fr/toutes-les-expressions","https://www.expressio.fr/toutes-les-expressions/page-14","un coup de semonce","un avertissement; une mise en garde ; une menace","n"
"1789836363-696","https://www.expressio.fr/toutes-les-expressions","https://www.expressio.fr/toutes-les-expressions/page-14","des espèces sonnantes et trébuchantes","de la monnaie ; de l'argent liquide ; argent comptant ; du cash","n"
"1789836363-697","https://www.expressio.fr/toutes-les-expressions","https://www.expressio.fr/toutes-les-expressions/page-14","coûter la peau des fesses","coûter les yeux de la tête ; coûter la peau des couilles ; coûter la peau du cul ; coûter très cher","v"
"1789836363-698","https://www.expressio.fr/toutes-les-expressions","https://www.expressio.fr/toutes-les-expressions/page-14","la quille","la fin du service militaire ; la libération","n"
"1789836363-699","https://www.expressio.fr/toutes-les-expressions","https://www.expressio.fr/toutes-les-expressions/page-14","un panier de crabes","un ensemble de personnes qui se haïssent et cherchent à se nuire ; course folle ; boîte de pandore ; marigot","n"
"1789836363-700","https://www.expressio.fr/toutes-les-expressions","https://www.expressio.fr/toutes-les-expressions/page-14","haut les coeurs !","ayons du courage ! ; soyons braves ! ; lançons-nous avec ardeur dans l'action !","exp"
"1789836371-701","https://www.expressio.fr/toutes-les-expressions","https://www.expressio.fr/toutes-les-expressions/page-15","bouffer des briques","ne rien avoir à manger ; avoir très peu à manger ; manger très peu ; manquer de nourriture","v"
"1789836371-702","https://www.expressio.fr/toutes-les-expressions","https://www.expressio.fr/toutes-les-expressions/page-15","tomber en carafe","être frustré ; être abandonné ; être oublié ; tomber en panne ; tomber en rade","v"
"1789836371-703","https://www.expressio.fr/toutes-les-expressions","https://www.expressio.fr/toutes-les-expressions/page-15","à bouche que veux-tu","abondamment ; à profusion","adv"
"1789836371-704","https://www.expressio.fr/toutes-les-expressions","https://www.expressio.fr/toutes-les-expressions/page-15","faire vinaigre","se dépêcher ; action de se dépêcher ; aller plus vite ; formule employée par les enfant au jeu du saut à la corde ; pour indiquer que le mouvement de la corde va s'accélérer","v"
"1789836371-705","https://www.expressio.fr/toutes-les-expressions","https://www.expressio.fr/toutes-les-expressions/page-15","monter sur ses grands chevaux","s'emporter ; se mettre en colère de façon orageuse ; se mettre en colère de façon vocale ; s'importer en prenant de grands airs ; faire une scène ; prendre de haut","v"
"1789836371-706","https://www.expressio.fr/toutes-les-expressions","https://www.expressio.fr/toutes-les-expressions/page-15","avoir la poisse","être malchanceux ; attirer les ennuis","v"
"1789836371-707","https://www.expressio.fr/toutes-les-expressions","https://www.expressio.fr/toutes-les-expressions/page-15","revenons à nos moutons !","revenons à notre sujet ; revenons à ce dont il est question !","exp"
"1789836371-708","https://www.expressio.fr/toutes-les-expressions","https://www.expressio.fr/toutes-les-expressions/page-15","ca ne vaut pas un fifrelin","ça n'a aucune valeur ; ça ne vaut rien","exp"
"1789836371-709","https://www.expressio.fr/toutes-les-expressions","https://www.expressio.fr/toutes-les-expressions/page-15","se faire blackbouler","être refusé à un examen ; être refusé un poste ; être évincé ; être rejeté ; être repoussé","v"
"1789836371-710","https://www.expressio.fr/toutes-les-expressions","https://www.expressio.fr/toutes-les-expressions/page-15","dormir comme une souche","dormir profondément","v"
"1789836371-711","https://www.expressio.fr/toutes-les-expressions","https://www.expressio.fr/toutes-les-expressions/page-15","mordicus","avec ténacité ; obstinément ; opiniâtrement","adv"
"1789836371-712","https://www.expressio.fr/toutes-les-expressions","https://www.expressio.fr/toutes-les-expressions/page-15","un vieux de la vieille","un vieux soldat ; une personne très âgée ayant acquis une sérieuse expérience dans un domaine précis","n"
"1789836371-713","https://www.expressio.fr/toutes-les-expressions","https://www.expressio.fr/toutes-les-expressions/page-15","coiffé au poteau","coiffé sur le poteau ; battu de justesse ; battu de peu","adj"
"1789836371-714","https://www.expressio.fr/toutes-les-expressions","https://www.expressio.fr/toutes-les-expressions/page-15","les lâcher avec un élastique","ne donner quelque chose qu'avec regret; ne prêter de l'argent qu'avec regret ; être réticent ; être avare ; donner ou prêter quelque chose avec regret","exp"
"1789836371-715","https://www.expressio.fr/toutes-les-expressions","https://www.expressio.fr/toutes-les-expressions/page-15","tuer le ver","boire à jeun un verre d'alcool","v"
"1789836371-716","https://www.expressio.fr/toutes-les-expressions","https://www.expressio.fr/toutes-les-expressions/page-15","baisser pavillon","céder ; mettre pavillon bas ; abandonner ; renoncer ; s'avouer vaincu","v"
"1789836371-717","https://www.expressio.fr/toutes-les-expressions","https://www.expressio.fr/toutes-les-expressions/page-15","se monter le bourrichon","se faire des illusions ; exciter l'imagination ; monter une personne contre une autre ; se monter la tête","v"
"1789836371-718","https://www.expressio.fr/toutes-les-expressions","https://www.expressio.fr/toutes-les-expressions/page-15","la part du lion","la plus grosse part ; part belle ; plus grande partie","n"
"1789836371-719","https://www.expressio.fr/toutes-les-expressions","https://www.expressio.fr/toutes-les-expressions/page-15","noyer le poisson","créer la confusion ; embrouiller les choses pour éluder une question ; donner le change ; noyer sous un flot de paroles de manière à l'étourdir ; brouiller les pistes","v"
"1789836371-720","https://www.expressio.fr/toutes-les-expressions","https://www.expressio.fr/toutes-les-expressions/page-15","raide comme un passe-lacet","raide et compassé ; sans argent ; très pauvre ; démuni d'argent ; désargenté ; ruiné","adj"
"1789836371-721","https://www.expressio.fr/toutes-les-expressions","https://www.expressio.fr/toutes-les-expressions/page-15","tout son soûl","à satiété ; autant qu'on veut ; jusqu'à plus soif ; jusqu'à ce qu'on ne puisse plus","adv"
"1789836371-722","https://www.expressio.fr/toutes-les-expressions","https://www.expressio.fr/toutes-les-expressions/page-15","tailler des croupières","faire obstacle ; occasionner des difficultés ; occasionner des embarras ; faire obstacles à des projets ; poser des problèmes ; créer des dommages ; susciter à quelqu'un des embarras ; donner bien de l'ennui à quelqu'un","v"
"1789836371-723","https://www.expressio.fr/toutes-les-expressions","https://www.expressio.fr/toutes-les-expressions/page-15","faire un malheur","faire un éclat ; faire un scandale ; avoir un grand impact ; faire un grand effet ; avoir du succès","v"
"1789836371-724","https://www.expressio.fr/toutes-les-expressions","https://www.expressio.fr/toutes-les-expressions/page-15","avoir quelqu'un dans le collimateur","surveiller quelqu'un ; observer quelqu'un avec méfiance ; observer quelqu'un avec hostilité ; être hostile vis-à-vis d'une personne","v"
"1789836371-725","https://www.expressio.fr/toutes-les-expressions","https://www.expressio.fr/toutes-les-expressions/page-15","dormir comme un sonneur","ronfler comme un sonneur ; dormir très profondément","v"
"1789836371-726","https://www.expressio.fr/toutes-les-expressions","https://www.expressio.fr/toutes-les-expressions/page-15","tiré par les cheveux","douteux ; improbable ; peu naturel ; forcé ; exagéré ; alambiqué","adj"
"1789836371-727","https://www.expressio.fr/toutes-les-expressions","https://www.expressio.fr/toutes-les-expressions/page-15","battre en brèche","contrecarrer ; attaquer une argumentation ; réfuter une règle ; réfuter une décision ; attaquer violemment et systématiquement les idées de quelqu'un ; attaquer","v"
"1789836371-728","https://www.expressio.fr/toutes-les-expressions","https://www.expressio.fr/toutes-les-expressions/page-15","cracher le morceau","se mettre à table ; avouer ; dénoncer des complices","v"
"1789836371-729","https://www.expressio.fr/toutes-les-expressions","https://www.expressio.fr/toutes-les-expressions/page-15","c'est coton","c'est difficile ; c'est pénible","exp"
"1789836371-730","https://www.expressio.fr/toutes-les-expressions","https://www.expressio.fr/toutes-les-expressions/page-15","un pied-noir","un français d'Algérie ; siksika","n"
"1789836371-731","https://www.expressio.fr/toutes-les-expressions","https://www.expressio.fr/toutes-les-expressions/page-15","ça se corse !","ça se complique ; ça devient plus intéressant ; ça devient plus intense ; ça devient plus piquant","exp"
"1789836371-732","https://www.expressio.fr/toutes-les-expressions","https://www.expressio.fr/toutes-les-expressions/page-15","un ange passe !","quel silence ; une pause se produit durant une conversation","exp"
"1789836371-733","https://www.expressio.fr/toutes-les-expressions","https://www.expressio.fr/toutes-les-expressions/page-15","bête à manger du foin","complètement idiot ; stupide ; bête comme ses pieds ; idiot ; niais et très peu intelligent ; très bête","adj"
"1789836371-734","https://www.expressio.fr/toutes-les-expressions","https://www.expressio.fr/toutes-les-expressions/page-15","faire des gorges chaudes","faire un objet de plaisanterie ; se moquer ; railler ; se moquer excessivement ; se moquer de par des plaisanteries plus ou moins malveillantes ; faire gorge chaude de ; faire des plaisanteries ; exercer sa malignité","v"
"1789836371-735","https://www.expressio.fr/toutes-les-expressions","https://www.expressio.fr/toutes-les-expressions/page-15","tonnerre de Brest","mille milliards de mille sabords ; mille sabords","exp"
"1789836371-736","https://www.expressio.fr/toutes-les-expressions","https://www.expressio.fr/toutes-les-expressions/page-15","dans la mouise","dans la purée ; dans la panade ; dans le besoin ; dans la misère ; dans de beaux draps","adv"
"1789836371-737","https://www.expressio.fr/toutes-les-expressions","https://www.expressio.fr/toutes-les-expressions/page-15","ce n'est pas le Pérou !","ce n'est pas une fortune ; c'est une somme modeste ; ça ne rapporte pas beaucoup ; ce n'est pas grand chose","exp"
"1789836371-738","https://www.expressio.fr/toutes-les-expressions","https://www.expressio.fr/toutes-les-expressions/page-15","faire des messes basses","dire des paroles chuchotées à l'oreille de quelqu'un afin qu'elles ne soient entendues par personne d'autre ; murmurer ; chuchoter ; discuter avec quelqu'un de façon à ce que personne n'entende ce qui a été dit ; parler à quelqu'un de sorte que personne d'autre n'entende","v"
"1789836371-739","https://www.expressio.fr/toutes-les-expressions","https://www.expressio.fr/toutes-les-expressions/page-15","couler de source","être la conséquence normale d'un fait ; aller de soi ; être évident ; se produire de façon naturelle, spontanée et logique","v"
"1789836371-740","https://www.expressio.fr/toutes-les-expressions","https://www.expressio.fr/toutes-les-expressions/page-15","se reposer sur ses lauriers","s'endormir sur ses lauriers ; se contenter d'un premier succès ; vivre sur une ancienne gloire ; ne plus faire d'efforts ; crier victoire ; s'asseoir sur ses lauriers ; jouir d'un repos mérité après de grands et nombreux succès ; ne plus faire d'efforts suite à une grande réussite","v"
"1789836371-741","https://www.expressio.fr/toutes-les-expressions","https://www.expressio.fr/toutes-les-expressions/page-15","être fait comme un rat","être pris ; être mis dans l'impossibilité de fuir ; être dans une situation sans issue ; être pris au piège ; ne plus avoir d'issue ; ne plus avoir de solution","v"
"1789836371-742","https://www.expressio.fr/toutes-les-expressions","https://www.expressio.fr/toutes-les-expressions/page-15","dire ses quatre vérités","dire ce qu'on pense de quelqu'un franchement et brutalement ; dire des choses désobligeantes ; dire des choses blessantes ; dire des choses sans ménagement","v"
"1789836371-743","https://www.expressio.fr/toutes-les-expressions","https://www.expressio.fr/toutes-les-expressions/page-15","foi du charbonnier","conviction absolue ; conviction inébranlable et naïve ; croyance naïve dans les vérités de la religion ; foi religieuse d'un homme simple","n"
"1789836371-744","https://www.expressio.fr/toutes-les-expressions","https://www.expressio.fr/toutes-les-expressions/page-15","pas de clerc","maladresse ; erreur par inexpérience ou ignorance ; démarche ; initiative imprudente ; bêtise","n"
"1789836371-745","https://www.expressio.fr/toutes-les-expressions","https://www.expressio.fr/toutes-les-expressions/page-15","ça ne mange pas de pain","ça ne coûte rien ; ça ne provoque rien de désagréable ; ça n'engage à rien d'essayer ; ça ne demande aucun entretien ; ça ne nécessite pas de grande dépense ou de grands efforts ; cela ne peut nuire ; cela ne fait pas prendre de grands risques","exp"
"1789836371-746","https://www.expressio.fr/toutes-les-expressions","https://www.expressio.fr/toutes-les-expressions/page-15","porter aux nues","manifester un grand enthousiasme pour ; admirer ; attribuer des mérites excessifs ; surestimer ; encenser excessivement ; attribuer des mérites excessifs à quelqu'un ; louer excessivement","v"
"1789836371-747","https://www.expressio.fr/toutes-les-expressions","https://www.expressio.fr/toutes-les-expressions/page-15","nul n'est prophète en son pays","il est plus difficile d'être apprécié chez soi qu'à l'étranger ; les talents de quelqu'un ne sont jamais assez reconnus par les siens ; on a usuellement moins de succès en son pays qu'ailleurs ; c'est parmi les siens qu'on a le moins de chances d'être cru","exp"
"1789836371-748","https://www.expressio.fr/toutes-les-expressions","https://www.expressio.fr/toutes-les-expressions/page-15","à la bonne franquette","sans façons ; simplement ; à la fortune du pot ; sans complications ; sans chichi ; comme à la maison ; façon d'agir simple ; sans embarras ; sans cérémonie ; en toute simplicité","adv"
"1789836371-749","https://www.expressio.fr/toutes-les-expressions","https://www.expressio.fr/toutes-les-expressions/page-15","levée de boucliers","tollé ; indignation ; démonstration collective d'opposition ; révolte ; manifestation générale d'hostilité ; mouvement d'indignation","n"
"1789836371-750","https://www.expressio.fr/toutes-les-expressions","https://www.expressio.fr/toutes-les-expressions/page-15","donner du fil à retordre","causer des difficultés ; causer des ennuis ; causer des embarras ; créer des soucis ; être difficile ; être ardu","v"
"1789836383-751","https://www.expressio.fr/toutes-les-expressions","https://www.expressio.fr/toutes-les-expressions/page-16","je vous en donne mon billet","je vous en fous mon billet ; je vous en fiche mon billet ; je vous affirme que ; je vous l'assure ; je vous le certifie","exp"
"1789836383-752","https://www.expressio.fr/toutes-les-expressions","https://www.expressio.fr/toutes-les-expressions/page-16","à votre santé !","tchin ; santé ; on trinque ; un toast ; à ta santé ; à la vôtre","exp"
"1789836383-753","https://www.expressio.fr/toutes-les-expressions","https://www.expressio.fr/toutes-les-expressions/page-16","faire passer un chameau par le chas d'une aiguille","tenter quelque chose d'impossible ou de très difficile ; essayer l'impossible","v"
"1789836383-754","https://www.expressio.fr/toutes-les-expressions","https://www.expressio.fr/toutes-les-expressions/page-16","une arme blanche","une arme munie d'une lame ; poignard ; couteau ; surin","n"
"1789836383-755","https://www.expressio.fr/toutes-les-expressions","https://www.expressio.fr/toutes-les-expressions/page-16","corvéable à merci","taillable à merci ; bon pour faire les corvées ; destiné à être exploité ; exploitable sans limite","adj"
"1789836383-756","https://www.expressio.fr/toutes-les-expressions","https://www.expressio.fr/toutes-les-expressions/page-16","ça va barder !","tu vas voir ce que tu vas voir ; je vais m'énerver","exp"
"1789836383-757","https://www.expressio.fr/toutes-les-expressions","https://www.expressio.fr/toutes-les-expressions/page-16","un oeuf à la coque","un oeuf cuit dans sa coquille dont le blanc et le jaune restent semi-liquides","n"
"1789836383-758","https://www.expressio.fr/toutes-les-expressions","https://www.expressio.fr/toutes-les-expressions/page-16","y mettre du sien","y mettre de la bonne volonté ; s'investir ; participer activement ; contribuer à quelque chose ; donner de sa personne","v"
"1789836383-759","https://www.expressio.fr/toutes-les-expressions","https://www.expressio.fr/toutes-les-expressions/page-16","faire une croix sur","renoncer définitivement à ; renoncer ; s'asseoir dessus ; ne plus espérer obtenir une chose ; ne plus compter sur","v"
"1789836383-760","https://www.expressio.fr/toutes-les-expressions","https://www.expressio.fr/toutes-les-expressions/page-16","ne pas valoir un pet de lapin","n'avoir aucune valeur ; ne rien valoir","v"
"1789836383-761","https://www.expressio.fr/toutes-les-expressions","https://www.expressio.fr/toutes-les-expressions/page-16","long comme un jour sans pain","très long ; interminable ; ennuyeux","adj"
"1789836383-762","https://www.expressio.fr/toutes-les-expressions","https://www.expressio.fr/toutes-les-expressions/page-16","connu comme le loup blanc","très connu ; connu comme le pont Neuf ; qui est extrêmement connu","adj"
"1789836383-763","https://www.expressio.fr/toutes-les-expressions","https://www.expressio.fr/toutes-les-expressions/page-16","boire en Suisse","faire quelque chose en Suisse ; boire quelque chose seul ; manger quelque chose seul ; faire une action sans inviter ses amis ; boire seul","exp"
"1789836383-764","https://www.expressio.fr/toutes-les-expressions","https://www.expressio.fr/toutes-les-expressions/page-16","vendre son âme au diable","donner son âme au diable ; vendre sa dignité en échange de quelque chose ; aliéner sa liberté ; conclure avec le diable un pacte selon lequel il accorde certains privilèges pendant la vie terrestre en échange de la possession et de la damnation éternelle de l'âme ; privilégier une forte valeur financière à la morale","v"
"1789836383-765","https://www.expressio.fr/toutes-les-expressions","https://www.expressio.fr/toutes-les-expressions/page-16","risquer sa peau","prendre des risques majeurs ; s'exposer à un risque ; jouer sa peau","v"
"1789836383-766","https://www.expressio.fr/toutes-les-expressions","https://www.expressio.fr/toutes-les-expressions/page-16","une douche écossaise","un traitement très contrasté","n"
"1789836383-767","https://www.expressio.fr/toutes-les-expressions","https://www.expressio.fr/toutes-les-expressions/page-16","à son grand regret","au grand désavantage ; au détriment ; au grand regret ; avec regret ; avec peine","adv"
"1789836383-768","https://www.expressio.fr/toutes-les-expressions","https://www.expressio.fr/toutes-les-expressions/page-16","tomber sur un os","rencontrer une difficulté imprévue ; se heurter à un mur ; avoir un pépin ; trouver un obstacle ; trouver une difficulté imprévue ; pogner un noeud ; être victime d'un imprévu qui pose problème","v"
"1789836383-769","https://www.expressio.fr/toutes-les-expressions","https://www.expressio.fr/toutes-les-expressions/page-16","dur comme fer","très fermement ; sans pouvoir être détrompé ; très dur","adv"
"1789836383-770","https://www.expressio.fr/toutes-les-expressions","https://www.expressio.fr/toutes-les-expressions/page-16","sage comme une image","calme ; tranquille ; très sage ; très docile ; enfant tranquille et silencieux ; qui n'est pas turbulent ; qui est très docile et obéissant","adj"
"1789836383-771","https://www.expressio.fr/toutes-les-expressions","https://www.expressio.fr/toutes-les-expressions/page-16","être rond comme","être complètement soûl","v"
"1789836383-772","https://www.expressio.fr/toutes-les-expressions","https://www.expressio.fr/toutes-les-expressions/page-16","manger à s'en faire péter la sous-ventrière","beaucoup trop manger ; manger trop","exp"
"1789836383-773","https://www.expressio.fr/toutes-les-expressions","https://www.expressio.fr/toutes-les-expressions/page-16","à couteaux tirés","dans une situation de grande hostilité ; dans une situation très tendue ; dans une situation très fâché ; en guerre ouverte ; en conflit ouvert ; en grande dispute ; en complète inimitié ; comme chien et chat ; diamétralement opposés","adj"
"1789836383-774","https://www.expressio.fr/toutes-les-expressions","https://www.expressio.fr/toutes-les-expressions/page-16","la danse de Saint-Guy","la chorée de Sydenham","n"
"1789836383-775","https://www.expressio.fr/toutes-les-expressions","https://www.expressio.fr/toutes-les-expressions/page-16","faire la cour","courtiser ; flirter ; roucouler ; marivauder","v"
"1789836383-776","https://www.expressio.fr/toutes-les-expressions","https://www.expressio.fr/toutes-les-expressions/page-16","le premier chien coiffé","le premier venu","exp"
"1789836383-777","https://www.expressio.fr/toutes-les-expressions","https://www.expressio.fr/toutes-les-expressions/page-16","la corde au cou","complètement à la merci de quelqu'un ; dans une situation périlleuse ; dans une situation désespérée ; avec des difficultés financières","exp"
"1789836383-778","https://www.expressio.fr/toutes-les-expressions","https://www.expressio.fr/toutes-les-expressions/page-16","un pince-sans-rire","personne qui pratique l'humour sans en avoir l'air ; personne qui fait de l'ironie à froid","adj"
"1789836383-779","https://www.expressio.fr/toutes-les-expressions","https://www.expressio.fr/toutes-les-expressions/page-16","couper l'herbe sous le pied","frustrer quelqu'un d'un avantage attendu en le devançant ; empêcher quelqu'un de réussir dans une entreprise en le supplantant ; obtenir à la place d'une personne apparemment mieux placée ; savonner la planche ; empêcher quelqu'un de réussir dans une entreprise ; le supplanter ; supplanter quelqu'un dans quelque affaire ; devancer ; prendre de vitesse","v"
"1789836383-780","https://www.expressio.fr/toutes-les-expressions","https://www.expressio.fr/toutes-les-expressions/page-16","dans ces eaux-là","dans les mêmes eaux ; de la même valeur ; de la même quantité ; de la même qualité ; approximativement ; à peu près ; environ","adv"
"1789836383-781","https://www.expressio.fr/toutes-les-expressions","https://www.expressio.fr/toutes-les-expressions/page-16","griller un feu rouge","brûler un feu ; ne pas s'arrêter ; passer un feu de circulation qui est au rouge","v"
"1789836383-782","https://www.expressio.fr/toutes-les-expressions","https://www.expressio.fr/toutes-les-expressions/page-16","un coup de pied en vache","une action faite en traître ; une action faite en hypocrite ; un procédé déloyal","n"
"1789836383-783","https://www.expressio.fr/toutes-les-expressions","https://www.expressio.fr/toutes-les-expressions/page-16","un travail de titan","un travail titanesque ; un travail énorme ; un travail colossal ; un travail gigantesque ; un travail d'Hercule ; une tâche très difficile","exp"
"1789836383-784","https://www.expressio.fr/toutes-les-expressions","https://www.expressio.fr/toutes-les-expressions/page-16","lâcher la grappe","arrêter d'importuner ; laisser tranquille","v"
"1789836383-785","https://www.expressio.fr/toutes-les-expressions","https://www.expressio.fr/toutes-les-expressions/page-16","plier bagage","partir ; s'en aller ; s'enfuir ; décamper ; mourir","v"
"1789836383-786","https://www.expressio.fr/toutes-les-expressions","https://www.expressio.fr/toutes-les-expressions/page-16","manger les pissenlits par la racine","être mort et enterré ; bouffer les pissenlits par la racine ; nourrir les pissenlits par la racine","v"
"1789836383-787","https://www.expressio.fr/toutes-les-expressions","https://www.expressio.fr/toutes-les-expressions/page-16","être mal barré","être mal engagé ; aller à l'échec ; aller au devant de gros ennuis ; être mal parti","v"
"1789836383-788","https://www.expressio.fr/toutes-les-expressions","https://www.expressio.fr/toutes-les-expressions/page-16","qu'à cela ne tienne","peu importe ! ; que cela ne soit pas un obstacle ! ; cela n'a pas d'importance !","adv"
"1789836383-789","https://www.expressio.fr/toutes-les-expressions","https://www.expressio.fr/toutes-les-expressions/page-16","à la colle","en concubinage","exp"
"1789836383-790","https://www.expressio.fr/toutes-les-expressions","https://www.expressio.fr/toutes-les-expressions/page-16","prendre ses cliques et ses claques","prendre toutes ses affaires et partir","v"
"1789836383-791","https://www.expressio.fr/toutes-les-expressions","https://www.expressio.fr/toutes-les-expressions/page-16","se ranger des voitures","passer à une vie plus sage ; passer à une vie plus honnête ; s'assagir","v"
"1789836383-792","https://www.expressio.fr/toutes-les-expressions","https://www.expressio.fr/toutes-les-expressions/page-16","ce n'est pas une lumière","une personne intelligente ; luminosité ; lueur ; éclairage ; rayonnement ; illumination","exp"
"1789836383-793","https://www.expressio.fr/toutes-les-expressions","https://www.expressio.fr/toutes-les-expressions/page-16","comme un manche","maladroitement ; stupidement","adv"
"1789836383-794","https://www.expressio.fr/toutes-les-expressions","https://www.expressio.fr/toutes-les-expressions/page-16","fer de lance","partie avancée et offensive d'un dispositif militaire ; partie d'un dispositif qui agit directement et efficacement contre un adversaire ; ce qui, dans un ensemble, est le plus dynamique ; ce qui est le plus important ; pointe de lance ; peloton de tête ; pointe de l'épée ; avant-garde en matière ; celui qui est le plus représentatif","n"
"1789836383-795","https://www.expressio.fr/toutes-les-expressions","https://www.expressio.fr/toutes-les-expressions/page-16","baiser de Judas","une traîtrise ; une félonie ; un geste d'affection cachant une intention sournoise ; baiser hypocrite ; signe de trahison ; trahison faite de façon sournoise","n"
"1789836383-796","https://www.expressio.fr/toutes-les-expressions","https://www.expressio.fr/toutes-les-expressions/page-16","bouc émissaire","tête de turc ; personne sur laquelle on fait retomber tous les torts ; personne sur laquelle on fait retomber la responsabilité d'un échec ; victime expiatoire","n"
"1789836383-797","https://www.expressio.fr/toutes-les-expressions","https://www.expressio.fr/toutes-les-expressions/page-16","au septième ciel","aux anges ; en plein bonheur ; dans la lune ; au sommet du monde ; au ciel ; entre les nuages ; tout excité ; ravi ; extrêmement ravi ; éprouvant un bonheur intense","adj"
"1789836383-798","https://www.expressio.fr/toutes-les-expressions","https://www.expressio.fr/toutes-les-expressions/page-16","jeter la première pierre","accuser ; blâmer ; critiquer ; condamner ; jeter des cailloux","v"
"1789836383-799","https://www.expressio.fr/toutes-les-expressions","https://www.expressio.fr/toutes-les-expressions/page-16","les deux mon adjudant !","les deux mon général ! ; les deux mon capitaine ! ; les deux sont vrais ; les deux mon lieutenant ; les deux mon commandant ; les deux mon colonel","exp"
"1789836383-800","https://www.expressio.fr/toutes-les-expressions","https://www.expressio.fr/toutes-les-expressions/page-16","le Grenelle de","un débat multipartite supposé résoudre des problèmes importants à l'échelle du pays","n"
"1789836388-801","https://www.expressio.fr/toutes-les-expressions","https://www.expressio.fr/toutes-les-expressions/page-17","avoir les foies","avoir peur ; manquer d'audace","v"
"1789836388-802","https://www.expressio.fr/toutes-les-expressions","https://www.expressio.fr/toutes-les-expressions/page-17","casser la croûte","rompre le pain ; manger ; se restaurer rapidement et légèrement","v"
"1789836388-803","https://www.expressio.fr/toutes-les-expressions","https://www.expressio.fr/toutes-les-expressions/page-17","à son corps défendant","contre son gré ; à regret ; à contrecoeur ; malgré soi ; avec hésitation ; avec réticence","adv"
"1789836388-804","https://www.expressio.fr/toutes-les-expressions","https://www.expressio.fr/toutes-les-expressions/page-17","sonner le tocsin","alerter ; ameuter ; exciter l'opinion","v"
"1789836388-805","https://www.expressio.fr/toutes-les-expressions","https://www.expressio.fr/toutes-les-expressions/page-17","il ferait beau voir","ce serait bien le comble ; on serait mal venu ; il serait incroyable ; il serait curieux ; il serait comique ; il est réconfortant ; il est agréable de constater ; il fait beau voir","exp"
"1789836388-806","https://www.expressio.fr/toutes-les-expressions","https://www.expressio.fr/toutes-les-expressions/page-17","d'arrache-pied","durement ; sans relâche ; en fournissant un effort intense ; avec acharnement","adv"
"1789836388-807","https://www.expressio.fr/toutes-les-expressions","https://www.expressio.fr/toutes-les-expressions/page-17","des économies de bouts de chandelle","des économies dérisoires ; des économies sordides","n"
"1789836388-808","https://www.expressio.fr/toutes-les-expressions","https://www.expressio.fr/toutes-les-expressions/page-17","cracher dans la soupe","afficher du mépris pour ce dont on tire avantage ; critiquer ce qui permet d'assurer sa subsistance ; mordre la main nourricière ; mordre la main qui vous nourrit ; mordre la main qui vous tend à manger","v"
"1789836388-809","https://www.expressio.fr/toutes-les-expressions","https://www.expressio.fr/toutes-les-expressions/page-17","sous les feux de la rampe","sous les feux des projecteurs ; sur scène ; publiquement exposé ; célèbre ; sous les projecteurs ; sous les projos ; à l'honneur","adv"
"1789836388-810","https://www.expressio.fr/toutes-les-expressions","https://www.expressio.fr/toutes-les-expressions/page-17","et tout le tremblement","et tout le reste ; et tout ce qui s'ensuit ; et tout ce qui va avec ; tout le tralala ; etc","exp"
"1789836388-811","https://www.expressio.fr/toutes-les-expressions","https://www.expressio.fr/toutes-les-expressions/page-17","signer son arrêt de mort","faire quelque chose qui conduit à la mort ; commettre un acte qui va conduire inéluctablement à la mort ; atteindre le point de non retour","v"
"1789836388-812","https://www.expressio.fr/toutes-les-expressions","https://www.expressio.fr/toutes-les-expressions/page-17","le téléphone arabe","bouche à oreille ; transmission très rapide d'une information par le bouche à oreille","n"
"1789836388-813","https://www.expressio.fr/toutes-les-expressions","https://www.expressio.fr/toutes-les-expressions/page-17","pousser des cris d'orfraie","hurler ; pousser des cris stridents ; protester violemment","v"
"1789836388-814","https://www.expressio.fr/toutes-les-expressions","https://www.expressio.fr/toutes-les-expressions/page-17","acheter chat en poche","conclure un marché sans voir l'objet de la vente ; acheter le chat pour le lièvre ; effectuer un achat sans pour autant voir la marchandise ; conclure une affaire sans examiner l’objet de la vente","v"
"1789836388-815","https://www.expressio.fr/toutes-les-expressions","https://www.expressio.fr/toutes-les-expressions/page-17","une solution de continuité","une interruption de la continuité ; une séparation ; une rupture ; discontinuité ; brusque variation","n"
"1789836388-816","https://www.expressio.fr/toutes-les-expressions","https://www.expressio.fr/toutes-les-expressions/page-17","en rang d'oignons","sur une seule ligne ; à la file ; alignés ; en file indienne ; à la queue leu-leu","adv"
"1789836388-817","https://www.expressio.fr/toutes-les-expressions","https://www.expressio.fr/toutes-les-expressions/page-17","au trente-sixième dessous","au 36è dessous ; dans le trente-sixième dessous ; un échec retentissant ; dans la misère ; dans une grande détresse ; au troisième dessous ; à la nage ; au bout du rouleau ; aux abois ; dans la dèche ; dans la mouise ; dans la panade ; dans le pétrin ; sur la paille ; dans une situation pénible ; dans le quatorzième dessous ; dans le troisième dessous","adv"
"1789836388-818","https://www.expressio.fr/toutes-les-expressions","https://www.expressio.fr/toutes-les-expressions/page-17","tiré à quatre épingles","être vêtu avec un soin méticuleux ; soigneusement vêtu ; élégant ; habillé de façon très soigneuse ; d'une élégance impeccable ; très appêté","adj"
"1789836388-819","https://www.expressio.fr/toutes-les-expressions","https://www.expressio.fr/toutes-les-expressions/page-17","à deux vitesses","à deux niveaux ; à deux volets ; à plusieurs vitesses ; qui se fait de façon différente selon les personnes auxquelles on a affaire ; selon le niveau de revenus des personnes avece lesquelles on a affiare ; selon un traitement différencié ; dépendant du type d'usager ; à la tête du client ; qui fait deux poids deux mesures ; qui considère différemment les usagers selon leurs revenus","adj"
"1789836388-820","https://www.expressio.fr/toutes-les-expressions","https://www.expressio.fr/toutes-les-expressions/page-17","de plein fouet","violemment ; de front ; durement ; carrément ; de front et avec force ; sans pouvoir y échapper ou s'en protéger ; avec surprise et sans alternative","adv"
"1789836388-821","https://www.expressio.fr/toutes-les-expressions","https://www.expressio.fr/toutes-les-expressions/page-17","à la clef","qui est la suite ou conséquence inévitable de ce dont il a été précédemment question ; en récompense ; à l'issue","adv"
"1789836388-822","https://www.expressio.fr/toutes-les-expressions","https://www.expressio.fr/toutes-les-expressions/page-17","à belles dents","de bon appétit ; avec beaucoup d'énergie ; avec entrain ; avec enthousiasme ; avec un grand appétit ; avec force ; avec vigueur","adv"
"1789836388-823","https://www.expressio.fr/toutes-les-expressions","https://www.expressio.fr/toutes-les-expressions/page-17","la bête noire","ennemie juré ; némésis ; une personne détestée ; une chose détestée ; insupportable","n"
"1789836388-824","https://www.expressio.fr/toutes-les-expressions","https://www.expressio.fr/toutes-les-expressions/page-17","faire flèche de tout bois","mettre tous les moyens en oeuvre pour réussir ; faire feu de tout bois ; mettre toutes les chances de son côté pour atteindre son objectif ; employer tous les moyens possibles pour parvenir à ses fins ; mettre en oeuvre tout ce que l'on peut, pour réussir dans une entreprise","v"
"1789836388-825","https://www.expressio.fr/toutes-les-expressions","https://www.expressio.fr/toutes-les-expressions/page-17","sur le bout des doigts","comme sa poche ; par coeur ; parfaitement ; de fond en comble","adv"
"1789836388-826","https://www.expressio.fr/toutes-les-expressions","https://www.expressio.fr/toutes-les-expressions/page-17","mettre l'eau à la bouche","exciter l'envie ; attiser la curiosité ; donner envie ; faire du teasing","v"
"1789836388-827","https://www.expressio.fr/toutes-les-expressions","https://www.expressio.fr/toutes-les-expressions/page-17","se faire de la bile","se faire du souci ; se biler ; se tourmenter ; se faire du mauvais sang ; s'inquiéter","v"
"1789836388-828","https://www.expressio.fr/toutes-les-expressions","https://www.expressio.fr/toutes-les-expressions/page-17","en avoir gros sur le coeur","être plein d'amertume ; être plein de souffrances contenues ; être triste ; être ému ; être déprimé ; être démoralisé","exp"
"1789836388-829","https://www.expressio.fr/toutes-les-expressions","https://www.expressio.fr/toutes-les-expressions/page-17","un maître queux","un maître coq ; un cuisinier ; un cuisinier à bord d'un bateau","exp"
"1789836388-830","https://www.expressio.fr/toutes-les-expressions","https://www.expressio.fr/toutes-les-expressions/page-17","ça me gonfle","ça m'agace ; ça m'énerve ; ça m'exaspère","adv"
"1789836388-831","https://www.expressio.fr/toutes-les-expressions","https://www.expressio.fr/toutes-les-expressions/page-17","un cousin germain","un cousin direct ; chose qui a des traits communs ; chose qui a des ressemblances avec une autre","n"
"1789836388-832","https://www.expressio.fr/toutes-les-expressions","https://www.expressio.fr/toutes-les-expressions/page-17","blanchir sous le harnais","exercer longtemps le même métier ; acquérir une expérience reconnue dans un domaine","v"
"1789836388-833","https://www.expressio.fr/toutes-les-expressions","https://www.expressio.fr/toutes-les-expressions/page-17","la roue tourne","les choses changent ; les choses évoluent ; les hasards et vicissitudes de la vie font passer quelqu'un de la réussite à l'échec ou inversement ; peu importe la situation, les choses évoluent avec le temps ; la situation change ; les positions s'inversent","exp"
"1789836388-834","https://www.expressio.fr/toutes-les-expressions","https://www.expressio.fr/toutes-les-expressions/page-17","aller à Tataouine","aller très loin ; au bout du monde ; aller en enfer ; aller au bout du monde","v"
"1789836388-835","https://www.expressio.fr/toutes-les-expressions","https://www.expressio.fr/toutes-les-expressions/page-17","ça va durer 3 plombes","ça va durer 3 heures","exp"
"1789836388-836","https://www.expressio.fr/toutes-les-expressions","https://www.expressio.fr/toutes-les-expressions/page-17","donner un tuyau à quelqu'un","donner un renseignement plus ou moins confidentiel à quelqu'un","v"
"1789836388-837","https://www.expressio.fr/toutes-les-expressions","https://www.expressio.fr/toutes-les-expressions/page-17","piquer un fard","rougir brusquement ; piquer un soleil ; rougir soudainement ; rougir sous l'effet d'une émotion soudaine ; rougir subitement","v"
"1789836388-838","https://www.expressio.fr/toutes-les-expressions","https://www.expressio.fr/toutes-les-expressions/page-17","l'avoir dans l'os","subir un échec ; éprouver une déception ; se faire berner ; l'avoir dans le cul","v"
"1789836388-839","https://www.expressio.fr/toutes-les-expressions","https://www.expressio.fr/toutes-les-expressions/page-17","des paroles sibyllines","des paroles énigmatiques ; des paroles mystérieuses ; des paroles obscures","exp"
"1789836388-840","https://www.expressio.fr/toutes-les-expressions","https://www.expressio.fr/toutes-les-expressions/page-17","tomber des cordes","pleuvoir ; tomber des hallebardes ; pleuvoir des hallebardes ; pleuvoir très fort ; pleuvoir à verse ; pleuvoir des cordes","v"
"1789836388-841","https://www.expressio.fr/toutes-les-expressions","https://www.expressio.fr/toutes-les-expressions/page-17","au petit pied","en plus petit ; en raccourci ; à petite échelle ; à plus petite échelle ; dans de modestes proportions","adv"
"1789836388-842","https://www.expressio.fr/toutes-les-expressions","https://www.expressio.fr/toutes-les-expressions/page-17","faire la barbe","se moquer ; narguer quelqu'un ; emporter quelqu'un ; avoir l'avantage","v"
"1789836388-843","https://www.expressio.fr/toutes-les-expressions","https://www.expressio.fr/toutes-les-expressions/page-17","être à cheval sur","être très exigeant ; être très strict sur ; attacher une grande importance ; tenir rigoureusement à ; être sévère ; être strict vis-à-vis de","v"
"1789836388-844","https://www.expressio.fr/toutes-les-expressions","https://www.expressio.fr/toutes-les-expressions/page-17","sur la paille","en faillite ; dans la misère ; fauché ; à sec ; sans le sou","adv"
"1789836388-845","https://www.expressio.fr/toutes-les-expressions","https://www.expressio.fr/toutes-les-expressions/page-17","la fleur au fusil","avec insouciance et naïveté ; avec enthousiasme ; avec gaieté et courage ; avec entrain","exp"
"1789836388-846","https://www.expressio.fr/toutes-les-expressions","https://www.expressio.fr/toutes-les-expressions/page-17","porter le chapeau","avoir mauvaise réputation ; être considéré comme responsable d'une faute ; être considéré coupable d'un délit ; être responsable d'une faute ; endosser la responsabilité d'une action ; assumer des faits souvent indépendants de sa volonté","v"
"1789836388-847","https://www.expressio.fr/toutes-les-expressions","https://www.expressio.fr/toutes-les-expressions/page-17","peau de vache","une personne méchante ; une personne dure ; une personne hostile ; un individu dur ; personne d'une sévérité excessive","n"
"1789836388-848","https://www.expressio.fr/toutes-les-expressions","https://www.expressio.fr/toutes-les-expressions/page-17","le benjamin","personne la plus jeune ; cadet ; dernier-né ; petit dernier ; favori","n"
"1789836388-849","https://www.expressio.fr/toutes-les-expressions","https://www.expressio.fr/toutes-les-expressions/page-17","un lambda","un moyen ; un ordinaire ; un quelconque ; banal ; commun","n"
"1789836388-850","https://www.expressio.fr/toutes-les-expressions","https://www.expressio.fr/toutes-les-expressions/page-17","des goûts et des couleurs, on ne discute pas","chacun peut légitimement avoir ses propres goûts ; chacun a le droit d'avoir ses propres opinions et méthodes ; toute personne est libre d'avoir ses propres goûts et ses propres avis ; l'appréciation de la beauté est subjective ; vouloir forcer quelqu'un à partager ses goûts est vain","exp"
"1789836394-851","https://www.expressio.fr/toutes-les-expressions","https://www.expressio.fr/toutes-les-expressions/page-18","faire en perruque","faire de la perruque ; travailler pour son propre compte dans son entreprise ; faire une tâche personnelle avec le matériel de l'entreprise, pendant les heures de travail","v"
"1789836394-852","https://www.expressio.fr/toutes-les-expressions","https://www.expressio.fr/toutes-les-expressions/page-18","avoir une case en moins","être limité intellectuellement ; avoir une case vide ; être anormal ; être fou ; bercé trop près du mur ; onduler de la toiture ; yoyoter de la touffe ; ne pas avoir toute sa tête","v"
"1789836394-853","https://www.expressio.fr/toutes-les-expressions","https://www.expressio.fr/toutes-les-expressions/page-18","discuter le bout de gras","converser amicalement de choses et d'autres ; échanger une conversation ; bavarder","v"
"1789836394-854","https://www.expressio.fr/toutes-les-expressions","https://www.expressio.fr/toutes-les-expressions/page-18","se tenir à carreau","être sur ses gardes ; ne pas se manifester ; s'efforcer de passer inaperçu ; rester discret ; ne pas faire de vague","v"
"1789836394-855","https://www.expressio.fr/toutes-les-expressions","https://www.expressio.fr/toutes-les-expressions/page-18","à cheval donné on ne regarde pas les dents","à cheval donné on ne regarde pas la bouche ; à cheval donné on ne regarde pas la bride ; il faut toujours être content d'un cadeau reçu ; on ne doit pas critiquer un cadeau, quand bien même aurait-il un défaut ; il ne faut pas critiquer ce qui est offert en cadeau ; il est ingrat de critiquer un cadeau ; peu importe sa valeur, un cadeau doit être toujours apprécié","exp"
"1789836394-856","https://www.expressio.fr/toutes-les-expressions","https://www.expressio.fr/toutes-les-expressions/page-18","avoir bon pied, bon oeil","avoir l'air alerte ; avoir l'air vif ; avoir l'air vigoureux ; avoir l'air en bonne santé ; être en bonne santé","v"
"1789836394-857","https://www.expressio.fr/toutes-les-expressions","https://www.expressio.fr/toutes-les-expressions/page-18","enfant du sérail","élevé dans le sérail ; faire partie du sérail ; nourri dans le sérail ; une personne qui n'ignore rien ; une personne qui a une longue expérience d'un certain milieu ; une personne qui a une longue expérience d'un corps constitué","exp"
"1789836394-858","https://www.expressio.fr/toutes-les-expressions","https://www.expressio.fr/toutes-les-expressions/page-18","un peu, mon neveu !","je veux, mon neveu ! ; naturellement ! ; ça va de soi !","exp"
"1789836394-859","https://www.expressio.fr/toutes-les-expressions","https://www.expressio.fr/toutes-les-expressions/page-18","on ne fait pas d'omelette sans casser des oeufs","on n'obtient rien sans faire un minimum de sacrifices ; on n'obtient rien sans prendre quelques risques inévitables ; on a rien sans rien","exp"
"1789836394-860","https://www.expressio.fr/toutes-les-expressions","https://www.expressio.fr/toutes-les-expressions/page-18","bourrer le mou","raconter des mensonges ; chercher à tromper ; tenter de duper","v"
"1789836394-861","https://www.expressio.fr/toutes-les-expressions","https://www.expressio.fr/toutes-les-expressions/page-18","à la mode de Bretagne","des parents éloignés à qui on donne des noms de proches parents ; une relation lointaine entre deux choses ; un parent éloigné ; un cousin très éloigné ; parent éloigné ; de parenté douteuse","adj"
"1789836394-862","https://www.expressio.fr/toutes-les-expressions","https://www.expressio.fr/toutes-les-expressions/page-18","à la noix","dénué de valeur ; pas sérieux ; de mauvaise qualité ; bidon ; à la noix de coco ; sans valeur ; mal fait","adj"
"1789836394-863","https://www.expressio.fr/toutes-les-expressions","https://www.expressio.fr/toutes-les-expressions/page-18","péter une durite","péter un câble ; péter ; péter les plombs ; craquer ; devenir fou ; enrager brutalement ; commettre soudainement des actes incompréhensibles","v"
"1789836394-864","https://www.expressio.fr/toutes-les-expressions","https://www.expressio.fr/toutes-les-expressions/page-18","c'est parti mon kiki","on commence ! ; en route ! ; on s'y met ! ; courage ! ; allez hop ! ; c'est parti ; allez ! ; on se motive !","exp"
"1789836394-865","https://www.expressio.fr/toutes-les-expressions","https://www.expressio.fr/toutes-les-expressions/page-18","tout craché","très ressemblant","adj"
"1789836394-866","https://www.expressio.fr/toutes-les-expressions","https://www.expressio.fr/toutes-les-expressions/page-18","des manoeuvres florentines","des manoeuvres fourbes dans le but de nuire à quelqu'un ou de l'évincer ; des intrigues menées dans le but de faire échouer une affaire ; des agissements trompeurs","exp"
"1789836394-867","https://www.expressio.fr/toutes-les-expressions","https://www.expressio.fr/toutes-les-expressions/page-18","faire un caca nerveux","s'énerver fortement ; avoir un accès de mauvaise humeur","v"
"1789836394-868","https://www.expressio.fr/toutes-les-expressions","https://www.expressio.fr/toutes-les-expressions/page-18","laver son linge sale en famille","régler les fâcheuses affaires au sein du groupe concerné et non en public ; régler les affaires discrètement et sans témoins ; régler une mésentente en privé ; régler ses différends entre soi","v"
"1789836394-869","https://www.expressio.fr/toutes-les-expressions","https://www.expressio.fr/toutes-les-expressions/page-18","faire mouche","atteindre son but ; toucher juste ; mettre dans le mille ; toucher le but ; toucher au point sensible ; toucher le centre d’une cible ; atteindre le but que l’on vise ; en mettre plein la vue","v"
"1789836394-870","https://www.expressio.fr/toutes-les-expressions","https://www.expressio.fr/toutes-les-expressions/page-18","tenir à quelque chose comme à la prunelle de ses yeux","tenir beaucoup à quelque chose ; tenir énormément à quelque chose","v"
"1789836394-871","https://www.expressio.fr/toutes-les-expressions","https://www.expressio.fr/toutes-les-expressions/page-18","rendre son tablier","refuser de servir plus longtemps ; se démettre ; démissionner ; abandonner ; abandonner quelque chose ; abandonner un travail","v"
"1789836394-872","https://www.expressio.fr/toutes-les-expressions","https://www.expressio.fr/toutes-les-expressions/page-18","tomber la veste","enlever sa veste ; se préparer à se bagarrer ; se déshabiller ; ôter sa veste ; se préparer à un combat","v"
"1789836394-873","https://www.expressio.fr/toutes-les-expressions","https://www.expressio.fr/toutes-les-expressions/page-18","amis jusqu'aux autels","amis jusqu'à la bourse ; très amis, tant qu'il n'y a rien de contraire à la religion ; très amis, tant qu'il n'est pas question de prêt d'argent","exp"
"1789836394-874","https://www.expressio.fr/toutes-les-expressions","https://www.expressio.fr/toutes-les-expressions/page-18","fendre la bise","aller très vite","v"
"1789836394-875","https://www.expressio.fr/toutes-les-expressions","https://www.expressio.fr/toutes-les-expressions/page-18","n'y voir que du bleu","se laisser tromper ; n'y rien voir ; n'y rien comprendre ; n'y voir que du feu ; ne s'apercevoir de rien","v"
"1789836394-876","https://www.expressio.fr/toutes-les-expressions","https://www.expressio.fr/toutes-les-expressions/page-18","se crêper le chignon","se battre ; se disputer violemment ; s'échanger des horions dans une lutte","v"
"1789836394-877","https://www.expressio.fr/toutes-les-expressions","https://www.expressio.fr/toutes-les-expressions/page-18","partir les pieds devant","casser sa pipe ; mourir","v"
"1789836394-878","https://www.expressio.fr/toutes-les-expressions","https://www.expressio.fr/toutes-les-expressions/page-18","en voir des vertes et des pas mûres","voir des choses étonnantes ; subir des choses excessives ; assister à des choses incongrues ; voir des choses désagréables ; être temoin de choses pénibles","v"
"1789836394-879","https://www.expressio.fr/toutes-les-expressions","https://www.expressio.fr/toutes-les-expressions/page-18","courir deux lièvres à la fois","courir plusieurs lièvres à la fois ; mener de front plusieurs activités ; poursuivre plusieurs objectifs ; avoir plusieurs partenaires amoureux","v"
"1789836394-880","https://www.expressio.fr/toutes-les-expressions","https://www.expressio.fr/toutes-les-expressions/page-18","chèque en bois","chèque sans provision ; faux chèque","n"
"1789836394-881","https://www.expressio.fr/toutes-les-expressions","https://www.expressio.fr/toutes-les-expressions/page-18","se noyer dans un verre d'eau","être incapable de faire face à la moindre difficulté ; être complètement perdu une fois confronté au moindre changement","v"
"1789836394-882","https://www.expressio.fr/toutes-les-expressions","https://www.expressio.fr/toutes-les-expressions/page-18","tenir la jambe","retenir en lui imposant un discours plus ou moins ennuyeux","v"
"1789836394-883","https://www.expressio.fr/toutes-les-expressions","https://www.expressio.fr/toutes-les-expressions/page-18","ne pas mâcher ses mots","parler franchement ; s'exprimer sans ménagement ; appeler un chat un chat ; ne pas y aller par quatre chemins ; parler cash","v"
"1789836394-884","https://www.expressio.fr/toutes-les-expressions","https://www.expressio.fr/toutes-les-expressions/page-18","ne pas valoir tripette","ne rien valoir ; n'avoir strictement aucun intérêt ; n'avoir aucune valeur ; ne pas valoir pipette","v"
"1789836394-885","https://www.expressio.fr/toutes-les-expressions","https://www.expressio.fr/toutes-les-expressions/page-18","faire le baron","faire le complice dans une arnaque ; faire le complice dans un jeu truqué ; jouer le faire-valoir ; inciter à la tricherie en se montrant très naïf","v"
"1789836394-886","https://www.expressio.fr/toutes-les-expressions","https://www.expressio.fr/toutes-les-expressions/page-18","auberge espagnole","une situation où on ne trouve que ce qu'on y a apporté ; un endroit où on trouve de tout ; un lieu où on rencontre n'importe qui ; repas à la fortune du pot ; lieu où l'on doit amener ce dont on aura besoin ; potlach ; repas-partage","n"
"1789836394-887","https://www.expressio.fr/toutes-les-expressions","https://www.expressio.fr/toutes-les-expressions/page-18","avoir le béguin","être amoureux ; se toquer","v"
"1789836394-888","https://www.expressio.fr/toutes-les-expressions","https://www.expressio.fr/toutes-les-expressions/page-18","savoir où le bât blesse","connaître les peines cachées de quelqu'un ; connaître les ennuis secrets de quelqu'un","v"
"1789836394-889","https://www.expressio.fr/toutes-les-expressions","https://www.expressio.fr/toutes-les-expressions/page-18","tarte à la crème","un lieu commun ; une formule rebattue, vide de sens ; point de vue banal","n"
"1789836394-890","https://www.expressio.fr/toutes-les-expressions","https://www.expressio.fr/toutes-les-expressions/page-18","né avec une cuiller d'argent dans la bouche","né riche ; né dans une famille riche ; ne pas avoir de soucis pécuniaires à se faire pour son avenir, dès la naissance","exp"
"1789836394-891","https://www.expressio.fr/toutes-les-expressions","https://www.expressio.fr/toutes-les-expressions/page-18","lâcher la bride à quelqu'un","être libre de faire ce qu'on veut ; laisser quelqu'un libre d'agir ; laisser quelqu'un libre de s'exprimer","v"
"1789836394-892","https://www.expressio.fr/toutes-les-expressions","https://www.expressio.fr/toutes-les-expressions/page-18","compte là-dessus","n'y compte surtout pas ; n'espère surtout pas l'obtenir ; n'y compte pas trop","adv"
"1789836394-893","https://www.expressio.fr/toutes-les-expressions","https://www.expressio.fr/toutes-les-expressions/page-18","c'est un numéro !","c'est quelqu'un qui se fait remarquer ; c'est une personne bizarre ; quel original !","exp"
"1789836394-894","https://www.expressio.fr/toutes-les-expressions","https://www.expressio.fr/toutes-les-expressions/page-18","un chien regarde bien un evêque","on ne doit pas s'irriter d'être regardé ; une personne humble doit pouvoir s'autoriser à aborder une personne haut placée","exp"
"1789836394-895","https://www.expressio.fr/toutes-les-expressions","https://www.expressio.fr/toutes-les-expressions/page-18","carpe diem","yolo ; profite bien du moment ; profite du jour présent ; cueuille le jour","exp"
"1789836394-896","https://www.expressio.fr/toutes-les-expressions","https://www.expressio.fr/toutes-les-expressions/page-18","mettre les écureuils à pied","couper les arbres","v"
"1789836394-897","https://www.expressio.fr/toutes-les-expressions","https://www.expressio.fr/toutes-les-expressions/page-18","chercher la petite bête","être extrêmement méticuleux ; s'efforcer de découvrir une erreur ; déceler toute irrégularité ; chercher des poux ; être excessivement pointilleux ; regarder trop aux détails ; ergoter","v"
"1789836394-898","https://www.expressio.fr/toutes-les-expressions","https://www.expressio.fr/toutes-les-expressions/page-18","être sur les dents","surmené ; épuisé ; excédé ; exténué ; harassé ; recru","v"
"1789836394-899","https://www.expressio.fr/toutes-les-expressions","https://www.expressio.fr/toutes-les-expressions/page-18","sonner les cloches","réprimander fortement ; gronder violemment ; remonter les bretelles","v"
"1789836394-900","https://www.expressio.fr/toutes-les-expressions","https://www.expressio.fr/toutes-les-expressions/page-18","pétard mouillé","action qui devait être sensationnelle ou spectaculaire mais qui ne fait aucun effet ; nouvelle importante qui se révèle fausse ; feu de paille ; action qui était censée être spectaculaire et qui en fait est un flop ; action spectaculaire qui se révèle être sans effet","n"
"1789836401-901","https://www.expressio.fr/toutes-les-expressions","https://www.expressio.fr/toutes-les-expressions/page-19","rôtir le balai","mener une vie de débauche ; vivre dans la pauvreté","v"
"1789836401-902","https://www.expressio.fr/toutes-les-expressions","https://www.expressio.fr/toutes-les-expressions/page-19","pauvre comme Job","pauvre comme la gale ; fauché comme les blés ; très pauvre ; dans un dénuement extrême ; gueux comme un rat d'église","adj"
"1789836401-903","https://www.expressio.fr/toutes-les-expressions","https://www.expressio.fr/toutes-les-expressions/page-19","à fleur de peau","qui réagit à la plus petite sollicitation ; très susceptible ; à la surface de la peau ; réagir à la plus petite sollicitation ; très sensible ; fragile","adv"
"1789836401-904","https://www.expressio.fr/toutes-les-expressions","https://www.expressio.fr/toutes-les-expressions/page-19","le torchon brûle","il y a un profond désaccord ; l'atmosphère est à la dispute ; une dispute se profile ; une dispute éclate ; un désaccord survient","exp"
"1789836401-905","https://www.expressio.fr/toutes-les-expressions","https://www.expressio.fr/toutes-les-expressions/page-19","prendre le mors aux dents","se laisser aller à la colère ; se mettre soudainement et avec énergie à un travail ; s'emballer ; se mettre avec énergie dans quelque chose ; serrer le mors entre ses mâchoires ; se mettre en colère ; s'emporter subitement ; quelqu'un qui, n'écoutant plus les avis ni les remontrances de ceux qui dirigeaient sa conduite, se livre tout entier à ses passions ; personne qui, ayant été quelque temps dans l'indolence, dans l'inaction, change tout à coup et se livre au travail avec ardeur","v"
"1789836401-906","https://www.expressio.fr/toutes-les-expressions","https://www.expressio.fr/toutes-les-expressions/page-19","en cheville","associé de façon cachée ou clandestine ; étroitement associé ; complice d'un méfait ; complice d'une opération délictueuse ; ligué","adj"
"1789836401-907","https://www.expressio.fr/toutes-les-expressions","https://www.expressio.fr/toutes-les-expressions/page-19","être de mèche","être de connivence ; être complice dans une affaire qui doit rester secrète","v"
"1789836401-908","https://www.expressio.fr/toutes-les-expressions","https://www.expressio.fr/toutes-les-expressions/page-19","marquer à la culotte","surveiller attentivement ; suivre de très près ; surveiller de très près ; procéder à un marquage à la culotte","v"
"1789836401-909","https://www.expressio.fr/toutes-les-expressions","https://www.expressio.fr/toutes-les-expressions/page-19","en bataille","débraillé ; en désordre ; ébouriffé ; négligé ; décoiffé","adj"
"1789836401-910","https://www.expressio.fr/toutes-les-expressions","https://www.expressio.fr/toutes-les-expressions/page-19","s'envoyer en l'air","tirer un coup ; baiser ; tirer son coup ; coucher ensemble ; niquer ; copuler ; enculer ; coucher ; faire l'amour","v"
"1789836401-911","https://www.expressio.fr/toutes-les-expressions","https://www.expressio.fr/toutes-les-expressions/page-19","être en train de","être occupé à","v"
"1789836401-912","https://www.expressio.fr/toutes-les-expressions","https://www.expressio.fr/toutes-les-expressions/page-19","tout baigne","ça baigne ; tout va bien ; il n'y a aucun problème ; ça se passe pour le mieux ; comme convenu","exp"
"1789836401-913","https://www.expressio.fr/toutes-les-expressions","https://www.expressio.fr/toutes-les-expressions/page-19","rire sous cape","rire sans le montrer ; se réjouir discrètement ; rire en se cachant ; rire dissimulé ; se réjouir sans le montrer ; rire de quelqu'un ou de quelque chose, en cherchant à ne pas laisser voir qu'on en rit","n"
"1789836401-914","https://www.expressio.fr/toutes-les-expressions","https://www.expressio.fr/toutes-les-expressions/page-19","manger la grenouille","bouffer la grenouille ; partir avec la caisse ; dérober et dilapider des fonds dont on avait la garde ; dépenser l'argent d'un groupe ; dépenser l'argent d'une association ; s'approprier l'argent d'autrui, que l'on a en garde pour le dilapider ; faire faillite","v"
"1789836401-915","https://www.expressio.fr/toutes-les-expressions","https://www.expressio.fr/toutes-les-expressions/page-19","sur le qui-vive","être vigilant ; rester sur ses gardes ; s'attendre à un danger ; redouter une attaque","v"
"1789836401-916","https://www.expressio.fr/toutes-les-expressions","https://www.expressio.fr/toutes-les-expressions/page-19","faire tintin","être privé ; devoir se passer ; être frustré ; se brosser ; ne rien recevoir alors qu'on s'attendait à obtenir quelque chose","v"
"1789836401-917","https://www.expressio.fr/toutes-les-expressions","https://www.expressio.fr/toutes-les-expressions/page-19","graisser la patte","soudoyer ; graisser ; donner de l'argent pour en obtenir une faveur ; corrompre ; payer pour obtenir une faveur ; corrompre pour obtenir un avantage indu","v"
"1789836401-918","https://www.expressio.fr/toutes-les-expressions","https://www.expressio.fr/toutes-les-expressions/page-19","à discrétion","comme on le veut ; autant qu'on le veut ; à la disposition ; à la merci ; à la discrétion ; à volonté ; à loisir ; à leur guise ; à son gré","adv"
"1789836401-919","https://www.expressio.fr/toutes-les-expressions","https://www.expressio.fr/toutes-les-expressions/page-19","défaut de la cuirasse","le point faible ; le point sensible ; talon d'Achille ; le point vulnérable ; ventre mou","n"
"1789836401-920","https://www.expressio.fr/toutes-les-expressions","https://www.expressio.fr/toutes-les-expressions/page-19","c'est le bouquet !","c'est le pompom ! ; c'est un comble ! ; il ne manquait plus que cela ! ; c'est la goutte d'eau qui fait déborder le vase !","exp"
"1789836401-921","https://www.expressio.fr/toutes-les-expressions","https://www.expressio.fr/toutes-les-expressions/page-19","bille en tête","avec audace ; franchement ; carrément ; sans réfléchir ; la tête la première","adv"
"1789836401-922","https://www.expressio.fr/toutes-les-expressions","https://www.expressio.fr/toutes-les-expressions/page-19","avoir plus d'un tour dans son sac","être très malin ; être débrouillard ; être rusé ; avoir beaucoup de ruse ; avoir beaucoup d'habileté ; avoir beaucoup d'adresse ; savoir faire preuve de ruse et de malice quand la situation l'exige ; ne pas être arrêté par les obstacles ; avoir plus d'une idée en tête","v"
"1789836401-923","https://www.expressio.fr/toutes-les-expressions","https://www.expressio.fr/toutes-les-expressions/page-19","donner le change","faire prendre une chose pour une autre ; tromper quelqu'un en lui donnant une fausse piste ; abuser ; donner une fausse impression ; détourner adroitement","v"
"1789836401-924","https://www.expressio.fr/toutes-les-expressions","https://www.expressio.fr/toutes-les-expressions/page-19","à fleurets mouchetés","qui vise à ne pas blesser ; qui ménage l'adversaire ; sans intention de blesser ; qui ne vise pas à blesser ; visant à ménager l'adversaire ; visant à préserver l'intégrité de l'adversaire","adj"
"1789836401-925","https://www.expressio.fr/toutes-les-expressions","https://www.expressio.fr/toutes-les-expressions/page-19","en baver","être dans une situation pénible ; souffrir ; supporter des mauvais traitements ; rencontrer des difficultés et en souffrir","exp"
"1789836401-926","https://www.expressio.fr/toutes-les-expressions","https://www.expressio.fr/toutes-les-expressions/page-19","mentir comme un arracheur de dents","mentir effrontément ; raconter des craques ; mentir sans scrupule ; mentir avec aplomb","v"
"1789836401-927","https://www.expressio.fr/toutes-les-expressions","https://www.expressio.fr/toutes-les-expressions/page-19","honni soit qui mal y pense","honte à celui qui y voit du mal","exp"
"1789836401-928","https://www.expressio.fr/toutes-les-expressions","https://www.expressio.fr/toutes-les-expressions/page-19","claquer le baigneur","taper sur les fesses ; donner une fessée ; mettre une fessée","v"
"1789836401-929","https://www.expressio.fr/toutes-les-expressions","https://www.expressio.fr/toutes-les-expressions/page-19","rater le coche","laisser passer une occasion ; manquer le coche ; louper le coche ; rater une bonne occasion ; échouer pour avoir laissé passer l'occasion ; manquer le bateau ; rater le bateau ; rater le car ; manquer une grosse occasion","v"
"1789836401-930","https://www.expressio.fr/toutes-les-expressions","https://www.expressio.fr/toutes-les-expressions/page-19","manger avec les chevaux de bois","ne rien avoir à manger ; jeûner","exp"
"1789836401-931","https://www.expressio.fr/toutes-les-expressions","https://www.expressio.fr/toutes-les-expressions/page-19","merde !","bonne chance !","exp"
"1789836401-932","https://www.expressio.fr/toutes-les-expressions","https://www.expressio.fr/toutes-les-expressions/page-19","les vaches maigres","la pénurie","n"
"1789836401-933","https://www.expressio.fr/toutes-les-expressions","https://www.expressio.fr/toutes-les-expressions/page-19","un croque-mort","un employé des pompes funèbres chargé de mettre les morts en bière et de les transporter au cimetière","n"
"1789836401-934","https://www.expressio.fr/toutes-les-expressions","https://www.expressio.fr/toutes-les-expressions/page-19","avoir du vent dans les voiles","se sentir décidé ; être ivre ; ne pas marcher droit ; être saoul","v"
"1789836401-935","https://www.expressio.fr/toutes-les-expressions","https://www.expressio.fr/toutes-les-expressions/page-19","bout du tunnel","la fin du tunnel ; la fin d'une période ; la fin d'une situation difficile à vivre ; moment limite dans une situation compliquée","n"
"1789836401-936","https://www.expressio.fr/toutes-les-expressions","https://www.expressio.fr/toutes-les-expressions/page-19","un boute-en-train","une personne qui excite à la joie ou amuse ceux avec lesquels elle se trouve","n"
"1789836401-937","https://www.expressio.fr/toutes-les-expressions","https://www.expressio.fr/toutes-les-expressions/page-19","le petit doigt sur la couture du pantalon","le doigt sur la couture du pantalon ; en manifestant du respect ou de la soumission ; qui a une atitude respectueuse","exp"
"1789836401-938","https://www.expressio.fr/toutes-les-expressions","https://www.expressio.fr/toutes-les-expressions/page-19","parole d'évangile","vérité incontestable ; vérité de l'évangile","n"
"1789836401-939","https://www.expressio.fr/toutes-les-expressions","https://www.expressio.fr/toutes-les-expressions/page-19","sucer jusqu'à l'os","ruiner complètement ; tirer un maximum de choses de quelqu'un","v"
"1789836401-940","https://www.expressio.fr/toutes-les-expressions","https://www.expressio.fr/toutes-les-expressions/page-19","avoir du peps","avoir de l'entrain ; avoir du dynamisme ; avoir de l'enthousiasme ; avoir de la vigueur ; avoir de l'énergie","v"
"1789836401-941","https://www.expressio.fr/toutes-les-expressions","https://www.expressio.fr/toutes-les-expressions/page-19","passer sur le billard","passer sur une table d'opération ; se faire opérer ; subir une chirurgie ; se soumettre à une intervention chirurgicale","v"
"1789836401-942","https://www.expressio.fr/toutes-les-expressions","https://www.expressio.fr/toutes-les-expressions/page-19","brut de décoffrage","brut de fonderie ; tel quel ; en l'état ; à l'état de projet ; à l'état de brouillon","adj"
"1789836401-943","https://www.expressio.fr/toutes-les-expressions","https://www.expressio.fr/toutes-les-expressions/page-19","au beau fixe","qui se passe bien ; ne pouvant aller mieux ; stable dans le bonheur ; stable et positif ; solide","adj"
"1789836401-944","https://www.expressio.fr/toutes-les-expressions","https://www.expressio.fr/toutes-les-expressions/page-19","fort comme un turc","très fort ; vigoureux ; robuste ; costaud","adj"
"1789836401-945","https://www.expressio.fr/toutes-les-expressions","https://www.expressio.fr/toutes-les-expressions/page-19","sonner l'hallali","annoncer la défaite ; annoncer la ruine ; annoncer la déchéance ; proclamer sa victoire ; précipiter la défaite d'un adversaire","v"
"1789836401-946","https://www.expressio.fr/toutes-les-expressions","https://www.expressio.fr/toutes-les-expressions/page-19","cheval de retour","un récidiviste","exp"
"1789836401-947","https://www.expressio.fr/toutes-les-expressions","https://www.expressio.fr/toutes-les-expressions/page-19","amuser la galerie","amuser l'assistance ; épater l'assistance ; vouloir impressionner un groupe de personnes ; tenter de se mettre en avant ; faire rire une assistance ; faire rire le public ; faire le pitre ; faire le clown","v"
"1789836401-948","https://www.expressio.fr/toutes-les-expressions","https://www.expressio.fr/toutes-les-expressions/page-19","avoir le vent en poupe","être favorisé par les circonstances ; être poussé vers le succès ; avoir de la chance ; réussir ; être en vue","v"
"1789836401-949","https://www.expressio.fr/toutes-les-expressions","https://www.expressio.fr/toutes-les-expressions/page-19","être à quia","ne savoir que répondre ; ne savoir que dire ; rester coi","v"
"1789836401-950","https://www.expressio.fr/toutes-les-expressions","https://www.expressio.fr/toutes-les-expressions/page-19","parler ex professo","parler en homme compétent ; parler en maitrisant son sujet","v"
"1789836407-951","https://www.expressio.fr/toutes-les-expressions","https://www.expressio.fr/toutes-les-expressions/page-20","qui veut noyer son chien l'accuse de la rage","tout prétexte est bon quand on veut se débarrasser de quelqu'un ; on invente des torts à ceux qu'on veut sanctionner ; on trouve aisément un prétexte quand on veut se débarrasser de quelqu'un","exp"
"1789836407-952","https://www.expressio.fr/toutes-les-expressions","https://www.expressio.fr/toutes-les-expressions/page-20","mettre de l'eau dans son vin","modérer ses exigences ; être moins ambitieux ; modérer ses prétentions","v"
"1789836407-953","https://www.expressio.fr/toutes-les-expressions","https://www.expressio.fr/toutes-les-expressions/page-20","c'est l'hôpital qui se fout de la charité !","tu te moques mais tu ne fais pas mieux ; tu es mal placé pour parler","exp"
"1789836407-954","https://www.expressio.fr/toutes-les-expressions","https://www.expressio.fr/toutes-les-expressions/page-20","convoler en justes noces","se marier ; épouser quelqu'un","v"
"1789836407-955","https://www.expressio.fr/toutes-les-expressions","https://www.expressio.fr/toutes-les-expressions/page-20","beau comme un camion","très beau ; superbe ; beau comme un dieu ; joli ; mignon ; d'une beauté admirable","adj"
"1789836407-956","https://www.expressio.fr/toutes-les-expressions","https://www.expressio.fr/toutes-les-expressions/page-20","jeux de mains jeux de vilains","les jeux de mains finissent toujours mal","exp"
"1789836407-957","https://www.expressio.fr/toutes-les-expressions","https://www.expressio.fr/toutes-les-expressions/page-20","on n'attrape pas les mouches avec du vinaigre","on n'obtient rien de personne par la force ; on conquiert plus facilement quelqu'un par la douceur que par la méchanceté ; la force n'est pas toujours la meilleure solution ; on obtient ce que l'on veut plus facilement en utilisant la douceur qu'en utilisant la force","exp"
"1789836407-958","https://www.expressio.fr/toutes-les-expressions","https://www.expressio.fr/toutes-les-expressions/page-20","les dés sont pipés","les dés sont truqués ; il y a une tromperie quelque part ; il y a tricherie","exp"
"1789836407-959","https://www.expressio.fr/toutes-les-expressions","https://www.expressio.fr/toutes-les-expressions/page-20","compte d'apothicaire","une facture exagérée ; un calcul compliqué dont les résultats n’ont aucun intérêt","exp"
"1789836407-960","https://www.expressio.fr/toutes-les-expressions","https://www.expressio.fr/toutes-les-expressions/page-20","à huis clos","en privé ; dans le plus grand secret ; en cachette ; à l'abri des regards ; toutes portes fermées ; en petit comité ; en secret ; sans public ; sans que le public soit admis ; sans publicité des débats","adv"
"1789836407-961","https://www.expressio.fr/toutes-les-expressions","https://www.expressio.fr/toutes-les-expressions/page-20","en mains propres","directement au destinataire ; en personne ; personnellement","adv"
"1789836407-962","https://www.expressio.fr/toutes-les-expressions","https://www.expressio.fr/toutes-les-expressions/page-20","vaincre le signe indien","briser le signe indien ; vaincre la malchance ; briser le mauvais sort ; interrompre une série noire","v"
"1789836407-963","https://www.expressio.fr/toutes-les-expressions","https://www.expressio.fr/toutes-les-expressions/page-20","il y a anguille sous roche","il y a quelque chose de caché ; il y a une perfidie qui se prépare ; l'affaire n'est pas claire","exp"
"1789836407-964","https://www.expressio.fr/toutes-les-expressions","https://www.expressio.fr/toutes-les-expressions/page-20","en toucher deux mots","en toucher un mot ; parler brièvement de quelque chose","v"
"1789836407-965","https://www.expressio.fr/toutes-les-expressions","https://www.expressio.fr/toutes-les-expressions/page-20","chapeau bas !","je tire mon chapeau ; félicitations ! ; je suis impressionné","exp"
"1789836407-966","https://www.expressio.fr/toutes-les-expressions","https://www.expressio.fr/toutes-les-expressions/page-20","se mettre au vert","aller se reposer ; se refaire à la campagne ; s'éloigner d'un endroit stressant ; prendre du recul ; partir vivre à la campagne","v"
"1789836407-967","https://www.expressio.fr/toutes-les-expressions","https://www.expressio.fr/toutes-les-expressions/page-20","pour de bon","pour toujours ; définitivement ; vraiment ; sérieusement ; à jamais ; complètement ; à vie ; toujours ; sincèrement ; véritablement","adv"
"1789836407-968","https://www.expressio.fr/toutes-les-expressions","https://www.expressio.fr/toutes-les-expressions/page-20","pisser dans sa culotte","pisser dans son froc ; avoir le fou rire ; avoir une peur extrême","v"
"1789836407-969","https://www.expressio.fr/toutes-les-expressions","https://www.expressio.fr/toutes-les-expressions/page-20","faire boule de neige","prendre des proportions de plus en plus importantes ; provoquer la croissance exponentielle d'un événement ; provoquer l'agrandissement d'un phénomène ; augmenter ; se compliquer progressivement ; prendre de l'ampleur","v"
"1789836407-970","https://www.expressio.fr/toutes-les-expressions","https://www.expressio.fr/toutes-les-expressions/page-20","battre à plate couture","vaincre complètement ; battre complètement ; donner une raclée à ; rouer de coups ; défaire vigoureusement lors d’une bataille ou d’une guerre ; battre très nettement ; terrasser ; écraser","v"
"1789836407-971","https://www.expressio.fr/toutes-les-expressions","https://www.expressio.fr/toutes-les-expressions/page-20","être de mauvais poil","être de mauvaise humeur ; ne pas être de bonne humeur ; être mal disposé","v"
"1789836407-972","https://www.expressio.fr/toutes-les-expressions","https://www.expressio.fr/toutes-les-expressions/page-20","faire florès","manifester sa joie ; faire une dépense d'éclat ; obtenir des succès ; gagner en réputation ; briller ; fleurir ; réussir ; être en vogue ; connaître le succès","v"
"1789836407-973","https://www.expressio.fr/toutes-les-expressions","https://www.expressio.fr/toutes-les-expressions/page-20","avoir une chance de cocu","être veinard ; avoir de la chance ; avoir du bol ; avoir du pot ; avoir de la chatte","v"
"1789836407-974","https://www.expressio.fr/toutes-les-expressions","https://www.expressio.fr/toutes-les-expressions/page-20","faire profil bas","adopter un profil bas ; se montrer discret ; ne pas se faire remarquer ; se montrer stratégiquement discret ; faire assaut de modestie et de discrétion ; se faire oublier","v"
"1789836407-975","https://www.expressio.fr/toutes-les-expressions","https://www.expressio.fr/toutes-les-expressions/page-20","faire le pied de grue","attendre quelqu'un debout à la même place pendant un certain temps ; faire le poireau","v"
"1789836407-976","https://www.expressio.fr/toutes-les-expressions","https://www.expressio.fr/toutes-les-expressions/page-20","on lui donnerait le bon dieu sans confession","il a un visage innocent ; il a une apparence d'honnêteté ; on peut lui faire confiance compte tenu de son apparence","exp"
"1789836407-977","https://www.expressio.fr/toutes-les-expressions","https://www.expressio.fr/toutes-les-expressions/page-20","en perdre son latin","ne plus rien comprendre","v"
"1789836407-978","https://www.expressio.fr/toutes-les-expressions","https://www.expressio.fr/toutes-les-expressions/page-20","piqué de la tarentule","très agité ; qui éprouve un grand engouement pour quelque chose","adj"
"1789836407-979","https://www.expressio.fr/toutes-les-expressions","https://www.expressio.fr/toutes-les-expressions/page-20","avoir la tête sur les épaules","être très équilibré ; être sensé ; être lucide ; être réaliste ; être bien équilibré ; être plein de bon sens","v"
"1789836407-980","https://www.expressio.fr/toutes-les-expressions","https://www.expressio.fr/toutes-les-expressions/page-20","faire amende honorable","se racheter ; s'excuser ; reconnaître qu'on a tort ; demander publiquement pardon ; reconnaître ses torts ; reconnaître sa faute ; admettre et demander pardon","v"
"1789836407-981","https://www.expressio.fr/toutes-les-expressions","https://www.expressio.fr/toutes-les-expressions/page-20","des jambes de faucheur","des jambes de faucheux ; des jambes très longues ; de longues jambes","v"
"1789836407-982","https://www.expressio.fr/toutes-les-expressions","https://www.expressio.fr/toutes-les-expressions/page-20","faire des pieds et des mains","faire tous ses efforts ; multiplier les démarches ; se démener avec fougue ; faire beaucoup d'efforts pour arriver à ses fins ; faire beaucoup de démarches pour obtenir une chose","v"
"1789836407-983","https://www.expressio.fr/toutes-les-expressions","https://www.expressio.fr/toutes-les-expressions/page-20","faire fi de","dédaigner ; mépriser ; être méprisant ; être dédaigneux ; se rire de ; ne pas tenir compte de","v"
"1789836407-984","https://www.expressio.fr/toutes-les-expressions","https://www.expressio.fr/toutes-les-expressions/page-20","les bonnes fortunes","les conquêtes féminines","exp"
"1789836407-985","https://www.expressio.fr/toutes-les-expressions","https://www.expressio.fr/toutes-les-expressions/page-20","tout un chacun","une personne quelconque ; n'importe qui","exp"
"1789836407-986","https://www.expressio.fr/toutes-les-expressions","https://www.expressio.fr/toutes-les-expressions/page-20","plein aux as","friqué ; très aisé ; richissime ; bourré de fric ; riche ; très riche ; blindé ; pété de thunes","adj"
"1789836407-987","https://www.expressio.fr/toutes-les-expressions","https://www.expressio.fr/toutes-les-expressions/page-20","fauché comme les blés","fauché ; très pauvre ; ruiné ; désargenté ; sans le sou ; misérable ; indigent ; en faillite ; à sec ; pauvre comme la gale ; dans un dénuement extrême ; sans aucun argent ; pauvre comme Job","adj"
"1789836407-988","https://www.expressio.fr/toutes-les-expressions","https://www.expressio.fr/toutes-les-expressions/page-20","rouler sur l'or","péter dans la soie ; être riche ; être très riche","v"
"1789836407-989","https://www.expressio.fr/toutes-les-expressions","https://www.expressio.fr/toutes-les-expressions/page-20","faire un carton","cartonner ; tirer sur une cible ; tirer sur quelqu'un ; remporter un grand succès ; remporter une nette victoire","v"
"1789836407-990","https://www.expressio.fr/toutes-les-expressions","https://www.expressio.fr/toutes-les-expressions/page-20","ric-rac","ric et rac ; avec exactitude ; avec précision ; de justesse","adv"
"1789836407-991","https://www.expressio.fr/toutes-les-expressions","https://www.expressio.fr/toutes-les-expressions/page-20","portion congrue","des ressources minimes ; des ressources insuffisantes ; salaire pas suffisant ; revenus à peine suffisants pour vivre ; le strict minimum ; traitement minimum à la subsistance ; prébende ; rente peu considérable ; traitement suffisant à peine aux dépenses nécessaires","n"
"1789836407-992","https://www.expressio.fr/toutes-les-expressions","https://www.expressio.fr/toutes-les-expressions/page-20","en deux coups les gros","rapidement ; à toute allure ; sans s'attarder ; en quelques mouvements et facilement","exp"
"1789836407-993","https://www.expressio.fr/toutes-les-expressions","https://www.expressio.fr/toutes-les-expressions/page-20","le supplice de Tantale","des tentations insatisfaisables ; le fait d'être tout près d'obtenir quelque chose et finalement en être empêché ; la frustration d'une personne qui voit ses désirs toujours sur le point d'être réalisés mais dont les espoirs sont chaque fois déçus","n"
"1789836407-994","https://www.expressio.fr/toutes-les-expressions","https://www.expressio.fr/toutes-les-expressions/page-20","avoir du cœur au ventre","mettre du coeur au ventre ; avoir de l'énergie ; donner du courage ; donner de l'énergie ; encourager","exp"
"1789836407-995","https://www.expressio.fr/toutes-les-expressions","https://www.expressio.fr/toutes-les-expressions/page-20","battre le briquet","heurter la pierre à briquet pour en tirer une étincelle ; faire la cour à une femme ; avoir des relations sexuelles ; se cogner les jambes en marchant ; frapper le briquet sur le silex ; allumer le feu","v"
"1789836407-996","https://www.expressio.fr/toutes-les-expressions","https://www.expressio.fr/toutes-les-expressions/page-20","au royaume des aveugles, les borgnes sont rois","au pays des aveugles, les borgnes sont rois ; un médiocre paraît remarquable parmi des gens sans valeur ; il est facile pour un ignorant de briller parmi de plus ignorants que lui ; un imbécile passe pour un génie vis-à-vis de plus idiots que lui","adv"
"1789836407-997","https://www.expressio.fr/toutes-les-expressions","https://www.expressio.fr/toutes-les-expressions/page-20","avoir des couilles","les avoir bien accrochées ; avoir du cran ; avoir du courage ; avoir des couilles au cul ; avoir des guts ; avoir des tripes ; avoir du sang dans les veines ; en avoir ; en avoir deux ; être couillu ; être game ; être courageux ; ne pas avoir peur ; faire face au danger","v"
"1789836407-998","https://www.expressio.fr/toutes-les-expressions","https://www.expressio.fr/toutes-les-expressions/page-20","un sous-fifre","un subalterne insignifiant ; un employé au bas de la hiérarchie ; subalterne ; subordonné ; larbin ; lampiste ; sbire ; acolyte ; homme de main ; valet","n"
"1789836407-999","https://www.expressio.fr/toutes-les-expressions","https://www.expressio.fr/toutes-les-expressions/page-20","ne pas y aller de main morte","frapper violemment ; intervenir brutalement ; agir sans retenue ; ne pas faire dans la dentelle ; ne pas y aller avec le dos de la cuillère","v"
"1789836407-1000","https://www.expressio.fr/toutes-les-expressions","https://www.expressio.fr/toutes-les-expressions/page-20","alea jacta est","le dé est jeté ; la décision est prise ; l'action est lancée ; advienne que pourra ; les dés sont jetés","exp"
"1789836412-1001","https://www.expressio.fr/toutes-les-expressions","https://www.expressio.fr/toutes-les-expressions/page-21","vive Zému !","bienvenue Zému ; zému est là !","exp"
"1789836412-1002","https://www.expressio.fr/toutes-les-expressions","https://www.expressio.fr/toutes-les-expressions/page-21","jouer rip","s'en aller ; partir ; s'enfuir ; s'évader ; action de s'en aller","v"
"1789836412-1003","https://www.expressio.fr/toutes-les-expressions","https://www.expressio.fr/toutes-les-expressions/page-21","occupe-toi de tes oignons","mêle-toi de tes affaires ; mêlez-vous de vos affaires ; ce ne sont pas tes oignons ; ça ne te regarde pas ; occupe toi de tes affaires ; occupez-vous de vos affaires ; mêle-toi de tes oignons","adv"
"1789836412-1004","https://www.expressio.fr/toutes-les-expressions","https://www.expressio.fr/toutes-les-expressions/page-21","être une huile","être une personne influente","v"
"1789836412-1005","https://www.expressio.fr/toutes-les-expressions","https://www.expressio.fr/toutes-les-expressions/page-21","mettre à l'encan","vendre au rabais des biens dont on ne souhaite pas réellement se débarrasser ; proposer au plus offrant ; vendre au rabais","v"
"1789836412-1006","https://www.expressio.fr/toutes-les-expressions","https://www.expressio.fr/toutes-les-expressions/page-21","bassiner quelqu'un","importuner quelqu'un ; interroger quelqu'un avec insistance","v"
"1789836412-1007","https://www.expressio.fr/toutes-les-expressions","https://www.expressio.fr/toutes-les-expressions/page-21","à toute vitesse","à pleine vitesse ; à toutes jambes ; à toute allure ; à vive allure ; en trombe ; à plein régime ; à fond de train ; en toute hâte ; en quatrième vitesse ; très vite ; le plus vite possible ; précipitamment ; avec rapidité","adv"
"1789836412-1008","https://www.expressio.fr/toutes-les-expressions","https://www.expressio.fr/toutes-les-expressions/page-21","faire du lèche-vitrine","déambuler devant des vitrines de magasins et en regarder le contenu avec envie ; observer les devantures des magasins sans faire d'achat ; passer le temps à regarder les vitrines ; lécher les v itrines","v"
"1789836412-1009","https://www.expressio.fr/toutes-les-expressions","https://www.expressio.fr/toutes-les-expressions/page-21","se serrer la ceinture","se priver de nourriture ; se passer de quelque chose ; se priver de tout, même de nourriture ; ne pas manger à sa faim ; être contraint de réduire ses dépenses ; être contraint de réduire son train de vie","v"
"1789836412-1010","https://www.expressio.fr/toutes-les-expressions","https://www.expressio.fr/toutes-les-expressions/page-21","tourner la page","avancer ; commencer un nouvel épisode d'une vie, d'une relation personnelle ou professionnelle en faisant table rase du passé ; passer à autre chose ; laisser derrière soi un épisode douloureux de sa vie ou une mésentente ; changer de sujet ; changer de situation ; laisser quelque chose d'ancien derrière soi pour passer à quelque chose de nouveau","v"
"1789836412-1011","https://www.expressio.fr/toutes-les-expressions","https://www.expressio.fr/toutes-les-expressions/page-21","mettre le doigt dans l'engrenage","être entraîné dans un enchainement de situations auxquelles on ne peut échapper ; se lancer imprudemment dans une action dont les conséquences seront néfastes sans pouvoir s'en sortir","v"
"1789836412-1012","https://www.expressio.fr/toutes-les-expressions","https://www.expressio.fr/toutes-les-expressions/page-21","faire couler beaucoup d'encre","susciter de nombreux commentaires ; faire écrire beaucoup à son sujet","v"
"1789836412-1013","https://www.expressio.fr/toutes-les-expressions","https://www.expressio.fr/toutes-les-expressions/page-21","démon de midi","crise de la quarantaine ; tentation de la chair qui s'empare des humains au milieu de leur vie ; envies sexuelles de milieu de vie ; crise de la cinquantaine ; crise existentielle","n"
"1789836412-1014","https://www.expressio.fr/toutes-les-expressions","https://www.expressio.fr/toutes-les-expressions/page-21","les bras m'en tombent !","je suis stupéfait ; je suis accablé ; quelle surprise !","exp"
"1789836412-1015","https://www.expressio.fr/toutes-les-expressions","https://www.expressio.fr/toutes-les-expressions/page-21","un coup de main","une aide momentanée ; une façon adroite de procéder ; une attaque rapide et audacieuse ; aide ; coup de pouce ; main-forte","n"
"1789836412-1016","https://www.expressio.fr/toutes-les-expressions","https://www.expressio.fr/toutes-les-expressions/page-21","laisser en plan","planter là ; abandonner ; laisser dans l'attente ; laisser sur place ; lâcher","v"
"1789836412-1017","https://www.expressio.fr/toutes-les-expressions","https://www.expressio.fr/toutes-les-expressions/page-21","cracher au bassinet","payer à contrecoeur ; donner de l'argent à contre-coeur ; payer à regret","v"
"1789836412-1018","https://www.expressio.fr/toutes-les-expressions","https://www.expressio.fr/toutes-les-expressions/page-21","garder une poire pour la soif","être prévoyant ; garder de côté de quoi assurer des besoins futurs ; économiser ; épargner ; anticiper ; ménager ; réserver quelque chose pour les besoins à venir ; épargner pour les jours difficiles à venir","v"
"1789836412-1019","https://www.expressio.fr/toutes-les-expressions","https://www.expressio.fr/toutes-les-expressions/page-21","être aux abonnés absents","absent ; sans donner signe de vie ; sans répondre ; parti ; évanoui ; introuvable","v"
"1789836412-1020","https://www.expressio.fr/toutes-les-expressions","https://www.expressio.fr/toutes-les-expressions/page-21","riche comme Crésus","extrêmement riche ; blindé de thunes ; pété de thunes ; richissime","adj"
"1789836412-1021","https://www.expressio.fr/toutes-les-expressions","https://www.expressio.fr/toutes-les-expressions/page-21","il ne faut jamais dire : fontaine, je ne boirai pas de ton eau","il ne faut jamais dire jamais ; il ne faut pas jurer que l'on n'aura jamais besoin de telle chose ou de telle personne ; il ne faut jurer de rien","exp"
"1789836412-1022","https://www.expressio.fr/toutes-les-expressions","https://www.expressio.fr/toutes-les-expressions/page-21","avoir la frite","être en très bonne forme ; avoir du tonus ; être en pleine forme ; être en forme ; se sentir plein d’énergie","v"
"1789836412-1023","https://www.expressio.fr/toutes-les-expressions","https://www.expressio.fr/toutes-les-expressions/page-21","chassez le naturel, il revient au galop","il est impossible de se débarrasser totalement de ses tendances naturelles ou de tenter de les dissimuler ; l'on revient toujours à ses tendances premières","exp"
"1789836412-1024","https://www.expressio.fr/toutes-les-expressions","https://www.expressio.fr/toutes-les-expressions/page-21","dans les bras de Morphée","en plein sommeil ; dans le sommeil","adv"
"1789836412-1025","https://www.expressio.fr/toutes-les-expressions","https://www.expressio.fr/toutes-les-expressions/page-21","tailler une bavette","papoter ; bavasser ; babiller ; bavarder ; jaser ; placoter","v"
"1789836412-1026","https://www.expressio.fr/toutes-les-expressions","https://www.expressio.fr/toutes-les-expressions/page-21","déjeuner de soleil","une étoffe dont la couleur s'abîme rapidement ; une chose qui dure peu","exp"
"1789836412-1027","https://www.expressio.fr/toutes-les-expressions","https://www.expressio.fr/toutes-les-expressions/page-21","en rade","laissé à l'abandon ; à l'écart ; ne fonctionnant plus ; abandonné ; en panne","adj"
"1789836412-1028","https://www.expressio.fr/toutes-les-expressions","https://www.expressio.fr/toutes-les-expressions/page-21","essuyer les plâtres","subir les désagréments d'une situation nouvelle ; faire le cobaye ; être le premier à s'installer dans une habitation récemment achevée ; être le premier à subir les inconvénients de quelque chose ; inaugurer l'usage d'un bâtiment ; être le premier usager ; subir les désagréments de ce qui est neuf, nouveau et mal fini","v"
"1789836412-1029","https://www.expressio.fr/toutes-les-expressions","https://www.expressio.fr/toutes-les-expressions/page-21","moulin à paroles","pipelette ; bavard ; commère ; jacasseur ; parleur ; jaseur ; une personne très bavarde","n"
"1789836412-1030","https://www.expressio.fr/toutes-les-expressions","https://www.expressio.fr/toutes-les-expressions/page-21","être paf","être ivre","v"
"1789836412-1031","https://www.expressio.fr/toutes-les-expressions","https://www.expressio.fr/toutes-les-expressions/page-21","avoir les deux pieds dans le même sabot","être embarrassé ; être incapable d'agir ; être passif ; ne pas faire preuve d'initiative","v"
"1789836412-1032","https://www.expressio.fr/toutes-les-expressions","https://www.expressio.fr/toutes-les-expressions/page-21","tête de mule","entêté ; borné ; obstiné ; une tête de pioche ; une personne entêtée ; une personne bornée","n"
"1789836412-1033","https://www.expressio.fr/toutes-les-expressions","https://www.expressio.fr/toutes-les-expressions/page-21","habiller pour l'hiver","dire du mal ; médire ; dire des vilenies","v"
"1789836412-1034","https://www.expressio.fr/toutes-les-expressions","https://www.expressio.fr/toutes-les-expressions/page-21","un homme averti en vaut deux","le savoir c'est le pouvoir ; mieux vaut être averti ; on est plus apte à faire face à une situation potentiellement déroutante ou dangereuse lorsqu’on en a été prévenu","exp"
"1789836412-1035","https://www.expressio.fr/toutes-les-expressions","https://www.expressio.fr/toutes-les-expressions/page-21","trouver chaussure à son pied","trouver ce dont on a besoin ; rencontrer la personne qui convient ; trouver ce l'objet recherché ; trouver un partenaire amoureux compatible ; trouver l'amour","v"
"1789836412-1036","https://www.expressio.fr/toutes-les-expressions","https://www.expressio.fr/toutes-les-expressions/page-21","avoir le dos au feu et le ventre à table","être confortablement installé pour manger ; avoir ses aises pour faire bonne chère","v"
"1789836412-1037","https://www.expressio.fr/toutes-les-expressions","https://www.expressio.fr/toutes-les-expressions/page-21","c'est l'horloge du palais","se dit à propos d'une horloge déréglée","exp"
"1789836412-1038","https://www.expressio.fr/toutes-les-expressions","https://www.expressio.fr/toutes-les-expressions/page-21","prendre la lune avec les dents","tenter l'impossible","v"
"1789836412-1039","https://www.expressio.fr/toutes-les-expressions","https://www.expressio.fr/toutes-les-expressions/page-21","chanter pouilles","injurier ; faire des reproches injurieux ; réprimander de manière injurieuse ; chercher querelle à","v"
"1789836412-1040","https://www.expressio.fr/toutes-les-expressions","https://www.expressio.fr/toutes-les-expressions/page-21","ne pas avoir les yeux en face des trous","ne pas voir quelque chose de bien visible ; ne pas être bien réveillé ; ne pas voir clair ; ne pas voir ce qu'il se passe","v"
"1789836412-1041","https://www.expressio.fr/toutes-les-expressions","https://www.expressio.fr/toutes-les-expressions/page-21","chasse aux sorcières","une persécution organisée et généralement injuste ; procès en sorcellerie ; maccarthysme ; poursuite systématique des opposants à un régime politique ; élimination des membres jugés indésirables","n"
"1789836412-1042","https://www.expressio.fr/toutes-les-expressions","https://www.expressio.fr/toutes-les-expressions/page-21","tenir la corde","avoir un avantage sur les autres ; être bien placé dans une compétition ; être en bonne position ; être placé près du bord intérieur de la piste ; être dans une bonne position ; être en position favorable le long de la corde dans une course de vitesse ; faire courir son cheval le plus près possible de la corde qui borne le champ de course ; avoir l'avantage ; avoir la préférence ; se trouver en situation avantageuse de gagner ; garder l'avantage ; rester en bonne position ; garder le bon rythme","v"
"1789836412-1043","https://www.expressio.fr/toutes-les-expressions","https://www.expressio.fr/toutes-les-expressions/page-21","tomber en rideau","tomber en panne ; ne plus fonctionner","v"
"1789836412-1044","https://www.expressio.fr/toutes-les-expressions","https://www.expressio.fr/toutes-les-expressions/page-21","tomber en quenouille","être laissé à l'abandon ; perdre de sa valeur ; perdre de sa force","v"
"1789836412-1045","https://www.expressio.fr/toutes-les-expressions","https://www.expressio.fr/toutes-les-expressions/page-21","de bon augure","qui constitue un signe favorable ; prometteur ; sous de bons auspices","adj"
"1789836412-1046","https://www.expressio.fr/toutes-les-expressions","https://www.expressio.fr/toutes-les-expressions/page-21","filer doux","obéir sans résistance ; se soumettre ; respecter les consignes sans objection ; se faire discret ; obéir sans rechigner ; obéir humblement ; n'opposer aucune résistance ; se soumettre sans murmure ; subir une autorité dominatrice sans manifester aucun mauvais vouloir","v"
"1789836412-1047","https://www.expressio.fr/toutes-les-expressions","https://www.expressio.fr/toutes-les-expressions/page-21","une plâtrée","une ventrée ; une grande quantité ; une ration très abondante","n"
"1789836412-1048","https://www.expressio.fr/toutes-les-expressions","https://www.expressio.fr/toutes-les-expressions/page-21","mettre les bouts","s'en aller ; s'enfuir ; partir ; partir rapidement ; se casser","v"
"1789836412-1049","https://www.expressio.fr/toutes-les-expressions","https://www.expressio.fr/toutes-les-expressions/page-21","perdre le nord","perdre la boussole ; être désorienté ; être troublé ; être affolé ; se perdre ; perdre la raison ; perdre la tramontane ; devenir fou ; ne plus voir l'étoile polaire ; ne plus pouvoir s'aider de la boussole ; ne plus savoir où l'on en est ; ne plus savoir ce qu'on fait ni ce qu'on dit","v"
"1789836412-1050","https://www.expressio.fr/toutes-les-expressions","https://www.expressio.fr/toutes-les-expressions/page-21","mettre le grappin sur","se saisir de ; s'emparer de ; accaparer quelqu'un ; retenir quelqu'un ; harponner","v"
"1789836417-1051","https://www.expressio.fr/toutes-les-expressions","https://www.expressio.fr/toutes-les-expressions/page-22","des querelles intestines","des dissensions ; des conflits à l'intérieur d'un groupe ; luttes intestines ; conflits internes ; querelles internes ; conflit civil ; guerre civile ; troubles civils","n"
"1789836417-1052","https://www.expressio.fr/toutes-les-expressions","https://www.expressio.fr/toutes-les-expressions/page-22","tirer au flanc","tirer au cul ; éviter le travail ; éviter les corvées ; se soustraire à ses tâches ; paresser","v"
"1789836417-1053","https://www.expressio.fr/toutes-les-expressions","https://www.expressio.fr/toutes-les-expressions/page-22","décrocher la lune","obtenir l'impossible ; aller chercher l'impossible ; réussir un exploit","v"
"1789836417-1054","https://www.expressio.fr/toutes-les-expressions","https://www.expressio.fr/toutes-les-expressions/page-22","une belle nana","une belle poulette ; une belle pépée ; une jolie jeune fille ; une jolie jeune femme","n"
"1789836417-1055","https://www.expressio.fr/toutes-les-expressions","https://www.expressio.fr/toutes-les-expressions/page-22","se croire le premier moutardier du pape","être infatué de sa personne ; se prendre à tort pour une personne importante ; péter plus haut que son cul ; se croire sorti de la cuisse de Jupiter","v"
"1789836417-1056","https://www.expressio.fr/toutes-les-expressions","https://www.expressio.fr/toutes-les-expressions/page-22","entre le marteau et l'enclume","entre deux camps adverses et exposé à recevoir des coups venus des deux côtés ; entre l'arbre et l'écorce ; entre deux camps adverses ; entre deux partis en conflit ; entre deux personnes qui ont des intérêts contraires","adv"
"1789836417-1057","https://www.expressio.fr/toutes-les-expressions","https://www.expressio.fr/toutes-les-expressions/page-22","se cailler les miches","se cailler ; avoir froid ; se peler le jonc ; se geler les miches","v"
"1789836417-1058","https://www.expressio.fr/toutes-les-expressions","https://www.expressio.fr/toutes-les-expressions/page-22","le pot au noir","zone océanique peu appréciée des marins en raison des conditions météorologiques qui y règnent ; situation à risque ; une situation instable et dangereuse","n"
"1789836417-1059","https://www.expressio.fr/toutes-les-expressions","https://www.expressio.fr/toutes-les-expressions/page-22","la réponse du berger à la bergère","la réponse qui clôt la discussion, sans possibilité d'y revenir ; le dernier mot ; une manière de rendre à quelqu'un la pareille","exp"
"1789836417-1060","https://www.expressio.fr/toutes-les-expressions","https://www.expressio.fr/toutes-les-expressions/page-22","jeter son bonnet par dessus les moulins","se reconnaître incapable de résoudre une difficulté ; donner sa langue au chat ; agir librement sans se soucier de l'opinion ; braver la bienséance ; abandonner quelque chose ; se sentir incapable","v"
"1789836417-1061","https://www.expressio.fr/toutes-les-expressions","https://www.expressio.fr/toutes-les-expressions/page-22","se la couler douce","vivre sans soucis et sans efforts ; paresser ; vivre agréablement ; vivre tranquillement ; prendre du bon temps ; ne pas se soucier","v"
"1789836417-1062","https://www.expressio.fr/toutes-les-expressions","https://www.expressio.fr/toutes-les-expressions/page-22","n'en pouvoir mais","être impuissant à faire quelque chose ; ne rien pouvoir ; ne plus être capable","v"
"1789836417-1063","https://www.expressio.fr/toutes-les-expressions","https://www.expressio.fr/toutes-les-expressions/page-22","couper le sifflet","laisser coi ; empêcher de s'exprimer ; clouer le bec ; faire taire","v"
"1789836417-1064","https://www.expressio.fr/toutes-les-expressions","https://www.expressio.fr/toutes-les-expressions/page-22","branler dans le manche","être mal assuré ; être peu solide ; manquer de stabilité ; être dans une situation précaire","v"
"1789836417-1065","https://www.expressio.fr/toutes-les-expressions","https://www.expressio.fr/toutes-les-expressions/page-22","sans barguigner","sans hésiter ; sans mettre du temps à agir ; sans réticence ; sans hésitation","adv"
"1789836417-1066","https://www.expressio.fr/toutes-les-expressions","https://www.expressio.fr/toutes-les-expressions/page-22","le nerf de la guerre","l'argent","exp"
"1789836417-1067","https://www.expressio.fr/toutes-les-expressions","https://www.expressio.fr/toutes-les-expressions/page-22","après moi le Déluge","peu m'importe ce qu'il va se passer, même si c'est une catastrophe","exp"
"1789836417-1068","https://www.expressio.fr/toutes-les-expressions","https://www.expressio.fr/toutes-les-expressions/page-22","soutenir mordicus","affirmer avec obstination ; soutenir avec ténacité ; affirmer quelque chose de façon catégorique","v"
"1789836417-1069","https://www.expressio.fr/toutes-les-expressions","https://www.expressio.fr/toutes-les-expressions/page-22","mettre la clé sous la porte","déménager ; partir discrètement ; cesser son activité ; faire faillite ; mettre la clé sous le paillasson ; abandonner une entreprise","v"
"1789836417-1070","https://www.expressio.fr/toutes-les-expressions","https://www.expressio.fr/toutes-les-expressions/page-22","la queue entre les jambes","honteux après un échec ; la queue basse ; en éprouvant de la honte d'un échec ; sans demander son reste","exp"
"1789836417-1071","https://www.expressio.fr/toutes-les-expressions","https://www.expressio.fr/toutes-les-expressions/page-22","avoir la berlue","se faire une fausse idée ; avoir des illusions ; ne pas en croire ses yeux ; s'illusionner ; juger mal de quelque chose, s’en faire une idée fausse","v"
"1789836417-1072","https://www.expressio.fr/toutes-les-expressions","https://www.expressio.fr/toutes-les-expressions/page-22","fou à lier","délirant ; dément ; taré ; cinglé ; complètement fou","adj"
"1789836417-1073","https://www.expressio.fr/toutes-les-expressions","https://www.expressio.fr/toutes-les-expressions/page-22","tomber dans l'escarcelle","rentrer dans l'escarcelle ; rentrer dans le portemonnaie ; s'ajouter aux moyens financiers","v"
"1789836417-1074","https://www.expressio.fr/toutes-les-expressions","https://www.expressio.fr/toutes-les-expressions/page-22","pressé comme un lavement","très pressé","exp"
"1789836417-1075","https://www.expressio.fr/toutes-les-expressions","https://www.expressio.fr/toutes-les-expressions/page-22","mettre à gauche","mettre de l'argent de côté ; économiser ; économiser de l'argent","v"
"1789836417-1076","https://www.expressio.fr/toutes-les-expressions","https://www.expressio.fr/toutes-les-expressions/page-22","un combat homérique","un combat spectaculaire ; un combat épique ; un combat héroïque ; un combat fabuleux","exp"
"1789836417-1077","https://www.expressio.fr/toutes-les-expressions","https://www.expressio.fr/toutes-les-expressions/page-22","boucler la boucle","se retrouver à son point de départ ; terminer quelque chose ; refaire le parcours d'un raisonnement ; se retrouver à l’endroit d’où l’on est parti ; se retrouver au point de départ ; se retrouver dans l’état où l’on était au départ","v"
"1789836417-1078","https://www.expressio.fr/toutes-les-expressions","https://www.expressio.fr/toutes-les-expressions/page-22","tête-bêche","couchées ou posés côte-à-côte en sens inverse","adv"
"1789836417-1079","https://www.expressio.fr/toutes-les-expressions","https://www.expressio.fr/toutes-les-expressions/page-22","céder au chant des sirènes","succomber au chant des sirènes ; céder à la tentation ; se laisser séduire ; succomber à la tentation","v"
"1789836417-1080","https://www.expressio.fr/toutes-les-expressions","https://www.expressio.fr/toutes-les-expressions/page-22","un peigne-cul","une personne grossière ; une personne méprisable ; une personne peu sociable ; salaud ; con ; enfoiré ; couillon ; branleur ; trouduc ; trou de balle","n"
"1789836417-1081","https://www.expressio.fr/toutes-les-expressions","https://www.expressio.fr/toutes-les-expressions/page-22","passer un savon","réprimander quelqu'un ; réprimander vertement","v"
"1789836417-1082","https://www.expressio.fr/toutes-les-expressions","https://www.expressio.fr/toutes-les-expressions/page-22","ne pas attacher son chien avec des saucisses","être très avare","v"
"1789836417-1083","https://www.expressio.fr/toutes-les-expressions","https://www.expressio.fr/toutes-les-expressions/page-22","maigre comme un coucou","très maigre ; maigre comme un clou","exp"
"1789836417-1084","https://www.expressio.fr/toutes-les-expressions","https://www.expressio.fr/toutes-les-expressions/page-22","prêcher dans le désert","parler sans être écouté ; parler dans le vide ; parler à qui ne veut pas entendre ; parler inutilement à des gens qui ne veulent pas se laisser convaincre","v"
"1789836417-1085","https://www.expressio.fr/toutes-les-expressions","https://www.expressio.fr/toutes-les-expressions/page-22","le dernier carat","la dernière limite ; la perfection","exp"
"1789836417-1086","https://www.expressio.fr/toutes-les-expressions","https://www.expressio.fr/toutes-les-expressions/page-22","c'est monnaie courante","être une chose habituelle ; être une pratique courante ; pratique courante ; courant","exp"
"1789836417-1087","https://www.expressio.fr/toutes-les-expressions","https://www.expressio.fr/toutes-les-expressions/page-22","de mal en pis","de plus en plus mal ; de pire en pire ; en s'aggravant ; de charybde en scylla ; en se détériorant","adv"
"1789836417-1088","https://www.expressio.fr/toutes-les-expressions","https://www.expressio.fr/toutes-les-expressions/page-22","l'arbre qui cache la forêt","le détail qui empêche de voir l'ensemble ; un détail sur lequel les gens se focalisent au détriment de l'ensemble","n"
"1789836417-1089","https://www.expressio.fr/toutes-les-expressions","https://www.expressio.fr/toutes-les-expressions/page-22","poireauter","faire le poireau ; attendre longuement, voire en vain","v"
"1789836417-1090","https://www.expressio.fr/toutes-les-expressions","https://www.expressio.fr/toutes-les-expressions/page-22","mieux vaut faire envie que pitié","mieux vaut susciter la jalousie que la compassion ; mieux vaut être bien en chair que maigre ; il vaut mieux être riche et faire des envieux que pauvre et inspirer la pitié","exp"
"1789836417-1091","https://www.expressio.fr/toutes-les-expressions","https://www.expressio.fr/toutes-les-expressions/page-22","un cadavre dans le placard","un scandale dans son passé ; une affaire peu avouable que l'on ne tient pas à divulguer ; un secret enfoui profondément ; une affaire que l'on aimerait garder secrète","n"
"1789836417-1092","https://www.expressio.fr/toutes-les-expressions","https://www.expressio.fr/toutes-les-expressions/page-22","c'est la Bérézina","c'est une défaite cuisante ; c'est une déroute complète ; c'est une situation extrêmement désagréable","exp"
"1789836417-1093","https://www.expressio.fr/toutes-les-expressions","https://www.expressio.fr/toutes-les-expressions/page-22","faire partie du Gotha","faire partie de la haute société ; faire partie de l'élite ; être inclus","v"
"1789836417-1094","https://www.expressio.fr/toutes-les-expressions","https://www.expressio.fr/toutes-les-expressions/page-22","ventre affamé n'a pas d'oreilles","on ne peut pas réfléchir quand on a faim ; la faim étouffe tout le reste ; un homme affamé ne saurait être raisonné ; celui qui a faim n'écoute pas","exp"
"1789836417-1095","https://www.expressio.fr/toutes-les-expressions","https://www.expressio.fr/toutes-les-expressions/page-22","se réduire comme une peau de chagrin","se réduire progressivement","v"
"1789836417-1096","https://www.expressio.fr/toutes-les-expressions","https://www.expressio.fr/toutes-les-expressions/page-22","prendre le contre-pied","à contrepied ; faire le contraire ; en sens contraire","v"
"1789836417-1097","https://www.expressio.fr/toutes-les-expressions","https://www.expressio.fr/toutes-les-expressions/page-22","n'en avoir cure","ne pas s'en soucier ; s'en moquer","v"
"1789836417-1098","https://www.expressio.fr/toutes-les-expressions","https://www.expressio.fr/toutes-les-expressions/page-22","tous les chemins mènent à Rome","on peut obtenir un même résultat de différentes manières","exp"
"1789836417-1099","https://www.expressio.fr/toutes-les-expressions","https://www.expressio.fr/toutes-les-expressions/page-22","tu l'as dit, bouffi !","tu as raison !","exp"
"1789836417-1100","https://www.expressio.fr/toutes-les-expressions","https://www.expressio.fr/toutes-les-expressions/page-22","la paille et la poutre","les défauts d'autrui qu'on perçoit comme gênants en ignorant les siens propres","exp"
"1789836423-1101","https://www.expressio.fr/toutes-les-expressions","https://www.expressio.fr/toutes-les-expressions/page-23","savonner la planche","glisser une peau de banane ; utiliser des procédés déloyaux envers quelqu'un pour faire échouer ce qu'il entreprend ; couper l'herbe sous le pied","v"
"1789836423-1102","https://www.expressio.fr/toutes-les-expressions","https://www.expressio.fr/toutes-les-expressions/page-23","une bête de somme","une personne effectuant des travaux pénibles ; bête de travail ; dromadaire ; chameau","n"
"1789836423-1103","https://www.expressio.fr/toutes-les-expressions","https://www.expressio.fr/toutes-les-expressions/page-23","tirer sa crampe","s'en aller ; fuir ; faire l'amour ; avoir un orgasme","v"
"1789836423-1104","https://www.expressio.fr/toutes-les-expressions","https://www.expressio.fr/toutes-les-expressions/page-23","un monte-en-l'air","un cambrioleur","n"
"1789836423-1105","https://www.expressio.fr/toutes-les-expressions","https://www.expressio.fr/toutes-les-expressions/page-23","incessamment sous peu","dans très peu de temps ; qui va arriver rapidement ; dans peu de temps ; d'un moment à l'autre","exp"
"1789836423-1106","https://www.expressio.fr/toutes-les-expressions","https://www.expressio.fr/toutes-les-expressions/page-23","couper les ponts","interrompre toute relation","v"
"1789836423-1107","https://www.expressio.fr/toutes-les-expressions","https://www.expressio.fr/toutes-les-expressions/page-23","n'y voir que du feu","ne s'apercevoir de rien ; ne rien comprendre dans une affaire ; voir trente-six chandelles ; ne rien comprendre à une tromperie","v"
"1789836423-1108","https://www.expressio.fr/toutes-les-expressions","https://www.expressio.fr/toutes-les-expressions/page-23","empêcheur de tourner en rond","un trouble-fête ; un gêneur ; empêcheur de danser ; rabat-joie ; personne égoïste","n"
"1789836423-1109","https://www.expressio.fr/toutes-les-expressions","https://www.expressio.fr/toutes-les-expressions/page-23","bavard comme une pie","très bavard","adj"
"1789836423-1110","https://www.expressio.fr/toutes-les-expressions","https://www.expressio.fr/toutes-les-expressions/page-23","tous azimuts","dans tous les azimuts ; dans toutes les directions ; de tous les côtés ; par tous les moyens","adj"
"1789836423-1111","https://www.expressio.fr/toutes-les-expressions","https://www.expressio.fr/toutes-les-expressions/page-23","en cinq sec","rapidement et efficacement ; rapidement ; sans traîner","adv"
"1789836423-1112","https://www.expressio.fr/toutes-les-expressions","https://www.expressio.fr/toutes-les-expressions/page-23","avoir la main verte","savoir entretenir les plantes ; être en harmonie avec les plantes ; avoir le pouce vert ; être doué pour le jardinage","v"
"1789836423-1113","https://www.expressio.fr/toutes-les-expressions","https://www.expressio.fr/toutes-les-expressions/page-23","envers et contre tous","en dépit de l'opposition générale ; en dépit des nombreuses résistances ; malgré tous les obstacles","exp"
"1789836423-1114","https://www.expressio.fr/toutes-les-expressions","https://www.expressio.fr/toutes-les-expressions/page-23","chi va piano va sano","qui va doucement va sûrement","exp"
"1789836423-1115","https://www.expressio.fr/toutes-les-expressions","https://www.expressio.fr/toutes-les-expressions/page-23","ne pas avoir gardé les cochons ensemble","ne pas être familier ; ne pas être proches ; ne pas avoir élevé les cochons ensemble ; n'être pas intime","v"
"1789836423-1116","https://www.expressio.fr/toutes-les-expressions","https://www.expressio.fr/toutes-les-expressions/page-23","nettoyer les écuries d'Augias","mettre en place des solutions radicales","v"
"1789836423-1117","https://www.expressio.fr/toutes-les-expressions","https://www.expressio.fr/toutes-les-expressions/page-23","sans coup férir","sans rencontrer de résistance ; sans difficulté ; sans résistance ; sans avoir à combattre ; sans se heurter à une quelconque opposition","adv"
"1789836423-1118","https://www.expressio.fr/toutes-les-expressions","https://www.expressio.fr/toutes-les-expressions/page-23","s'en laver les mains","décliner toute responsabilité ; ne plus s'en préoccuper ; se moquer totalement","v"
"1789836423-1119","https://www.expressio.fr/toutes-les-expressions","https://www.expressio.fr/toutes-les-expressions/page-23","passer à tabac","rouer de coups ; tabasser ; avoiner","v"
"1789836423-1120","https://www.expressio.fr/toutes-les-expressions","https://www.expressio.fr/toutes-les-expressions/page-23","il n'est pas à prendre avec des pincettes","il est très sale ; il est répugnant ; il est méprisable ; il est ignoble ; il est de très mauvaise humeur","exp"
"1789836423-1121","https://www.expressio.fr/toutes-les-expressions","https://www.expressio.fr/toutes-les-expressions/page-23","adieu, veau, vache, cochon, couvée","on doit faire une croix sur ce qu'on espérait","exp"
"1789836423-1122","https://www.expressio.fr/toutes-les-expressions","https://www.expressio.fr/toutes-les-expressions/page-23","s'en mettre plein la lampe","manger très copieusement ; manger plus qu'à satiété","v"
"1789836423-1123","https://www.expressio.fr/toutes-les-expressions","https://www.expressio.fr/toutes-les-expressions/page-23","en odeur de sainteté","en état de perfection spirituelle ; bien vu ; qui inspire confiance","adv"
"1789836423-1124","https://www.expressio.fr/toutes-les-expressions","https://www.expressio.fr/toutes-les-expressions/page-23","solide comme le Pont-Neuf","très solide ; en bonne santé ; vigoureux","exp"
"1789836423-1125","https://www.expressio.fr/toutes-les-expressions","https://www.expressio.fr/toutes-les-expressions/page-23","ruer dans les brancards","se révolter ; se rebiffer ; refuser de continuer un travail ; protester ; regimber ; récalcitrer","v"
"1789836423-1126","https://www.expressio.fr/toutes-les-expressions","https://www.expressio.fr/toutes-les-expressions/page-23","jeter l'argent par les fenêtres","être extrêmement dépensier","v"
"1789836423-1127","https://www.expressio.fr/toutes-les-expressions","https://www.expressio.fr/toutes-les-expressions/page-23","la flèche du Parthe","l'attaque ou la plaisanterie hostile lancée à la fin d'une conversation","exp"
"1789836423-1128","https://www.expressio.fr/toutes-les-expressions","https://www.expressio.fr/toutes-les-expressions/page-23","enterrer la hache de guerre","fumer le calumet de la paix ; faire la paix ; se réconcilier ; parvenir à un accord de paix ; mettre fin aux hostilités ; suspendre les hostilités ; décider une trêve","v"
"1789836423-1129","https://www.expressio.fr/toutes-les-expressions","https://www.expressio.fr/toutes-les-expressions/page-23","faire la courte échelle","aider à franchir un obstacle en formant un échelon avec les mains imbriquées ; donner un coup de main ; aider ; supporter ; aider à grimper","v"
"1789836423-1130","https://www.expressio.fr/toutes-les-expressions","https://www.expressio.fr/toutes-les-expressions/page-23","un lit de Procuste","une mutilation d'une oeuvre pour les rendre conforme à un modèle ; une uniformisation au prix d'une déformation ; une élimination de ce qui ne rentre pas dans le moule","n"
"1789836423-1131","https://www.expressio.fr/toutes-les-expressions","https://www.expressio.fr/toutes-les-expressions/page-23","la bailler belle","chercher à tromper quelqu'un ; chercher à faire croire à quelqu'un quelque chose de faux ; tenter de faire croire","exp"
"1789836423-1132","https://www.expressio.fr/toutes-les-expressions","https://www.expressio.fr/toutes-les-expressions/page-23","rouler carrosse","être riche et le montrer ; mener un grand train de vie ; rouler sur l'or","v"
"1789836423-1133","https://www.expressio.fr/toutes-les-expressions","https://www.expressio.fr/toutes-les-expressions/page-23","entre deux eaux","en manoeuvant entre deux partis sans se compromettre ; en refusant de s'engager ; sur une ligne de crète ; en évitant de se compromettre","adv"
"1789836423-1134","https://www.expressio.fr/toutes-les-expressions","https://www.expressio.fr/toutes-les-expressions/page-23","avoir les yeux de Chimène","éprouver un fort intérêt pour quelque chose ou pour quelqu’un ; éprouver une passion ; être passionné par quelqu'un ou quelque chose","v"
"1789836423-1135","https://www.expressio.fr/toutes-les-expressions","https://www.expressio.fr/toutes-les-expressions/page-23","et voilà pourquoi votre fille est muette","tout ça pour ça ; ce n'était décidément pas la peine de parler autant ; c'est un long discours qui n'a abouti à rien","exp"
"1789836423-1136","https://www.expressio.fr/toutes-les-expressions","https://www.expressio.fr/toutes-les-expressions/page-23","tonneau des Danaïdes","une tâche sans fin ; un travail à recommencer sans cesse ; un compte en banque constamment vidé par quelqu'un de très dépensier","n"
"1789836423-1137","https://www.expressio.fr/toutes-les-expressions","https://www.expressio.fr/toutes-les-expressions/page-23","se jeter un verre derrière la cravate","boire un verre","v"
"1789836423-1138","https://www.expressio.fr/toutes-les-expressions","https://www.expressio.fr/toutes-les-expressions/page-23","sans tambour ni trompette","discrètement ; secrètement ; sans bruit ; sans attirer l'attention ; sans faire de bruit","adv"
"1789836423-1139","https://www.expressio.fr/toutes-les-expressions","https://www.expressio.fr/toutes-les-expressions/page-23","le rocher de sisyphe","un travail difficile ; un travail toujours recommencé ; un travail interminable","exp"
"1789836423-1140","https://www.expressio.fr/toutes-les-expressions","https://www.expressio.fr/toutes-les-expressions/page-23","Paris vaut bien une messe","c'est un avantage qui mérite bien un petit sacrifice","exp"
"1789836423-1141","https://www.expressio.fr/toutes-les-expressions","https://www.expressio.fr/toutes-les-expressions/page-23","la perfide Albion","l'Angleterre ; la Grande-Bretagne","exp"
"1789836423-1142","https://www.expressio.fr/toutes-les-expressions","https://www.expressio.fr/toutes-les-expressions/page-23","il y a loin de la coupe aux lèvres","il peut y avoir un long chemin entre un projet et son aboutissement ; il peut y avoir un long chemin entre un désir et sa satisfaction ; il peut y avoir un long chemin entre une promesse et sa réalisation ; ce n'est pas parce qu'un but semble proche qu'on va forcément l'atteindre ; il faut souvent patienter pour obtenir ce que l'on désire ; il y a un long chemin entre un projet et son aboutissement","exp"
"1789836423-1143","https://www.expressio.fr/toutes-les-expressions","https://www.expressio.fr/toutes-les-expressions/page-23","homme de paille","prête-nom ; une personne qui agit comme prête-nom d'une autre dans une affaire souvent douteuse ; celui qui sert de prête-nom dans une affaire ; homme qui se présente comme responsable d'un fait d'autrui qui ne veut pas apparaître ; contractant supposé","n"
"1789836423-1144","https://www.expressio.fr/toutes-les-expressions","https://www.expressio.fr/toutes-les-expressions/page-23","faire du ramdam","faire du vacarme ; provoquer du désordre","v"
"1789836423-1145","https://www.expressio.fr/toutes-les-expressions","https://www.expressio.fr/toutes-les-expressions/page-23","se jeter dans la gueule du loup","se fourrer dans la gueule du loup ; s'exposer imprudemment à un danger ; prendre de gros risques sans tenir compte du danger ; se jeter sur un plateau d'argent à l'ennemi ; se jeter au danger dont on est menacé","v"
"1789836423-1146","https://www.expressio.fr/toutes-les-expressions","https://www.expressio.fr/toutes-les-expressions/page-23","tête brûlée","casse-cou ; imprudent ; une personne exaltée ; une personne qui se jette dans toutes sortes d'aventures au mépris des risques ; personne qui prend des risques volontairement ; personne portée à l'excès ; personne bornée","n"
"1789836423-1147","https://www.expressio.fr/toutes-les-expressions","https://www.expressio.fr/toutes-les-expressions/page-23","à pleines dents","avec entrain ; avec enthousiasme ; de bon appétit","exp"
"1789836423-1148","https://www.expressio.fr/toutes-les-expressions","https://www.expressio.fr/toutes-les-expressions/page-23","se frotter les mains","se réjouir ; se féliciter","v"
"1789836423-1149","https://www.expressio.fr/toutes-les-expressions","https://www.expressio.fr/toutes-les-expressions/page-23","aux quatre coins de","dans tous les lieux possibles ; partout ; sur toute l'étendue de ; aux quatre vents ; dans tous les recoins","adv"
"1789836423-1150","https://www.expressio.fr/toutes-les-expressions","https://www.expressio.fr/toutes-les-expressions/page-23","numéroter ses abattis","se tenir prêt à affronter un combat où on risque de subir des dommages corporels ; vérifier l'état des ses membres à la suite d'une bagarre ; vériier l'état de ses membres suite à une chute","v"
"1789836430-1151","https://www.expressio.fr/toutes-les-expressions","https://www.expressio.fr/toutes-les-expressions/page-24","manger son pain blanc en premier","passer d'un état heureux à un autre qui ne l'est pas","v"
"1789836430-1152","https://www.expressio.fr/toutes-les-expressions","https://www.expressio.fr/toutes-les-expressions/page-24","séance tenante","immédiatement ; aussitôt ; dès maintenant ; sans délai ; sans retard ; instantanément ; dans l'immédiat ; sans tarder ; sur le champ","adv"
"1789836430-1153","https://www.expressio.fr/toutes-les-expressions","https://www.expressio.fr/toutes-les-expressions/page-24","un procès d'intention","une accusation portant non pas sur des actes mais sur des intentions supposées ; une accusation injuste ; une accusation insuffisamment fondée","n"
"1789836430-1154","https://www.expressio.fr/toutes-les-expressions","https://www.expressio.fr/toutes-les-expressions/page-24","battre l'eau","faire quelque chose d'inutile","v"
"1789836430-1155","https://www.expressio.fr/toutes-les-expressions","https://www.expressio.fr/toutes-les-expressions/page-24","être d'un calme olympien","rester de marbre ; être imperturbable ; être dans un état de pleine tranquillité","v"
"1789836430-1156","https://www.expressio.fr/toutes-les-expressions","https://www.expressio.fr/toutes-les-expressions/page-24","les petits ruisseaux font les grandes rivières","un ensemble de petits éléments accumulés finissent par faire quelque chose d'important ; un ensemble de petites choses peut avoir un très gros impact ; accumuler de petits profits peut mener à un grand bénéfice","exp"
"1789836430-1157","https://www.expressio.fr/toutes-les-expressions","https://www.expressio.fr/toutes-les-expressions/page-24","une main devant une main derrière","les bras ballants ; sans rien ; sans aucune possession ; les mains vides ; sans situation stable ; complètement démuni ; ayant tout perdu","exp"
"1789836430-1158","https://www.expressio.fr/toutes-les-expressions","https://www.expressio.fr/toutes-les-expressions/page-24","mettre à sac","dévaliser ; piller complètement ; saccager","v"
"1789836430-1159","https://www.expressio.fr/toutes-les-expressions","https://www.expressio.fr/toutes-les-expressions/page-24","conter fleurette","faire la cour ; flirter ; roucouler ; marivauder ; tenir des propos galants ; courtiser ; chercher à séduire quelqu'un","v"
"1789836430-1160","https://www.expressio.fr/toutes-les-expressions","https://www.expressio.fr/toutes-les-expressions/page-24","comme un poisson dans l'eau","complètement à l'aise ; dans son élément","adv"
"1789836430-1161","https://www.expressio.fr/toutes-les-expressions","https://www.expressio.fr/toutes-les-expressions/page-24","avoir le bras long","avoir de l'influence ; avoir du pouvoir ; avoir une grande influence ; avoir un crédit ; avoir un pouvoir qui s’étend bien loin","v"
"1789836430-1162","https://www.expressio.fr/toutes-les-expressions","https://www.expressio.fr/toutes-les-expressions/page-24","ne pas être dans son assiette","ne pas être dans son état normal ; ne pas se sentir bien ; se sentir mal ; être indisposé ; avoir le cafard ; ne pas être très en forme ; se sentir malade","v"
"1789836430-1163","https://www.expressio.fr/toutes-les-expressions","https://www.expressio.fr/toutes-les-expressions/page-24","une épine dans le pied","une contrariété ; un embarras","n"
"1789836430-1164","https://www.expressio.fr/toutes-les-expressions","https://www.expressio.fr/toutes-les-expressions/page-24","courir la prétentaine","courir la calabre ; aller et venir sans raison particulière ; faire des escapades ; chercher des aventures érotiques ; vagabonder ; courir les aventures galantes","v"
"1789836430-1165","https://www.expressio.fr/toutes-les-expressions","https://www.expressio.fr/toutes-les-expressions/page-24","fumer une clope","fumer une sèche ; fumer une cigarette","v"
"1789836430-1166","https://www.expressio.fr/toutes-les-expressions","https://www.expressio.fr/toutes-les-expressions/page-24","un tiens vaut mieux que deux tu l'auras","mieux vaut obtenir peu maintenant qu'attendre pour davantage plus tard ; mieux vaut s'assurer d'obtenir un faible gain immédiat qu'attendre pour un gain plus grand mais hypothétique ; mieux vaut tenir que courir ; une chose obtenue vaut mieux que des choses attendues ; un avantage réel, même modique, vaut mieux qu'un profit illusoire bien plus considérable","exp"
"1789836430-1167","https://www.expressio.fr/toutes-les-expressions","https://www.expressio.fr/toutes-les-expressions/page-24","coup de tabac","du mauvais temps ; une tempête en mer soudaine et susceptible de secouer durement le navire ; un évènement brutal aux conséquences lourdes ; tempête en pleine mer ; tempête courte et violente ; événement soudain et violent","exp"
"1789836430-1168","https://www.expressio.fr/toutes-les-expressions","https://www.expressio.fr/toutes-les-expressions/page-24","niveler par le bas","amener différentes choses à un niveau commun sans aucune ambition ; viser le minimum ; viser le choix médiocre ; mettre au même niveau","v"
"1789836430-1169","https://www.expressio.fr/toutes-les-expressions","https://www.expressio.fr/toutes-les-expressions/page-24","salut vieille branche !","salut vieux ; on te revoit enfin","exp"
"1789836430-1170","https://www.expressio.fr/toutes-les-expressions","https://www.expressio.fr/toutes-les-expressions/page-24","se faire porter pâle","se déclarer comme étant malade ; se faire passer pour malade ; simuler la maladie pour éviter une corvée ; se déclarer malade","v"
"1789836430-1171","https://www.expressio.fr/toutes-les-expressions","https://www.expressio.fr/toutes-les-expressions/page-24","coup de Jarnac","un coup habile mais inattendu ; un coup décisif mais inattendu ; un coup donné par traîtrise ; mauvais tour joué à quelqu'un ; coup porté en traître","n"
"1789836430-1172","https://www.expressio.fr/toutes-les-expressions","https://www.expressio.fr/toutes-les-expressions/page-24","brûler ses vaisseaux","accomplir un acte après lequel tout recul est impossible ; s'engager dans une entreprise en s'interdisant de revenir en arrière ; prendre une décision en s'interdisant de revenir en arrière ; passer le point de non-retour","v"
"1789836430-1173","https://www.expressio.fr/toutes-les-expressions","https://www.expressio.fr/toutes-les-expressions/page-24","dans le plus simple appareil","nu ; en tenue d'eve ; presque nu ; dans l'état de nudité ; qui est dépouillé de tous ses vêtements ; complètement nu","adv"
"1789836430-1174","https://www.expressio.fr/toutes-les-expressions","https://www.expressio.fr/toutes-les-expressions/page-24","t'as le bonjour d'Alfred !","au revoir ; je dois y aller","exp"
"1789836430-1175","https://www.expressio.fr/toutes-les-expressions","https://www.expressio.fr/toutes-les-expressions/page-24","promesse de gascon","promesse excessive qui ne sera sans doute pas tenue","exp"
"1789836430-1176","https://www.expressio.fr/toutes-les-expressions","https://www.expressio.fr/toutes-les-expressions/page-24","par l'opération du Saint-Esprit","mystérieusement ; d'une manière douteuse ; inexplicablement","adv"
"1789836430-1177","https://www.expressio.fr/toutes-les-expressions","https://www.expressio.fr/toutes-les-expressions/page-24","comme un cheveu sur la soupe","mal à propos ; à contretemps ; de façon incongrue ; mal adaptée à la situation ; inopportunément","adv"
"1789836430-1178","https://www.expressio.fr/toutes-les-expressions","https://www.expressio.fr/toutes-les-expressions/page-24","en faire à sa guise","agir selon son goût ; agir selon sa volonté ; se conduire selon son envie","exp"
"1789836430-1179","https://www.expressio.fr/toutes-les-expressions","https://www.expressio.fr/toutes-les-expressions/page-24","aller comme un tablier à une vache","aller comme des guêtres à un lapin ; lui aller très mal","v"
"1789836430-1180","https://www.expressio.fr/toutes-les-expressions","https://www.expressio.fr/toutes-les-expressions/page-24","donner un coup de collier","prendre le collier ; produire un effort intense et momentané ; se mettre au travail ; s'engager dans une nouvelle entreprise ; effectuer un gros effort","v"
"1789836430-1181","https://www.expressio.fr/toutes-les-expressions","https://www.expressio.fr/toutes-les-expressions/page-24","un coup de Trafalgar","un accident désastreux et inattendu ; un très mauvais coup","n"
"1789836430-1182","https://www.expressio.fr/toutes-les-expressions","https://www.expressio.fr/toutes-les-expressions/page-24","chauffe, Marcel !","vas-y ; donne le meilleur de toi-même ; dépasse-toi","exp"
"1789836430-1183","https://www.expressio.fr/toutes-les-expressions","https://www.expressio.fr/toutes-les-expressions/page-24","du tac au tac","immédiatement ; avec de la répartie ; avec vivacité ; de façon cinglante ; rapide comme l'éclair","exp"
"1789836430-1184","https://www.expressio.fr/toutes-les-expressions","https://www.expressio.fr/toutes-les-expressions/page-24","scier la branche sur laquelle on est assis","s'attaquer à une situation dont on bénéficie pourtant ou à des personnes dont on tire pourtant profit ; supprimer ou affaiblir un soutien indispensable ; se faire du tort à soi-même ; se tirer une balle dans le pied","v"
"1789836430-1185","https://www.expressio.fr/toutes-les-expressions","https://www.expressio.fr/toutes-les-expressions/page-24","un ouvrier de la onzième","un ouvrier de la dernière heure ; celui qui se met à participer à un travail au moment où il va être fini ; celui qui se rallie tardivement à une cause","n"
"1789836430-1186","https://www.expressio.fr/toutes-les-expressions","https://www.expressio.fr/toutes-les-expressions/page-24","tête de noeud","imbécile ; idiot ; abruti ; gland ; andouille ; demeuré","n"
"1789836430-1187","https://www.expressio.fr/toutes-les-expressions","https://www.expressio.fr/toutes-les-expressions/page-24","une tour de Babel","un lieu où règne la confusion ; une réunion où les gens ont des difficultés pour se comprendre ; un endroit où règnent le bruit ; un lieu où les gens ne se comprennent pas ; un lieu multiculturel où sont parlées de nombreuses langues","exp"
"1789836430-1188","https://www.expressio.fr/toutes-les-expressions","https://www.expressio.fr/toutes-les-expressions/page-24","en quarantaine","à l'isolement forcé ; exclu d'un groupe ; en isolement","adv"
"1789836430-1189","https://www.expressio.fr/toutes-les-expressions","https://www.expressio.fr/toutes-les-expressions/page-24","tenir le coup","résister ; accrocher ; supporter ; attendre ; retenir ; s'accrocher ; résister à un choc ; résister avec persévérance ; supporter une épreuve","v"
"1789836430-1190","https://www.expressio.fr/toutes-les-expressions","https://www.expressio.fr/toutes-les-expressions/page-24","se foutre en l'air","se tuer ; se suicider","v"
"1789836430-1191","https://www.expressio.fr/toutes-les-expressions","https://www.expressio.fr/toutes-les-expressions/page-24","une autre paire de manches","quelque chose de complètement différent ; une toute autre affaire ; tout autre histoire ; autre affaire ; un tout autre sujet ; une chose totalement différente","n"
"1789836430-1192","https://www.expressio.fr/toutes-les-expressions","https://www.expressio.fr/toutes-les-expressions/page-24","manu militari","par la force ; violemment ; militairement ; avec force ; avec des moyens militaires","adv"
"1789836430-1193","https://www.expressio.fr/toutes-les-expressions","https://www.expressio.fr/toutes-les-expressions/page-24","s'inscrire en faux","opposer un démenti ; opposer une dénégation ; contredire ; démentir ; nier ; élever une objection","v"
"1789836430-1194","https://www.expressio.fr/toutes-les-expressions","https://www.expressio.fr/toutes-les-expressions/page-24","muet comme une carpe","muet comme la tombe ; complètement silencieux ; muet comme un francolin pris ; très silencieux ; silencieux ; muet comme un poisson ; sage comme une image ; sans parole ; sans voix","adj"
"1789836430-1195","https://www.expressio.fr/toutes-les-expressions","https://www.expressio.fr/toutes-les-expressions/page-24","ad vitam aeternam","pour toujours ; à perpétuité","adv"
"1789836430-1196","https://www.expressio.fr/toutes-les-expressions","https://www.expressio.fr/toutes-les-expressions/page-24","en jeter","ça en jette ; faire de l'effet ; avoir belle allure ; éblouir","v"
"1789836430-1197","https://www.expressio.fr/toutes-les-expressions","https://www.expressio.fr/toutes-les-expressions/page-24","passer à la casserole","mourir ; subir une épreuve désagréable ; être mis dans une mauvaise situation ; être dans l'obligation d'accepter l'acte sexuel ; perdre sa virginité","v"
"1789836430-1198","https://www.expressio.fr/toutes-les-expressions","https://www.expressio.fr/toutes-les-expressions/page-24","avoir du sang de navet","manquer de vigueur ; manquer de courage","v"
"1789836430-1199","https://www.expressio.fr/toutes-les-expressions","https://www.expressio.fr/toutes-les-expressions/page-24","faire chabrot","verser un peu de vin dans une assiette contenant un reste de soupe et boire le mélange directement à l'assiette ; chabroler","v"
"1789836430-1200","https://www.expressio.fr/toutes-les-expressions","https://www.expressio.fr/toutes-les-expressions/page-24","jeter l'éponge","baisser les bras ; abandonner ; renoncer ; perdre espoir de réussir","v"
"1789836437-1201","https://www.expressio.fr/toutes-les-expressions","https://www.expressio.fr/toutes-les-expressions/page-25","un chien de commissaire","un adjoint du commissaire de police ; un agent de police ; un inspecteur","n"
"1789836437-1202","https://www.expressio.fr/toutes-les-expressions","https://www.expressio.fr/toutes-les-expressions/page-25","régler son compte","son compte est bon ; donner à quelqu'un ce qu'il mérite ; il aura ce qu'il mérite ; punir ; tuer","v"
"1789836437-1203","https://www.expressio.fr/toutes-les-expressions","https://www.expressio.fr/toutes-les-expressions/page-25","engueuler comme du poisson pourri","accabler d'injures ; assaillir d'insultes ; tancer ; réprimander très vivement","v"
"1789836437-1204","https://www.expressio.fr/toutes-les-expressions","https://www.expressio.fr/toutes-les-expressions/page-25","avoir le feu sacré","être tout feu tout flamme ; éprouver de l'enthousiasme ; éprouver de la passion ; éprouver un enthousiasme pour une activité qui permet de la continuer malgré ses aspects contraignants ; avoir de l'ardeur au travail","v"
"1789836437-1205","https://www.expressio.fr/toutes-les-expressions","https://www.expressio.fr/toutes-les-expressions/page-25","trouver son chemin de damas","se convertir à une doctrine ; trouver sa voie","v"
"1789836437-1206","https://www.expressio.fr/toutes-les-expressions","https://www.expressio.fr/toutes-les-expressions/page-25","panier percé","personne dépensière ; gaspilleur ; dilapidateur","n"
"1789836437-1207","https://www.expressio.fr/toutes-les-expressions","https://www.expressio.fr/toutes-les-expressions/page-25","le droit d'inventaire","le droit d'établir une liste de ce qui en a été positif et ce qui en a été négatif dans une chose passée","exp"
"1789836437-1208","https://www.expressio.fr/toutes-les-expressions","https://www.expressio.fr/toutes-les-expressions/page-25","se pointer","apparaître ; arriver ; débarquer ; se manifester","v"
"1789836437-1209","https://www.expressio.fr/toutes-les-expressions","https://www.expressio.fr/toutes-les-expressions/page-25","un jugement de Salomon","un jugement empreint de sagesse et d'équité ; un jugement qui partage les torts entre deux partis","n"
"1789836437-1210","https://www.expressio.fr/toutes-les-expressions","https://www.expressio.fr/toutes-les-expressions/page-25","l'alpha et l'oméga","le début et la fin de chaque chose ; la totalité ; quelque chose dans son intégralité","n"
"1789836437-1211","https://www.expressio.fr/toutes-les-expressions","https://www.expressio.fr/toutes-les-expressions/page-25","promettre monts et merveilles","promettre des avantages considérables ; promettre des choses admirables ; promettre des choses étonnantes ; promettre de très gros avantages ; faire des promesses exagérées et trompeuses ; promettre toutes sortes de choses avantageuses","v"
"1789836437-1212","https://www.expressio.fr/toutes-les-expressions","https://www.expressio.fr/toutes-les-expressions/page-25","à Dieu ne plaise !","repousser telle ou telle supposition ou éventualité qu'on ne veut pas envisager ; espérons que cela n'arrivera pas !","exp"
"1789836437-1213","https://www.expressio.fr/toutes-les-expressions","https://www.expressio.fr/toutes-les-expressions/page-25","mettre toutes voiles dehors","partir ; s'éloigner ; employer tous les moyens pour obtenir quelque chose ; mettre tout en œuvre pour réussir ; mettre voile à tout vent","v"
"1789836437-1214","https://www.expressio.fr/toutes-les-expressions","https://www.expressio.fr/toutes-les-expressions/page-25","rire à gorge déployée","rire aux éclats ; éclater de rire ; rire très fort ; rire sans retenue ; rire la bouche grande ouverte ; rire de toute sa force","v"
"1789836437-1215","https://www.expressio.fr/toutes-les-expressions","https://www.expressio.fr/toutes-les-expressions/page-25","à pile ou face","au hasard ; au pif ; à la courte paille ; tirer à pile ou face ; un pari sur le côté sur lequel tombera une pièce de monnaie lancée en l'air","adv"
"1789836437-1216","https://www.expressio.fr/toutes-les-expressions","https://www.expressio.fr/toutes-les-expressions/page-25","qui paye ses dettes s'enrichit","il ne faut pas laisser durer ses dettes","adv"
"1789836437-1217","https://www.expressio.fr/toutes-les-expressions","https://www.expressio.fr/toutes-les-expressions/page-25","tomber comme un couperet","arriver brusquement et par surprise ; arriver brusquement avec des conséquences désagréables","v"
"1789836437-1218","https://www.expressio.fr/toutes-les-expressions","https://www.expressio.fr/toutes-les-expressions/page-25","une fois n'est pas coutume","exceptionnellement ; rarement ; inhabituellement ; à titre exceptionnel","exp"
"1789836437-1219","https://www.expressio.fr/toutes-les-expressions","https://www.expressio.fr/toutes-les-expressions/page-25","dare-dare","sans le moindre délai ; tout de suite ; très vite ; précipitamment ; rapidement ; illico ; vite","adv"
"1789836437-1220","https://www.expressio.fr/toutes-les-expressions","https://www.expressio.fr/toutes-les-expressions/page-25","la fin justifie les moyens","vouloir atteindre un but précis autorise et justifie l'emploi de n'importe quel moyen pour y arriver ; il faut être prêt à tout pour réussir ; si le but à atteindre est suffisamment important, il peut justifier des méthodes immorales","exp"
"1789836437-1221","https://www.expressio.fr/toutes-les-expressions","https://www.expressio.fr/toutes-les-expressions/page-25","libre arbitre","libre choix ; la pleine liberté de décider ; la liberté de faire selon sa volonté ; l'absence de contrainte ; libre volonté ; liberté du choix","n"
"1789836437-1222","https://www.expressio.fr/toutes-les-expressions","https://www.expressio.fr/toutes-les-expressions/page-25","pour ta gouverne","pour info ; pour votre information ; en passant ; pour t'apprendre à te conduire dans une situation ; pour t'informer ; pour information","adv"
"1789836437-1223","https://www.expressio.fr/toutes-les-expressions","https://www.expressio.fr/toutes-les-expressions/page-25","chercher des noises","chercher querelle ; chercher la dispute ; chercher à embêter ; chercher des poux ; chercher les embrouilles","v"
"1789836437-1224","https://www.expressio.fr/toutes-les-expressions","https://www.expressio.fr/toutes-les-expressions/page-25","connaître bibliquement","avoir des relations sexuelles avec","v"
"1789836437-1225","https://www.expressio.fr/toutes-les-expressions","https://www.expressio.fr/toutes-les-expressions/page-25","mystère et boule de gomme","je ne dirai rien ; le secret ne sera pas dévoilé ; motus et bouche cousue ; rester très mystérieux ; qui sait ?","n"
"1789836437-1226","https://www.expressio.fr/toutes-les-expressions","https://www.expressio.fr/toutes-les-expressions/page-25","sans queue ni tête","incohérent ; incompréhensible ; sans logique ; sans sens ; absurde ; sans une suite logique ; qui n'a pas de sens ; qui n'est pas logique","adj"
"1789836437-1227","https://www.expressio.fr/toutes-les-expressions","https://www.expressio.fr/toutes-les-expressions/page-25","se tirer la bourre","se concurrencer ; rivaliser avec vigueur ; disputer âprement un match ; entrer en vive concurrence ; se livrer une âpre concurrence ; se disputer une épreuve sportive ; rivaliser","v"
"1789836437-1228","https://www.expressio.fr/toutes-les-expressions","https://www.expressio.fr/toutes-les-expressions/page-25","y'a pas à tortiller","on ne peut plus hésiter ; il faut trancher ; il faut prendre une décision ; la chose doit se faire","exp"
"1789836437-1229","https://www.expressio.fr/toutes-les-expressions","https://www.expressio.fr/toutes-les-expressions/page-25","le repos du guerrier","activité sexuelle de l'homme ; les relations sexuelles ; activités viriles de l'homme avec une femme","exp"
"1789836437-1230","https://www.expressio.fr/toutes-les-expressions","https://www.expressio.fr/toutes-les-expressions/page-25","passer au caviar","caviarder ; cacher ; supprimer ; censurer","v"
"1789836437-1231","https://www.expressio.fr/toutes-les-expressions","https://www.expressio.fr/toutes-les-expressions/page-25","faire ses choux gras","en faire son régal ; en retirer profit ; en tirer un avantage ; faire de bonnes affaires ; en faire son festin","v"
"1789836437-1232","https://www.expressio.fr/toutes-les-expressions","https://www.expressio.fr/toutes-les-expressions/page-25","être gonflé","ne pas manquer d'air ; être téméraire ; être courageux à l'excès ; ne pas manquer de toupet ; être insolent","v"
"1789836437-1233","https://www.expressio.fr/toutes-les-expressions","https://www.expressio.fr/toutes-les-expressions/page-25","faire ripaille","bien manger et bien boire ; ripailler ; banqueter ; manger copieusement sans modération ; boire et manger avec excès; mener une vie de plaisirs ; faire grande chère ; faire débauche de table","v"
"1789836437-1234","https://www.expressio.fr/toutes-les-expressions","https://www.expressio.fr/toutes-les-expressions/page-25","accuser réception","signaler avoir reçu ; collationner ; signaler que l'on a reçu un message ; signaler qu'on a reçu une lettre","v"
"1789836437-1235","https://www.expressio.fr/toutes-les-expressions","https://www.expressio.fr/toutes-les-expressions/page-25","aller à Niort","battre à Niort ; nier","v"
"1789836437-1236","https://www.expressio.fr/toutes-les-expressions","https://www.expressio.fr/toutes-les-expressions/page-25","un corbeau","un dénonciateur anonyme ; un auteur de messages anonymes ; corneille","n"
"1789836437-1237","https://www.expressio.fr/toutes-les-expressions","https://www.expressio.fr/toutes-les-expressions/page-25","motus et bouche cousue","motus ; pas un mot ! ; reste discret ; ne dites rien ; garder le secret","adv"
"1789836437-1238","https://www.expressio.fr/toutes-les-expressions","https://www.expressio.fr/toutes-les-expressions/page-25","une sensibilité d'écorché vif","une sensibilité excessive ; une sensibilité exacerbée","exp"
"1789836437-1239","https://www.expressio.fr/toutes-les-expressions","https://www.expressio.fr/toutes-les-expressions/page-25","être de bonne / mauvaise foi","être sincère, franc, loyal / menteur, hypocrite, fourbe","exp"
"1789836437-1240","https://www.expressio.fr/toutes-les-expressions","https://www.expressio.fr/toutes-les-expressions/page-25","l'exception confirme la règle","il ne peut y avoir une exception que s'il existe une règle ; c'est le seul cas en désaccord avec mes propos","exp"
"1789836437-1241","https://www.expressio.fr/toutes-les-expressions","https://www.expressio.fr/toutes-les-expressions/page-25","crever la dalle","avoir la dalle ; avoir très faim ; tirer la langue ; tirer le diable par la queue ; vivre dans le besoin ; vivre avec très peu de ressources ; être très affamé ; mourir de faim","v"
"1789836437-1242","https://www.expressio.fr/toutes-les-expressions","https://www.expressio.fr/toutes-les-expressions/page-25","de joyeux drilles","de joyeux et sympathiques compagnons","adv"
"1789836437-1243","https://www.expressio.fr/toutes-les-expressions","https://www.expressio.fr/toutes-les-expressions/page-25","dire pis que pendre","dire beaucoup de mal ; raconter beaucoup de méchancetés","v"
"1789836437-1244","https://www.expressio.fr/toutes-les-expressions","https://www.expressio.fr/toutes-les-expressions/page-25","ne pas valoir un clou","ne pas valoir grand chose","v"
"1789836437-1245","https://www.expressio.fr/toutes-les-expressions","https://www.expressio.fr/toutes-les-expressions/page-25","être un fayot","fayoter ; faire du zèle","v"
"1789836437-1246","https://www.expressio.fr/toutes-les-expressions","https://www.expressio.fr/toutes-les-expressions/page-25","le fin du fin","nec plus ultra ; ce qu'il y a de mieux dans le genre ; tout ce qui peut en être tiré ; ce qui se fait de mieux ; la rolls royce","n"
"1789836437-1247","https://www.expressio.fr/toutes-les-expressions","https://www.expressio.fr/toutes-les-expressions/page-25","au diable l'avarice !","ne comptons pas nos sous ! ; et puis zut faisons une folie ! ; ne regardons pas à la dépense !","exp"
"1789836437-1248","https://www.expressio.fr/toutes-les-expressions","https://www.expressio.fr/toutes-les-expressions/page-25","au débotté","au moment où on arrive ; à l'improviste ; de façon inattendue ; sans préparation","adv"
"1789836437-1249","https://www.expressio.fr/toutes-les-expressions","https://www.expressio.fr/toutes-les-expressions/page-25","patin-couffin","et cetera ; et patati et patata","exp"
"1789836437-1250","https://www.expressio.fr/toutes-les-expressions","https://www.expressio.fr/toutes-les-expressions/page-25","balancer la sauce","envoyer une rafale ; décharger une arme ; envoyer la gomme ; activer un mécanisme puissant ; mettre le turbo ; éjaculer","v"
"1789836443-1251","https://www.expressio.fr/toutes-les-expressions","https://www.expressio.fr/toutes-les-expressions/page-26","baisser les bras","renoncer ; capituler ; renoncer à agir ; renoncer à poursuivre une action ; baisser pavillon ; donner sa langue au chat ; jeter l'éponge ; lever les bras ; mettre les pouces ; s'avouer vaincu ; se décourager face aux difficultés","v"
"1789836443-1252","https://www.expressio.fr/toutes-les-expressions","https://www.expressio.fr/toutes-les-expressions/page-26","une vieille baderne","quelqu'un qui n'est plus bon à rien ; un homme usé ; un homme gâteux ; un militaire âgé et borné ; barbon","exp"
"1789836443-1253","https://www.expressio.fr/toutes-les-expressions","https://www.expressio.fr/toutes-les-expressions/page-26","s'en moquer comme de sa première chemise","s'en foutre comme de sa première chemise ; s'en soucier comme de sa première chemise ; n'y accorder aucun intérêt ; n'y accorder aucune attention","v"
"1789836443-1254","https://www.expressio.fr/toutes-les-expressions","https://www.expressio.fr/toutes-les-expressions/page-26","sauver les meubles","sauver l'essentiel lors d'un désastre ; sauver l'essentiel lors d'une déconfiture ; arrêter les frais ; préserver l'essentiel ; limiter les pertes ; préserver ce qui est indispensable dans une situation critique ; limiter ses pertes, en cas de catastrophe imminente","v"
"1789836443-1255","https://www.expressio.fr/toutes-les-expressions","https://www.expressio.fr/toutes-les-expressions/page-26","tourner autour du pot","rechercher un avantage d'une manière détournée ; hésiter ; tergiverser ; parler avec des détours ; glander ; danser autour du pommier ; noyer le poisson ; aller par quatre chemins","v"
"1789836443-1256","https://www.expressio.fr/toutes-les-expressions","https://www.expressio.fr/toutes-les-expressions/page-26","à cor et à cris","à grand bruit ; avec beaucoup d'insistance ; bruyamment ; à son de trompe","adv"
"1789836443-1257","https://www.expressio.fr/toutes-les-expressions","https://www.expressio.fr/toutes-les-expressions/page-26","un bleu","un bleu-bite ; une nouvelle recrue ; un débutant","n"
"1789836443-1258","https://www.expressio.fr/toutes-les-expressions","https://www.expressio.fr/toutes-les-expressions/page-26","à l'aune de","à la lumière de ; par comparaison avec ; au vu de ; en tenant compte de ; compte tenu de ; à la luer de ; sur la base de ; en fonction de ; sous l'angle de","adv"
"1789836443-1259","https://www.expressio.fr/toutes-les-expressions","https://www.expressio.fr/toutes-les-expressions/page-26","la substantifique moelle","ce qu'il y a de meilleur ; ce qu'il y a de plus précieux ou de plus profond ; le sens caché ; ce qu'il y a d'essentiel dans une idée, dans un texte","n"
"1789836443-1260","https://www.expressio.fr/toutes-les-expressions","https://www.expressio.fr/toutes-les-expressions/page-26","revers de la médaille","le côté déplaisant de quelque chose qui paraissait agréable ; le côté désagréable d'une personne qui paraissait attirante ; côté désagréable ; inconvénient ; mauvais côté","n"
"1789836443-1261","https://www.expressio.fr/toutes-les-expressions","https://www.expressio.fr/toutes-les-expressions/page-26","dur à la détente","avare ; difficile à persuader ; difficile à décider ; comprenant lentement","adj"
"1789836443-1262","https://www.expressio.fr/toutes-les-expressions","https://www.expressio.fr/toutes-les-expressions/page-26","remettre le couvert","recommencer","v"
"1789836443-1263","https://www.expressio.fr/toutes-les-expressions","https://www.expressio.fr/toutes-les-expressions/page-26","faire une touche","rencontrer quelqu'un qui répond à une invite galante plus ou moins nette ; séduire ; attirer l'attention de quelqu'un ; taper dans l'oeil","v"
"1789836443-1264","https://www.expressio.fr/toutes-les-expressions","https://www.expressio.fr/toutes-les-expressions/page-26","moucher quelqu'un","remettre quelqu'un à sa place ; infliger une correction à quelqu'un","v"
"1789836443-1265","https://www.expressio.fr/toutes-les-expressions","https://www.expressio.fr/toutes-les-expressions/page-26","mettre le holà","faire cesser une querelle ; faire cesser une bataille ; mettre fin à quelque chose ; stopper quelqu'un ; faire cesser quelque chose déplaisante ; intervenir pour faire revenir au sujet ; intervenir pour faire revenir au calme","v"
"1789836443-1266","https://www.expressio.fr/toutes-les-expressions","https://www.expressio.fr/toutes-les-expressions/page-26","avoir vent de","être informé de ; avoir au moins une idée de ; être au courant de","v"
"1789836443-1267","https://www.expressio.fr/toutes-les-expressions","https://www.expressio.fr/toutes-les-expressions/page-26","des vertes et des pas mûres","des choses choquantes ; des choses incongrues ; des ennuis ; des difficultés","n"
"1789836443-1268","https://www.expressio.fr/toutes-les-expressions","https://www.expressio.fr/toutes-les-expressions/page-26","il y a de l'orage dans l'air","ça tourne à l'orage ; une dispute s'annonce ; une querelle s'annonce ; la situation s'aggrave","exp"
"1789836443-1269","https://www.expressio.fr/toutes-les-expressions","https://www.expressio.fr/toutes-les-expressions/page-26","mettre à l'index","signaler comme dangereux ; exclure ; condamner ; indiquer qui doit être exclu ; rejeter","v"
"1789836443-1270","https://www.expressio.fr/toutes-les-expressions","https://www.expressio.fr/toutes-les-expressions/page-26","pour un point, Martin perdit son âne","il a perdu quelque chose d'important pour une raison idiote ; il a perdu quelque chose d'important par négligence ; il abandonne quelque chose d'important pour lui en croyant récupérer en échange quelque chose de plus important mais finalement de peu d'intérêt","adv"
"1789836443-1271","https://www.expressio.fr/toutes-les-expressions","https://www.expressio.fr/toutes-les-expressions/page-26","terre-à-terre","prosaïque ; matériel ; banal ; sans ambition ; ancré dans la réalité","adj"
"1789836443-1272","https://www.expressio.fr/toutes-les-expressions","https://www.expressio.fr/toutes-les-expressions/page-26","tirer sa révérence","quitter ; s'en aller ; abandonner ; renoncer ; partir ; s'en aller de quelque part ; prendre sa retraite ; quitter un poste ; renoncer à quelque chose ; saluer quelqu'un ; partir de quelque part","v"
"1789836443-1273","https://www.expressio.fr/toutes-les-expressions","https://www.expressio.fr/toutes-les-expressions/page-26","ne pas avoir deux sous de jugeote","manquer sérieusement de bon sens ; manquer de discernement ; ne pas être très intelligent","v"
"1789836443-1274","https://www.expressio.fr/toutes-les-expressions","https://www.expressio.fr/toutes-les-expressions/page-26","travailler au noir","faire du marché noir ; travailler clandestinement ; travailler sans être déclaré ; faire du commerce illégal en période de restrictions ou de pénurie","v"
"1789836443-1275","https://www.expressio.fr/toutes-les-expressions","https://www.expressio.fr/toutes-les-expressions/page-26","faire du gringue","faire une cour pressante ; draguer ; flirter","v"
"1789836443-1276","https://www.expressio.fr/toutes-les-expressions","https://www.expressio.fr/toutes-les-expressions/page-26","foutre le camp","se barrer ; ficher le camp ; déguerpir ; se tirer ; barrer ; décamper ; dégager d'ici ; s'en aller","v"
"1789836443-1277","https://www.expressio.fr/toutes-les-expressions","https://www.expressio.fr/toutes-les-expressions/page-26","pomme de discorde","un sujet de division ; un sujet de discussion qui divise ; une cause de dispute ; un objet de dispute ; pierre d'achoppement ; sujet de discorde ; point de désaccord ; matière à conflit ; point d'achoppement ; sujet de discussions ; sujet de querelle ; cause de désaccord ; point de discorde","n"
"1789836443-1278","https://www.expressio.fr/toutes-les-expressions","https://www.expressio.fr/toutes-les-expressions/page-26","faire litière de","ne faire aucun cas de ; ne tenir aucun compte de ; ne pas se soucier de","v"
"1789836443-1279","https://www.expressio.fr/toutes-les-expressions","https://www.expressio.fr/toutes-les-expressions/page-26","l'âne frotte l'âne","les sots se complimentent mutuellement ; habituellement les sots s'encouragent entre eux","exp"
"1789836443-1280","https://www.expressio.fr/toutes-les-expressions","https://www.expressio.fr/toutes-les-expressions/page-26","ne pas s'en faire","ne pas s'inquiéter ; ne pas se faire de souci ; être insouciant","v"
"1789836443-1281","https://www.expressio.fr/toutes-les-expressions","https://www.expressio.fr/toutes-les-expressions/page-26","manger à tous les râteliers","profiter sans scrupule de toutes les situations possibles ; piocher sans hésiter dans tout ce qui peut être bénéfique ; profiter des situations de tous les partis","v"
"1789836443-1282","https://www.expressio.fr/toutes-les-expressions","https://www.expressio.fr/toutes-les-expressions/page-26","faire main basse","s'emparer ; prendre ; voler","v"
"1789836443-1283","https://www.expressio.fr/toutes-les-expressions","https://www.expressio.fr/toutes-les-expressions/page-26","planche de salut","bouée de sauvetage ; sauveur ; trouver son salut dans ; le dernier moyen ; trouver un moyen d'échapper à un très grave ennui ; utiliser un moyen d'échapper à une catastrophe ; solution de toute dernière extrémité ; dernier moyen pour se sauver ; ultime ressource dans une situation désespérée","n"
"1789836443-1284","https://www.expressio.fr/toutes-les-expressions","https://www.expressio.fr/toutes-les-expressions/page-26","faire le point","dresser le bilan ; examiner ; dresser un bilan ; établir le bilan ; préciser une situation en analysant les circonstances et les faits connus ; faire un bilan ; dresser un état des lieux","v"
"1789836443-1285","https://www.expressio.fr/toutes-les-expressions","https://www.expressio.fr/toutes-les-expressions/page-26","au petit bonheur la chance","au petit bonheur ; au hasard ; sans faire de plan ; sans faire de prévision ; en se laissant guider ; au jugé","adv"
"1789836443-1286","https://www.expressio.fr/toutes-les-expressions","https://www.expressio.fr/toutes-les-expressions/page-26","une fine lame","quelqu'un d'une grande habileté ; un esprit intelligent et vif ; sabreur ; épée ; escrimeur","n"
"1789836443-1287","https://www.expressio.fr/toutes-les-expressions","https://www.expressio.fr/toutes-les-expressions/page-26","enfiler des perles","perdre son temps ; perdre du temps à des futilités ; faire quelque chose qui ne sert à rien ; s'amuser à des bagatelles ; ne pas s'occuper sérieusement ; s’occuper à des niaiseries","v"
"1789836443-1288","https://www.expressio.fr/toutes-les-expressions","https://www.expressio.fr/toutes-les-expressions/page-26","recevoir cinq sur cinq","parfaitement recevoir ce qui a été dit ; comprendre parfaitement un message ; très bien comprendre ; être sur la même longueur d'onde ; entendre quelqu'un parfaitement","v"
"1789836443-1289","https://www.expressio.fr/toutes-les-expressions","https://www.expressio.fr/toutes-les-expressions/page-26","faire la carpette","s'aplatir comme une carpette ; avoir un comportement soumis ; être servile ; être bassement flatteur ; s'écraser face à quelqu'un ; faire des courbettes ; adopter une attitude de soumission","v"
"1789836443-1290","https://www.expressio.fr/toutes-les-expressions","https://www.expressio.fr/toutes-les-expressions/page-26","le mont-de-piété","clou ; prêt sur gage ; prêteur sur gage ; chez ma tante ; établissement de prêt sur gage","n"
"1789836443-1291","https://www.expressio.fr/toutes-les-expressions","https://www.expressio.fr/toutes-les-expressions/page-26","faites chauffer la colle !","quelque chose vient d'être cassé !","exp"
"1789836443-1292","https://www.expressio.fr/toutes-les-expressions","https://www.expressio.fr/toutes-les-expressions/page-26","excusez du peu","il y a de l'excès ; ingrat ! ; c'est jamais assez","adv"
"1789836443-1293","https://www.expressio.fr/toutes-les-expressions","https://www.expressio.fr/toutes-les-expressions/page-26","changer de crèmerie","quitter un lieu pour aller dans un autre ; aller voir ailleurs ; changer de restaurant pour un autre ; quitter un établissement pour aller dans un autre","v"
"1789836443-1294","https://www.expressio.fr/toutes-les-expressions","https://www.expressio.fr/toutes-les-expressions/page-26","vieux loup de mer","marin ; marin aguerri ; vieux marin un peu rude ; marin expérimenté","n"
"1789836443-1295","https://www.expressio.fr/toutes-les-expressions","https://www.expressio.fr/toutes-les-expressions/page-26","soûl comme un polonais","complètement soûl","exp"
"1789836443-1296","https://www.expressio.fr/toutes-les-expressions","https://www.expressio.fr/toutes-les-expressions/page-26","faire la sainte nitouche","se faire passer pour innocente ; se faire passer pour prude ; une femme qui joue les prudes ; une personne qui joue l'innocence ; une personne qui tente de cacher ses défauts ; une hypocrite ; enfant de Marie","v"
"1789836443-1297","https://www.expressio.fr/toutes-les-expressions","https://www.expressio.fr/toutes-les-expressions/page-26","coûter un bras","coûter très cher ; coûter trop cher ; coûter les yeux de la tête","v"
"1789836443-1298","https://www.expressio.fr/toutes-les-expressions","https://www.expressio.fr/toutes-les-expressions/page-26","à pied d'oeuvre","prêt à commencer un travail","adj"
"1789836443-1299","https://www.expressio.fr/toutes-les-expressions","https://www.expressio.fr/toutes-les-expressions/page-26","ne pas faire dans la dentelle","faire quelque chose sans délicatesse ; faire quelque chose sans raffinement ; ne pas y aller de main morte ; être franc et direct ; agir de façon brutale ; ne pas prendre des pincettes ; ne pas y aller par quatre chemins","v"
"1789836443-1300","https://www.expressio.fr/toutes-les-expressions","https://www.expressio.fr/toutes-les-expressions/page-26","foire d'empoigne","lieu où l'on s'arrache des objets ; situation où plusieurs personnes tentent de s'arracher un avantage ; mêlée générale ; bagarre générale ; course folle ; panier de crabes ; chacun pour soi","n"
"1789836449-1301","https://www.expressio.fr/toutes-les-expressions","https://www.expressio.fr/toutes-les-expressions/page-27","battre sa coulpe","se repentir ; reconnaître ses torts ; avouer sa culpabilité ; prendre conscience de ses torts ; admettre sa culpabilité ; frapper sa poitrine en disant « mea culpa » ; manifester son repentir d'une faute","v"
"1789836449-1302","https://www.expressio.fr/toutes-les-expressions","https://www.expressio.fr/toutes-les-expressions/page-27","être dans ses petits souliers","avoir une sensation d'inconfort ; être mal à l'aise","v"
"1789836449-1303","https://www.expressio.fr/toutes-les-expressions","https://www.expressio.fr/toutes-les-expressions/page-27","frapper d'estoc et de taille","frapper de la pointe et du tranchant ; frapper de toutes les manières possibles ; frapper à tort et à travers","v"
"1789836449-1304","https://www.expressio.fr/toutes-les-expressions","https://www.expressio.fr/toutes-les-expressions/page-27","parler à la cantonade","parler sans s'adresser à quelqu'un en particulier","v"
"1789836449-1305","https://www.expressio.fr/toutes-les-expressions","https://www.expressio.fr/toutes-les-expressions/page-27","vieux comme Mathusalem","extrêmement vieux ; très très vieux","exp"
"1789836449-1306","https://www.expressio.fr/toutes-les-expressions","https://www.expressio.fr/toutes-les-expressions/page-27","casse-toi !","va-t-en ! ; dégage !","exp"
"1789836449-1307","https://www.expressio.fr/toutes-les-expressions","https://www.expressio.fr/toutes-les-expressions/page-27","ça me botte","ça me convient ; ça me plaît","exp"
"1789836449-1308","https://www.expressio.fr/toutes-les-expressions","https://www.expressio.fr/toutes-les-expressions/page-27","une danseuse","une maîtresse coûteuse ; plaisir pour lequel on dépense beaucoup d'argent ; personne pour laquelle on consacre beaucoup d'argent ; danse ; ballerine ; cavalière ; valseuse","n"
"1789836449-1309","https://www.expressio.fr/toutes-les-expressions","https://www.expressio.fr/toutes-les-expressions/page-27","faire la manche","quémander ; mendier ; faire la quête ; demander des dons en argent pour soi","v"
"1789836449-1310","https://www.expressio.fr/toutes-les-expressions","https://www.expressio.fr/toutes-les-expressions/page-27","avoir à la caille","détester ; haïr","v"
"1789836449-1311","https://www.expressio.fr/toutes-les-expressions","https://www.expressio.fr/toutes-les-expressions/page-27","à l'emporte-pièce","d'une manière directe, nette et franche ; d'une manière mordante et incisive ; brutalement ; sans tact ; sans finesse ; n'importe comment ; précipitamment ; à la hâte","adj"
"1789836449-1312","https://www.expressio.fr/toutes-les-expressions","https://www.expressio.fr/toutes-les-expressions/page-27","ni quoi ni qu'est-ce","rien du tout ; aucune chose","exp"
"1789836449-1313","https://www.expressio.fr/toutes-les-expressions","https://www.expressio.fr/toutes-les-expressions/page-27","être marteau","être dérangé ; être cinglé ; être fou","v"
"1789836449-1314","https://www.expressio.fr/toutes-les-expressions","https://www.expressio.fr/toutes-les-expressions/page-27","appuyer sur le champignon","accélérer ; conduire le champignon au plancher ; passer la quatrième vitesse ; mettre la gomme ; mettre les gaz ; accélérer au maximum ; appuyer sur l'accélérateur","v"
"1789836449-1315","https://www.expressio.fr/toutes-les-expressions","https://www.expressio.fr/toutes-les-expressions/page-27","mauvais coucheur","une personne désagréable ; une personne peu sociable ; une personne de caractère difficile ; querelleur ; personne difficile à vivre","n"
"1789836449-1316","https://www.expressio.fr/toutes-les-expressions","https://www.expressio.fr/toutes-les-expressions/page-27","être en bisbille","être en conflit pour des raisons futiles ; avoir un léger différend","v"
"1789836449-1317","https://www.expressio.fr/toutes-les-expressions","https://www.expressio.fr/toutes-les-expressions/page-27","aller aux fraises","chercher un lieu écarté propice à la fornication ; errer sans but ; se promener en musardant ; perdre son temps ; faire l'amour en cachette","v"
"1789836449-1318","https://www.expressio.fr/toutes-les-expressions","https://www.expressio.fr/toutes-les-expressions/page-27","rabattre le caquet à","rabaisser le caquet ; faire taire quelqu'un ; forcer une personne à être moins insolente ; remettre quelqu'un à sa place ; obliger à se taire ; faire baisser le ton à","v"
"1789836449-1319","https://www.expressio.fr/toutes-les-expressions","https://www.expressio.fr/toutes-les-expressions/page-27","décrocher la timbale","gagner le cocotier ; décrocher le le coquetier ; gagner la timbale ; obtenir une chose disputée ; obtenir un résultat important ; s'attirer des ennuis à force de maladresse","v"
"1789836449-1320","https://www.expressio.fr/toutes-les-expressions","https://www.expressio.fr/toutes-les-expressions/page-27","tuer un âne à coups de figues","s'attaquer à quelque chose de très long ou d'impossible","v"
"1789836449-1321","https://www.expressio.fr/toutes-les-expressions","https://www.expressio.fr/toutes-les-expressions/page-27","être dans les petits papiers","jouir de la faveur ; jouir de la considération ; profiter du soutien","v"
"1789836449-1322","https://www.expressio.fr/toutes-les-expressions","https://www.expressio.fr/toutes-les-expressions/page-27","donner une volée","infliger une sévère réprimande ; infliger une sévère correction ; émettre des critiques violentes","v"
"1789836449-1323","https://www.expressio.fr/toutes-les-expressions","https://www.expressio.fr/toutes-les-expressions/page-27","être à la côte","être sans ressources ; être sans argent","v"
"1789836449-1324","https://www.expressio.fr/toutes-les-expressions","https://www.expressio.fr/toutes-les-expressions/page-27","avoir un pet de travers","souffrir d'une indisposition passagère ; souffrir d'un malaise physique peu grave ; être contrarié ; être de mauvaise humeur ; être fâché ; être légèrement indisposé ; être tracassé","v"
"1789836449-1325","https://www.expressio.fr/toutes-les-expressions","https://www.expressio.fr/toutes-les-expressions/page-27","tirer le portrait","photographier ; prendre en photo ; immortaliser un moment","v"
"1789836449-1326","https://www.expressio.fr/toutes-les-expressions","https://www.expressio.fr/toutes-les-expressions/page-27","se peler le cul","ça pèle ; se peler le jonc ; avoir très froid ; il fait très froid","v"
"1789836449-1327","https://www.expressio.fr/toutes-les-expressions","https://www.expressio.fr/toutes-les-expressions/page-27","tout schuss","à toute vitesse ; directement ; tout droit ; sans s'arrêter","exp"
"1789836449-1328","https://www.expressio.fr/toutes-les-expressions","https://www.expressio.fr/toutes-les-expressions/page-27","en prendre de la graine","en tirer une leçon capable de produire les mêmes bons résultats ; prendre exemple ; tirer des conséquences","v"
"1789836449-1329","https://www.expressio.fr/toutes-les-expressions","https://www.expressio.fr/toutes-les-expressions/page-27","faire avancer le schmilblick","apporter des éléments permettant de progresser dans la recherche d'une solution ; faire progresser une problématique","v"
"1789836449-1330","https://www.expressio.fr/toutes-les-expressions","https://www.expressio.fr/toutes-les-expressions/page-27","faire son miel de","tirer un profit de ; profiter d'une situation pour gagner beaucoup d'argent","v"
"1789836449-1331","https://www.expressio.fr/toutes-les-expressions","https://www.expressio.fr/toutes-les-expressions/page-27","cherchez la femme","la femme est l'origine du problème ; la femme en est surement la cause","exp"
"1789836449-1332","https://www.expressio.fr/toutes-les-expressions","https://www.expressio.fr/toutes-les-expressions/page-27","faire son deuil","se résigner à en être privé ; renoncer à quelque chose ; accepter la disparition","v"
"1789836449-1333","https://www.expressio.fr/toutes-les-expressions","https://www.expressio.fr/toutes-les-expressions/page-27","patate chaude","se débarrasser sur quelqu'un d'autre d'une affaire embarrassante ou délicate ; chose dont personne ne veut s'occuper","n"
"1789836449-1334","https://www.expressio.fr/toutes-les-expressions","https://www.expressio.fr/toutes-les-expressions/page-27","la partie immergée de l'iceberg","ce qui est à la fois caché et beaucoup plus important que ce qui est visible dans une situation ; la partie invisible et généralement la plus importante d'une affaire","exp"
"1789836449-1335","https://www.expressio.fr/toutes-les-expressions","https://www.expressio.fr/toutes-les-expressions/page-27","avoir des oursins dans le porte-monnaie","être avare ; être pingre ; être rapiat ; être près de ses sous","v"
"1789836449-1336","https://www.expressio.fr/toutes-les-expressions","https://www.expressio.fr/toutes-les-expressions/page-27","faire la conduite de Grenoble","réceptionner de manière hostile ; réceptionner sous les huées ; chasser ; mettre à la porte brutalement ; exclusion brusque ; réception hostile","v"
"1789836449-1337","https://www.expressio.fr/toutes-les-expressions","https://www.expressio.fr/toutes-les-expressions/page-27","caracoler en tête","être largement en tête ; avoir beaucoup d'avance","v"
"1789836449-1338","https://www.expressio.fr/toutes-les-expressions","https://www.expressio.fr/toutes-les-expressions/page-27","la cour des grands","l'endroit où le niveau envié est atteint suite à une réussite ; ceux qui comptent ; ligue majeure ; première division ; grandes ligues ; grandes divisions","n"
"1789836449-1339","https://www.expressio.fr/toutes-les-expressions","https://www.expressio.fr/toutes-les-expressions/page-27","attendre au tournant","être aux aguets pour attendre le moment propice pour attaquer ; se venger à une occasion propice ; être à l'affut d'une situation favorable pour reprendre le dessus ; être en embuscade pour répliquer ; se venger de quelqu'un à un moment propice ; attendre qu'il fasse un faux pas","v"
"1789836449-1340","https://www.expressio.fr/toutes-les-expressions","https://www.expressio.fr/toutes-les-expressions/page-27","fil d'Ariane","un moyen de se diriger au milieu des difficultés ; une voie à suivre pour arriver à un résultat difficile à atteindre ; un guide entre deux points difficiles à relier ; fil conducteur ; principe qui guide une conduite ; moyen de ne pas perdre la voie à suivre","n"
"1789836449-1341","https://www.expressio.fr/toutes-les-expressions","https://www.expressio.fr/toutes-les-expressions/page-27","un choix cornélien","un dilemme ; un choix extrêmement difficile ; un choix qui oppose la raison et les sentiments ; un choix entre honneur et amour ; situation sans issue ; choix difficile","n"
"1789836449-1342","https://www.expressio.fr/toutes-les-expressions","https://www.expressio.fr/toutes-les-expressions/page-27","la balle est dans son camp","c'est maintenant à vous de parler ; c'est maintenant à vous d'agir ; c'est maintenant à vous de faire vos preuves ; à lui de jouer ; cela ne dépend plus que de lui","exp"
"1789836449-1343","https://www.expressio.fr/toutes-les-expressions","https://www.expressio.fr/toutes-les-expressions/page-27","revoir sa copie","modifier un plan afin de l'améliorer ; modifier un plan pour mieux l'adapter au but à atteindre ; reprendre son devoir pour corriger les erreurs ; reprendre un ouvrage pour le corriger ; améliorer","exp"
"1789836449-1344","https://www.expressio.fr/toutes-les-expressions","https://www.expressio.fr/toutes-les-expressions/page-27","c'est le chien de Jean de Nivelle","il se dérobe quand on a besoin de lui ; c'est un lâche","exp"
"1789836449-1345","https://www.expressio.fr/toutes-les-expressions","https://www.expressio.fr/toutes-les-expressions/page-27","franchir le Rubicon","faire un pas décisif et irréversible ; prendre une décision et en assumer toutes les conséquences ; faire un choix irréversible ; prendre une décision irréversible ; prendre un parti décisif et irrévocable","v"
"1789836449-1346","https://www.expressio.fr/toutes-les-expressions","https://www.expressio.fr/toutes-les-expressions/page-27","collet monté","raide ; guindé ; pédant ; rigide sur les manières et les principes ; tendu ; prude ; affecté ; rigide dans ses manières ; prim ; pudibond ; prétentieux ; traditionaliste","adj"
"1789836449-1347","https://www.expressio.fr/toutes-les-expressions","https://www.expressio.fr/toutes-les-expressions/page-27","boire comme un templier","être un gros buveur ; boire avec excès ; boire comme un trou ; boire énormément ; trop boire","exp"
"1789836449-1348","https://www.expressio.fr/toutes-les-expressions","https://www.expressio.fr/toutes-les-expressions/page-27","à tour de rôle","par roulement ; tour à tour ; chacun son tour ; l'un après l'autre ; en alternance","adv"
"1789836449-1349","https://www.expressio.fr/toutes-les-expressions","https://www.expressio.fr/toutes-les-expressions/page-27","sur l'air des lampions","en scandant quelques syllabes détachées sur une seule note ou un rythme très simple","adv"
"1789836449-1350","https://www.expressio.fr/toutes-les-expressions","https://www.expressio.fr/toutes-les-expressions/page-27","une cour des miracles","un repaire de mendiants et de voleurs ; un lieu mal famé","n"
"1789836455-1351","https://www.expressio.fr/toutes-les-expressions","https://www.expressio.fr/toutes-les-expressions/page-28","en son for intérieur","dans le secret de sa pensée ; consciemment ; au fond de lui ; intérieurement","adv"
"1789836455-1352","https://www.expressio.fr/toutes-les-expressions","https://www.expressio.fr/toutes-les-expressions/page-28","un cordon bleu","une très bonne cuisinière ; excellent cuisinier ; bonne cuisinière ; grand cuisinier","n"
"1789836455-1353","https://www.expressio.fr/toutes-les-expressions","https://www.expressio.fr/toutes-les-expressions/page-28","le complexe d'Oedipe","le désir inconscient d'entretenir un rapport sexuel avec le parent du sexe opposé et celui d'éliminer le parent rival du même sexe ; le traumatisme que vit un homme amoureux ne pouvant se détacher de sa mère","exp"
"1789836455-1354","https://www.expressio.fr/toutes-les-expressions","https://www.expressio.fr/toutes-les-expressions/page-28","de bon aloi","de bonne qualité ; d'un usage conforme au bon goût ; qui mérite l'estime ; respectable ; de bonne qualité intrinsèque ; d'un usage conforme au bon sens","adv"
"1789836455-1355","https://www.expressio.fr/toutes-les-expressions","https://www.expressio.fr/toutes-les-expressions/page-28","de gré ou de force","spontanément ou par la contrainte ; que cela plaise ou non ; de toutes façons ; qu'il le veuille ou non ; volontairement ou par contrainte","adv"
"1789836455-1356","https://www.expressio.fr/toutes-les-expressions","https://www.expressio.fr/toutes-les-expressions/page-28","la corne d'abondance","le symbole de l'abondance ; une source de richesses inépuisables ; l'exubérance","n"
"1789836455-1357","https://www.expressio.fr/toutes-les-expressions","https://www.expressio.fr/toutes-les-expressions/page-28","la dive bouteille","le vin ; la bouteille de vin ; la boisson","n"
"1789836455-1358","https://www.expressio.fr/toutes-les-expressions","https://www.expressio.fr/toutes-les-expressions/page-28","en bonne et due forme","dûment ; comme il convient ; dans les règles ; qui est conforme aux lois et aux règlements en vigueur ; qui respecte les manières en usage","adv"
"1789836455-1359","https://www.expressio.fr/toutes-les-expressions","https://www.expressio.fr/toutes-les-expressions/page-28","à l'envi","en rivalisant ; avec émulation ; selon ce que chacun souhaite ; à satiété ; à volonté ; à n'en plus finir ; à qui mieux mieux","adv"
"1789836455-1360","https://www.expressio.fr/toutes-les-expressions","https://www.expressio.fr/toutes-les-expressions/page-28","en deux temps trois mouvements","très vite ; en un rien de temps ; en deux coups de cuillère à pot ; en ni une ni deux ; vite fait ; très rapidement","adv"
"1789836455-1361","https://www.expressio.fr/toutes-les-expressions","https://www.expressio.fr/toutes-les-expressions/page-28","ça me fait une belle jambe !","ne servir à rien","exp"
"1789836455-1362","https://www.expressio.fr/toutes-les-expressions","https://www.expressio.fr/toutes-les-expressions/page-28","une vérité de La Palice","une lapalissade ; une évidente vérité qui prête à rire","n"
"1789836455-1363","https://www.expressio.fr/toutes-les-expressions","https://www.expressio.fr/toutes-les-expressions/page-28","mettre au clair","expliquer une affaire ; élucider une affaire ; se renseigner","v"
"1789836455-1364","https://www.expressio.fr/toutes-les-expressions","https://www.expressio.fr/toutes-les-expressions/page-28","appeler un chat un chat","appeler les choses par leur nom ; être franc et direct ; ne pas mâcher ses mots ; ne pas avoir peur d'appeler les choses par leur nom ; dire les choses telles qu'elles sont ; dire les choses en toute franchise ; ne pas se servir d'euphémismes ; dire nettement la vérité, sans avoir peur des mots","v"
"1789836455-1365","https://www.expressio.fr/toutes-les-expressions","https://www.expressio.fr/toutes-les-expressions/page-28","faire un boeuf","jouer une improvisation musicale collective","v"
"1789836455-1366","https://www.expressio.fr/toutes-les-expressions","https://www.expressio.fr/toutes-les-expressions/page-28","travail de bénédictin","un travail intellectuel de longue haleine ; un travail qui exige beaucoup de patience et de soin ; travail intellecutel, long et minitieux ; travail de moine ; labeur considérable et exigeant de la minutie","n"
"1789836455-1367","https://www.expressio.fr/toutes-les-expressions","https://www.expressio.fr/toutes-les-expressions/page-28","être sujet à caution","être douteux ; ne mériter qu'une confiance limitée ; être discutable ; être critiquable","v"
"1789836455-1368","https://www.expressio.fr/toutes-les-expressions","https://www.expressio.fr/toutes-les-expressions/page-28","vérité en deçà des Pyrénées, erreur au delà","ce qui est une vérité pour une personne peut être une erreur pour d'autres ; ce qui est valable pour l'un ne l'est pas forcément pour l'autre","exp"
"1789836455-1369","https://www.expressio.fr/toutes-les-expressions","https://www.expressio.fr/toutes-les-expressions/page-28","une madeleine de Proust","un micro-évènement qui fait ressurgir des souvenirs de jeunesse ; un acte mineur porteur d'une forte charge émotionnelle","n"
"1789836455-1370","https://www.expressio.fr/toutes-les-expressions","https://www.expressio.fr/toutes-les-expressions/page-28","sans crier gare","sans prévenir ; sans avertissement ; à l'improviste ; sans sommation ; sans avertir ; inopinément","adv"
"1789836455-1371","https://www.expressio.fr/toutes-les-expressions","https://www.expressio.fr/toutes-les-expressions/page-28","violon d'Ingres","une activité à laquelle on aime se consacrer en dehors de sa profession ; un hobby ; passion","n"
"1789836455-1372","https://www.expressio.fr/toutes-les-expressions","https://www.expressio.fr/toutes-les-expressions/page-28","faire table rase","repartir à zéro ; considérer comme nulles et rejeter en bloc des idées de conduite adoptées précédemment ; reprendre à zéro une procédure de recherche de quelque chose ; oublier le passé et recommencer à zéro ; tout effacer pour repartir de zéro ; rejeter quelque chose et recommencer à nouveau ; décider de ne plus tenir compte de ce qui a été fait auparavant ; repartir sur de nouvelles bases","v"
"1789836455-1373","https://www.expressio.fr/toutes-les-expressions","https://www.expressio.fr/toutes-les-expressions/page-28","faire le matamore","faire étalage de sa bravoure ; se vanter de prétendus exploits de manière ridicule ; faire le vantard ; faire le fanfaron ; se vanter exagérément à en être ridicule","v"
"1789836455-1374","https://www.expressio.fr/toutes-les-expressions","https://www.expressio.fr/toutes-les-expressions/page-28","aller à la selle","aller aux toilettes ; aller faire la grosse commission ; déféquer ; faire caca ; évacuer les matières fécales ; tartir","v"
"1789836455-1375","https://www.expressio.fr/toutes-les-expressions","https://www.expressio.fr/toutes-les-expressions/page-28","entrer en lice","s'engager dans une compétition ; intervenir dans un débat","v"
"1789836455-1376","https://www.expressio.fr/toutes-les-expressions","https://www.expressio.fr/toutes-les-expressions/page-28","avoir du sex-appeal","avoir du charme ; avoir de l'attrait sexuel ; avoir du pouvoir d'attraction sexuelle ; attirer sexuellement quelqu'un","v"
"1789836455-1377","https://www.expressio.fr/toutes-les-expressions","https://www.expressio.fr/toutes-les-expressions/page-28","avaler des poires d'angoisse","subir des traitements cruels ; vivre des situations très désagréables ; vivre l'enfer ; vivre une situation très pénible","v"
"1789836455-1378","https://www.expressio.fr/toutes-les-expressions","https://www.expressio.fr/toutes-les-expressions/page-28","attendre sous l'orme","attendre très longtemps en vain","v"
"1789836455-1379","https://www.expressio.fr/toutes-les-expressions","https://www.expressio.fr/toutes-les-expressions/page-28","river son clou","faire une critique pour réduire au silence ; faire une réponse sans appel ; faire taire","v"
"1789836455-1380","https://www.expressio.fr/toutes-les-expressions","https://www.expressio.fr/toutes-les-expressions/page-28","une hirondelle ne fait pas le printemps","un fait isolé n'autorise pas de conclusion générale ; on ne peut tirer une généralité à partir d'un seul exemple","exp"
"1789836455-1381","https://www.expressio.fr/toutes-les-expressions","https://www.expressio.fr/toutes-les-expressions/page-28","par tête de pipe","par tête ; par personne ; par individu ; par habitant ; chacun ; chaque personne ; pour chacun","n"
"1789836455-1382","https://www.expressio.fr/toutes-les-expressions","https://www.expressio.fr/toutes-les-expressions/page-28","être comme l'âne de Buridan","hésiter ; être indécis ; hésiter indéfiniment ; ne pas savoir quel parti prendre","v"
"1789836455-1383","https://www.expressio.fr/toutes-les-expressions","https://www.expressio.fr/toutes-les-expressions/page-28","à l'eau de rose","sentimental ; mièvre ; fade ; insipide ; trop facile ; jouant sur des émotions simples ; qui manque de vigueur","adj"
"1789836455-1384","https://www.expressio.fr/toutes-les-expressions","https://www.expressio.fr/toutes-les-expressions/page-28","on ne peut à la fois être juge et parti","on ne peut pas juger avec équité ses propres fautes ; on ne peut avoir un pouvoir de décision dans une affaire où l'on a des intérêts personnels","exp"
"1789836455-1385","https://www.expressio.fr/toutes-les-expressions","https://www.expressio.fr/toutes-les-expressions/page-28","cautère sur une jambe de bois","une mesure complètement inutile ; une mesure inefficace ; action inutile","exp"
"1789836455-1386","https://www.expressio.fr/toutes-les-expressions","https://www.expressio.fr/toutes-les-expressions/page-28","une querelle d'Allemand","une querelle sans sujet sérieux ; une querelle pour des raisons futiles","n"
"1789836455-1387","https://www.expressio.fr/toutes-les-expressions","https://www.expressio.fr/toutes-les-expressions/page-28","cheval de troie","cadeau maléfique","n"
"1789836455-1388","https://www.expressio.fr/toutes-les-expressions","https://www.expressio.fr/toutes-les-expressions/page-28","poudre de perlimpinpin","un remède prétendument extraordinaire mais aux vertus complètement imaginaires ; une solution présentée comme miraculeuse mais qui ne sert à rien","n"
"1789836455-1389","https://www.expressio.fr/toutes-les-expressions","https://www.expressio.fr/toutes-les-expressions/page-28","une tunique de Nessus","un cadeau empoisonné ; un présent funeste ; une passion dévorante","n"
"1789836455-1390","https://www.expressio.fr/toutes-les-expressions","https://www.expressio.fr/toutes-les-expressions/page-28","virer sa cuti","changer complètement de comportement ou d'opinion ; basculer de l'hétérosexualité à l'homosexualité ou inversement ; s'émanciper ; changer radicalement son style ; changer d'opinion","v"
"1789836455-1391","https://www.expressio.fr/toutes-les-expressions","https://www.expressio.fr/toutes-les-expressions/page-28","outre mesure","trop ; abusivement ; excessivement ; indûment ; inutilement ; anormalement ; démesurément ; exagérément ; déraisonnablement","adv"
"1789836455-1392","https://www.expressio.fr/toutes-les-expressions","https://www.expressio.fr/toutes-les-expressions/page-28","oiseau rare","perle rare ; mouton à cinq pattes ; une personne aux qualités exceptionnelles ; une personne impossible à trouver ; vraiment unique","n"
"1789836455-1393","https://www.expressio.fr/toutes-les-expressions","https://www.expressio.fr/toutes-les-expressions/page-28","éminence grise","une personne qui influence discrètement les décisions prises publiquement par d'autres ; personne conseillant sans avoir de titre à le faire ; conseiller intime qui agit dans l'ombre ; conseiller influent qui reste dans l'ombre","n"
"1789836455-1394","https://www.expressio.fr/toutes-les-expressions","https://www.expressio.fr/toutes-les-expressions/page-28","être médusé","perplexe ; très étonné ; abasourdi ; figé par la stupeur ; sidéré ; déconcerté","v"
"1789836455-1395","https://www.expressio.fr/toutes-les-expressions","https://www.expressio.fr/toutes-les-expressions/page-28","les délices de Capoue","le plaisir de l'immédiat au détriment de l'efficacité ; la satisfaction de l'instant préférée à la mise en oeuvre de projets sûrement plus profitables à terme ; le choix de la facilité au détriment de la durabilité","n"
"1789836455-1396","https://www.expressio.fr/toutes-les-expressions","https://www.expressio.fr/toutes-les-expressions/page-28","tout le Saint-Frusquin","tout ce que l'on possède ; l'ensemble des possessions ; tout ce qu'on a d'effets et d'argent ; tout le reste","exp"
"1789836455-1397","https://www.expressio.fr/toutes-les-expressions","https://www.expressio.fr/toutes-les-expressions/page-28","jeter son dévolu sur","choisir ; faire un choix définitif ; décider d'obtenir ; fixer son choix sur","v"
"1789836455-1398","https://www.expressio.fr/toutes-les-expressions","https://www.expressio.fr/toutes-les-expressions/page-28","ma pomme","boule ; poire ; visage ; moi ; ma personne","n"
"1789836455-1399","https://www.expressio.fr/toutes-les-expressions","https://www.expressio.fr/toutes-les-expressions/page-28","retourner sa veste","tourner casaque ; fuir ; changer brutalement d'opinion ; changer brutalement de parti ; changer d'opinion afin de saisir une occasion ; changer de bord afin d'échapper à une menace; changer de camp par intérêt et non en vertu de principes moraux","v"
"1789836455-1400","https://www.expressio.fr/toutes-les-expressions","https://www.expressio.fr/toutes-les-expressions/page-28","draconien","rigoureux ; drastique ; rude ; d'une extrême sévérité ; d'une excessive sévérité","adj"
"1789836461-1401","https://www.expressio.fr/toutes-les-expressions","https://www.expressio.fr/toutes-les-expressions/page-29","sortir de ses gonds","se mettre brutalement en colère ; s'emporter ; n'être plus maître de soi-même ; perdre son sang-froid ; péter un câble ; se mettre en colère ; sauter au plafond ; s'irriter","v"
"1789836461-1402","https://www.expressio.fr/toutes-les-expressions","https://www.expressio.fr/toutes-les-expressions/page-29","à l'usage du dauphin","expurgé de ce qui pourrait choquer le public auquel il est destiné ; adapté pour les besoins d'une cause","adv"
"1789836461-1403","https://www.expressio.fr/toutes-les-expressions","https://www.expressio.fr/toutes-les-expressions/page-29","mettre le pied à l'étrier","aider quelqu'un ; mettre quelqu'un dans une situation favorable à la réussite de quelque chose ; donner un coup de pouce ; aider à faire le premier pas dans une aventure ; mettre en selle","v"
"1789836461-1404","https://www.expressio.fr/toutes-les-expressions","https://www.expressio.fr/toutes-les-expressions/page-29","croquer le marmot","attendre longtemps en se morfondant ; patienter longuement","v"
"1789836461-1405","https://www.expressio.fr/toutes-les-expressions","https://www.expressio.fr/toutes-les-expressions/page-29","l'été indien","période de l'automne en Amérique du Nord où la température reste très agréable et les couleurs de la nature magnifiques ; période de beau temps et de température agréable juste avant l'hiver","n"
"1789836461-1406","https://www.expressio.fr/toutes-les-expressions","https://www.expressio.fr/toutes-les-expressions/page-29","défrayer la chronique","être au centre des conversations ; faire beaucoup parler de soi ; faire les gros titres ; faire la une des journaux ; être l'objet de cancans ; faire beaucoup de battage ; faire beaucoup de bruit ; occuper le centre des propos ; occuper le centre des conversations ; constituer le sujet de toutes les conversations","v"
"1789836461-1407","https://www.expressio.fr/toutes-les-expressions","https://www.expressio.fr/toutes-les-expressions/page-29","à bon escient","judicieusement ; correctement ; utilement ; de manière appropriée ; en étant au courant de la situation ; à propos ; comme il faut ; avec discernement ; à juste titre ; de la manière qu'il faut ; à raison","adv"
"1789836461-1408","https://www.expressio.fr/toutes-les-expressions","https://www.expressio.fr/toutes-les-expressions/page-29","avocat du diable","personne qui défend une cause difficile à défendre ; personne qui défend un cas objectivement qualifiable de mal ; personne défendant une cause indéfendable ; celui qui défend la cause opposée celle qui vient d'être soutenue","n"
"1789836461-1409","https://www.expressio.fr/toutes-les-expressions","https://www.expressio.fr/toutes-les-expressions/page-29","damer le pion","surpasser ; l'emporter sur ; coiffer sur le poteau","v"
"1789836461-1410","https://www.expressio.fr/toutes-les-expressions","https://www.expressio.fr/toutes-les-expressions/page-29","le dessus du panier","ce qu'il y a de meilleur ; crème de la crème ; le meilleur ; le gratin social","n"
"1789836461-1411","https://www.expressio.fr/toutes-les-expressions","https://www.expressio.fr/toutes-les-expressions/page-29","prendre une veste","échouer ; subir un échec ; faillir ; manquer","v"
"1789836461-1412","https://www.expressio.fr/toutes-les-expressions","https://www.expressio.fr/toutes-les-expressions/page-29","de la bouillie pour les chats","un travail gâché ; un travail mal fait ; un texte mal écrit ; un texte incompréhensible ; une chose qui ne servira à rien","exp"
"1789836461-1413","https://www.expressio.fr/toutes-les-expressions","https://www.expressio.fr/toutes-les-expressions/page-29","chevalier d'industrie","un affairiste ; un escroc ; un individu qui vit d'expédients ; aigrefin ; extorqueur","n"
"1789836461-1414","https://www.expressio.fr/toutes-les-expressions","https://www.expressio.fr/toutes-les-expressions/page-29","se chatouiller le poireau","s'astiquer la colonne ; se polir la colonne ; se masturber ; se branler","v"
"1789836461-1415","https://www.expressio.fr/toutes-les-expressions","https://www.expressio.fr/toutes-les-expressions/page-29","lâcher la proie pour l'ombre","abandonner quelque chose de palpable pour quelque chose d'hypothétique ; une espérance vaine","v"
"1789836461-1416","https://www.expressio.fr/toutes-les-expressions","https://www.expressio.fr/toutes-les-expressions/page-29","faire le mariole","faire l'intéressant ; être vantard ; se faire remarquer ; frimer ; épater la galerie","v"
"1789836461-1417","https://www.expressio.fr/toutes-les-expressions","https://www.expressio.fr/toutes-les-expressions/page-29","Bisque ! Bisque ! Rage !","nananère ; tralalère","exp"
"1789836461-1418","https://www.expressio.fr/toutes-les-expressions","https://www.expressio.fr/toutes-les-expressions/page-29","blanchir de l'argent","donner à de l'argent malhonnêtement acquis une existence légale en dissimulant les preuves de son origine ; réinvestir de l'argent acquis illégalement dans des activités légales ; donner un statut légal à de l'argent obtenu illégalement ; laver de l'argent","v"
"1789836461-1419","https://www.expressio.fr/toutes-les-expressions","https://www.expressio.fr/toutes-les-expressions/page-29","se tenir au courant","se tenir à jour ; être informé ; s'informer ; se tenir au fait ; suivre le rythme ; tenir au jus","v"
"1789836461-1420","https://www.expressio.fr/toutes-les-expressions","https://www.expressio.fr/toutes-les-expressions/page-29","un homme de l'art","un expert dans son métier ; c'est du grand art ; l'enfance de l'art","n"
"1789836461-1421","https://www.expressio.fr/toutes-les-expressions","https://www.expressio.fr/toutes-les-expressions/page-29","sentir le fagot","être mécréant ; avoir des idées trop libres en matière de religion ; générer un scandale ; inspirant de la méfiance ; être soupçonné d'impiété","v"
"1789836461-1422","https://www.expressio.fr/toutes-les-expressions","https://www.expressio.fr/toutes-les-expressions/page-29","dormir comme un sabot","dormir profondément","v"
"1789836461-1423","https://www.expressio.fr/toutes-les-expressions","https://www.expressio.fr/toutes-les-expressions/page-29","demander grâce","demander pitié ; demander d'arrêter ; capituler ; demander la cessation d'une souffrance","v"
"1789836461-1424","https://www.expressio.fr/toutes-les-expressions","https://www.expressio.fr/toutes-les-expressions/page-29","taper sur le système","courir sur le haricot ; ennuyer ; importuner ; exaspérer ; irriter","v"
"1789836461-1425","https://www.expressio.fr/toutes-les-expressions","https://www.expressio.fr/toutes-les-expressions/page-29","une guerre picrocholine","un conflit déclenché pour des raisons obscures ; un conflit déclenché pour des raisons ridicules","exp"
"1789836461-1426","https://www.expressio.fr/toutes-les-expressions","https://www.expressio.fr/toutes-les-expressions/page-29","faire le coup du père François","prendre en traître ; utiliser une manoeuvre déloyale","v"
"1789836461-1427","https://www.expressio.fr/toutes-les-expressions","https://www.expressio.fr/toutes-les-expressions/page-29","trancher le noeud gordien","résoudre un problème de manière expéditive ; trancher dans le vif ; prendre une décision de manière radicale ; résoudre un problème difficile de façon brutale","v"
"1789836461-1428","https://www.expressio.fr/toutes-les-expressions","https://www.expressio.fr/toutes-les-expressions/page-29","prendre le train onze","prendre le train d'onze heures ; prendre le train d'onze ; marcher ; aller à pied","v"
"1789836461-1429","https://www.expressio.fr/toutes-les-expressions","https://www.expressio.fr/toutes-les-expressions/page-29","péter les plombs","péter un câble ; perdre la boule ; piquer une crise ; criser ; perdre la tête ; flipper ; paniquer ; perdre la raison ; affoler ; disjoncter ; s'énerver brutalement et fortement ; devenir fou","v"
"1789836461-1430","https://www.expressio.fr/toutes-les-expressions","https://www.expressio.fr/toutes-les-expressions/page-29","un pique-nique","un repas collectif pris à la campagne ou dans la nature ; repas ; banquet ; partie de plaisir","n"
"1789836461-1431","https://www.expressio.fr/toutes-les-expressions","https://www.expressio.fr/toutes-les-expressions/page-29","un capitaine d'industrie","le patron d'une grande entreprise","n"
"1789836461-1432","https://www.expressio.fr/toutes-les-expressions","https://www.expressio.fr/toutes-les-expressions/page-29","vivre chichement","vivre modestement ; vivre de peu","v"
"1789836461-1433","https://www.expressio.fr/toutes-les-expressions","https://www.expressio.fr/toutes-les-expressions/page-29","né dans la pourpre","héritier royal ; héritier d'une famille riche ; héritier d'une famille puissante","exp"
"1789836461-1434","https://www.expressio.fr/toutes-les-expressions","https://www.expressio.fr/toutes-les-expressions/page-29","envoyer paître","envoyer balader ; se débarrasser avec brusquerie ; envoyer promener ; se défaire de quelqu'un ; congédier quelqu'un violemment ; rejeter ; se débarrasser de façon brusque d'une personne gênante ; se débarrasser de façon expéditive et cavalière de quelqu'un","v"
"1789836461-1435","https://www.expressio.fr/toutes-les-expressions","https://www.expressio.fr/toutes-les-expressions/page-29","se faire des cheveux blancs","se faire un sang d'encre ; se faire de la mousse ; se faire du mouton ; s'inquiéter ; se faire du souci","v"
"1789836461-1436","https://www.expressio.fr/toutes-les-expressions","https://www.expressio.fr/toutes-les-expressions/page-29","sacrifier à Vénus","faire l'amour ; s'offrir à l'autre","v"
"1789836461-1437","https://www.expressio.fr/toutes-les-expressions","https://www.expressio.fr/toutes-les-expressions/page-29","passer l'éponge","repartir à zéro ; pardonner ; oublier des actes désagréables","v"
"1789836461-1438","https://www.expressio.fr/toutes-les-expressions","https://www.expressio.fr/toutes-les-expressions/page-29","c'est du chinois","c'est de l'iroquois ; c'est de l'hébreu ; c'est complètement incompréhensible ; ceci est incompréhensible","exp"
"1789836461-1439","https://www.expressio.fr/toutes-les-expressions","https://www.expressio.fr/toutes-les-expressions/page-29","la huitième merveille du monde","quelque chose d'absolument remarquable ou étonnant","n"
"1789836461-1440","https://www.expressio.fr/toutes-les-expressions","https://www.expressio.fr/toutes-les-expressions/page-29","à bride abattue","sans aucune retenue ; très rapidement ; à toute vitesse ; à toute berzingue ; à fond la caisse ; à fond les ballons ; à pleine vitesse ; à plein régime ; avec célérité ; sans retenue","adv"
"1789836461-1441","https://www.expressio.fr/toutes-les-expressions","https://www.expressio.fr/toutes-les-expressions/page-29","les chiens aboient et la caravane passe","je suis sûr de moi, vous ne me prouverez pas le contraire ; vos insultes ne m'atteignent pas","exp"
"1789836461-1442","https://www.expressio.fr/toutes-les-expressions","https://www.expressio.fr/toutes-les-expressions/page-29","assiette au beurre","une situation source de faveurs pas toujours licites ; vache à lait ; source d'avantages ; source de profits","n"
"1789836461-1443","https://www.expressio.fr/toutes-les-expressions","https://www.expressio.fr/toutes-les-expressions/page-29","Dieu reconnaîtra les siens","des coupables et des innocents sont indifféremment visés ; justifier une action violente menée de manière arbitraire","exp"
"1789836461-1444","https://www.expressio.fr/toutes-les-expressions","https://www.expressio.fr/toutes-les-expressions/page-29","une voix de rogomme","une voix de mélécasse ; une voix rauque due à l'alcool ; une voix éraillée à cause de l'alcool","exp"
"1789836461-1445","https://www.expressio.fr/toutes-les-expressions","https://www.expressio.fr/toutes-les-expressions/page-29","en grande pompe","avec solennité ; avec beaucoup de faste ; avec beaucoup de luxe ; à grand bruit ; avec brio","adv"
"1789836461-1446","https://www.expressio.fr/toutes-les-expressions","https://www.expressio.fr/toutes-les-expressions/page-29","un rond-de-cuir","un employé de bureau ; scribe","n"
"1789836461-1447","https://www.expressio.fr/toutes-les-expressions","https://www.expressio.fr/toutes-les-expressions/page-29","nuit blanche","une nuit sans sommeil ; nuit passée sans dormir","n"
"1789836461-1448","https://www.expressio.fr/toutes-les-expressions","https://www.expressio.fr/toutes-les-expressions/page-29","par acquit de conscience","pour n'avoir rien à se reprocher ; pour éliminer d'éventuels scrupules ; par sécurité ; juste pour être sûr ; pour s'éviter des remords ; pour ne pas avoir de regret ; pour se tranquilliser après avoir fait honneur à une obligation ; afin d'être quitte avec sa conscience ; de ne pas risquer d'en avoir la conscience chargée","adv"
"1789836461-1449","https://www.expressio.fr/toutes-les-expressions","https://www.expressio.fr/toutes-les-expressions/page-29","jeter sa gourme","faire ses premières frasques ; papillonner ; réaliser ses premières folies ; faire des folies de jeune homme","v"
"1789836461-1450","https://www.expressio.fr/toutes-les-expressions","https://www.expressio.fr/toutes-les-expressions/page-29","prendre le taureau par les cornes","s'attaquer à une difficulté avec détermination ; attaquer les difficultés en face ; faire face à une difficulté sans chercher à l'éviter ; agir en s'attaquant de front à ce que l'on a à faire ; entamer une affaire par le côté le plus difficile","v"
"1789836467-1451","https://www.expressio.fr/toutes-les-expressions","https://www.expressio.fr/toutes-les-expressions/page-30","un fesse-mathieu","un usurier ; un avare ; harpagon ; pisse-vinaigre ; regrattier ; usurière ; pleure-misère ; chichard","n"
"1789836467-1452","https://www.expressio.fr/toutes-les-expressions","https://www.expressio.fr/toutes-les-expressions/page-30","remède de bonne femme","un remède simple et populaire ; un remède sans grand intérêt ; un remède inefficace","n"
"1789836467-1453","https://www.expressio.fr/toutes-les-expressions","https://www.expressio.fr/toutes-les-expressions/page-30","gagner ses éperons","accéder à un statut social supérieur ; obtenir une situation plus élevée ; obtenir une promotion ; monter en grade ; prendre du galon","v"
"1789836467-1454","https://www.expressio.fr/toutes-les-expressions","https://www.expressio.fr/toutes-les-expressions/page-30","être grand clerc","être très savant ; être très instruit","v"
"1789836467-1455","https://www.expressio.fr/toutes-les-expressions","https://www.expressio.fr/toutes-les-expressions/page-30","un canard","un morceau de sucre trempé dans une boisson ; journal ; torchon ; gazette ; hebdomadaire","n"
"1789836467-1456","https://www.expressio.fr/toutes-les-expressions","https://www.expressio.fr/toutes-les-expressions/page-30","ne pas lésiner sur les moyens","faire tout ce qu'il faut pour obtenir satisfaction ; faire tout ce qui est nécessaire pour arriver à son but ; tout mettre en oeuvre pour arriver à son but ; faire son maximum pour atteindre son but","v"
"1789836467-1457","https://www.expressio.fr/toutes-les-expressions","https://www.expressio.fr/toutes-les-expressions/page-30","la caque sent toujours le hareng","lorsqu'on a de basses origines, on en conserve toujours la vulgarité ; peu importe l'ascension sociale, on garde toujours les marques de ses origines","exp"
"1789836467-1458","https://www.expressio.fr/toutes-les-expressions","https://www.expressio.fr/toutes-les-expressions/page-30","ça se bouscule au portillon","il y a une forte affluence ; j'ai une envie urgente de vomir ; j'ai le cigare au bord des lèvres","exp"
"1789836467-1459","https://www.expressio.fr/toutes-les-expressions","https://www.expressio.fr/toutes-les-expressions/page-30","chacun son métier et les vaches seront bien gardées","si chacun ne se mêlait que de ce qu'il connaît parfaitement, tout irait pour le mieux","adv"
"1789836467-1460","https://www.expressio.fr/toutes-les-expressions","https://www.expressio.fr/toutes-les-expressions/page-30","avoir plusieurs cordes à son arc","avoir différentes solutions pour atteindre un but ; avoir plusieurs solutions pour régler un problème ; être capable de faire plusieurs choses ; être plein de ressources ; avoir des ressources multiples pour atteindre un objectif ; avoir plusieurs moyens pour parvenir à un but ; avoir plusieurs procédés à disposition pour arriver à ses fins","v"
"1789836467-1461","https://www.expressio.fr/toutes-les-expressions","https://www.expressio.fr/toutes-les-expressions/page-30","une marotte","une idée fixe ; un goût prononcé pour quelque chose ; une petite addiction ; hobby ; violon d'ingres ; une passion exagérée ; une passion démesurée","n"
"1789836467-1462","https://www.expressio.fr/toutes-les-expressions","https://www.expressio.fr/toutes-les-expressions/page-30","de longue haleine","à long terme ; sur le long terme ; de longue durée ; demandant beaucoup de temps ; qui demande un long effort de composition","adv"
"1789836467-1463","https://www.expressio.fr/toutes-les-expressions","https://www.expressio.fr/toutes-les-expressions/page-30","politique de l'autruche","le fait d'ignorer volontairement le danger ou l'échec probable ; technique de l'autruche ; attitude de ceux qui refusent de voir le danger","n"
"1789836467-1464","https://www.expressio.fr/toutes-les-expressions","https://www.expressio.fr/toutes-les-expressions/page-30","colosse aux pieds d'argile","tigre de papier ; quelqu'un ou quelque chose dont la force ou la solidité n'est qu'apparence ou qui repose sur une base fragile","n"
"1789836467-1465","https://www.expressio.fr/toutes-les-expressions","https://www.expressio.fr/toutes-les-expressions/page-30","être la coqueluche","être l'objet d'un engouement ; être en vogue ; être admiré ; être le préféré","v"
"1789836467-1466","https://www.expressio.fr/toutes-les-expressions","https://www.expressio.fr/toutes-les-expressions/page-30","clés en main","complètement terminé ; prêt à être utilisé","adj"
"1789836467-1467","https://www.expressio.fr/toutes-les-expressions","https://www.expressio.fr/toutes-les-expressions/page-30","une partie fine","une partouse ; une partie carrée ; une réunion de plusieurs personnes pour y partager des plaisirs sexuels","exp"
"1789836467-1468","https://www.expressio.fr/toutes-les-expressions","https://www.expressio.fr/toutes-les-expressions/page-30","se battre contre des moulins à vent","se battre contre des ennemis imaginaires ; se battre contre des fantômes ; lutter contre des ennemis imaginaires ; lutter contre des difficultés imaginaires ; se battre contre quelque chose sans espoir de gagner","v"
"1789836467-1469","https://www.expressio.fr/toutes-les-expressions","https://www.expressio.fr/toutes-les-expressions/page-30","entrer comme dans un moulin","entrer sans politesse ; entrer sans se gêner ; entrer très facilement","v"
"1789836467-1470","https://www.expressio.fr/toutes-les-expressions","https://www.expressio.fr/toutes-les-expressions/page-30","de pied en cap","complètement ; entièrement ; de haut en bas ; des pieds à la tête ; de la tête au pied","adv"
"1789836467-1471","https://www.expressio.fr/toutes-les-expressions","https://www.expressio.fr/toutes-les-expressions/page-30","né coiffé","chanceux ; qui a une chance de cocu ; qui est très chanceux","adv"
"1789836467-1472","https://www.expressio.fr/toutes-les-expressions","https://www.expressio.fr/toutes-les-expressions/page-30","sous la férule de","sous l'autorité de ; sous le pouvoir de","adv"
"1789836467-1473","https://www.expressio.fr/toutes-les-expressions","https://www.expressio.fr/toutes-les-expressions/page-30","un pot-pourri","un mélange hétérogène d'éléments littéraires ; graphiques ou musicaux ; mélange ; mixture ; amalgame ; medley ; fleurs séchées","n"
"1789836467-1474","https://www.expressio.fr/toutes-les-expressions","https://www.expressio.fr/toutes-les-expressions/page-30","querelle de clocher","une querelle purement locale ; une querelle sans grand intérêt ; dispute locale ; ensemble de petites jalousies mesquines ; luttes imbéciles entre des habitants de villes proches","exp"
"1789836467-1475","https://www.expressio.fr/toutes-les-expressions","https://www.expressio.fr/toutes-les-expressions/page-30","dans les clous","dans les limites de ce qui est attendu ; dans le respect de ce qui est imposé","adv"
"1789836467-1476","https://www.expressio.fr/toutes-les-expressions","https://www.expressio.fr/toutes-les-expressions/page-30","une image d'épinal","un cliché ; un lieu commun ; une vision naïve ; un stéréotype","n"
"1789836467-1477","https://www.expressio.fr/toutes-les-expressions","https://www.expressio.fr/toutes-les-expressions/page-30","talon d'Achille","point faible d'un fort ; vulnérabilité parmi un ensemble très résistant","n"
"1789836467-1478","https://www.expressio.fr/toutes-les-expressions","https://www.expressio.fr/toutes-les-expressions/page-30","de plain-pied","à plat ; sur un même niveau ; directement ; facilement","adj"
"1789836467-1479","https://www.expressio.fr/toutes-les-expressions","https://www.expressio.fr/toutes-les-expressions/page-30","à la petite semaine","sans réflexion préalable ; sans ambition ; sans vision à long terme ; à court terme ; au jour le jour ; sans envergure","adv"
"1789836467-1480","https://www.expressio.fr/toutes-les-expressions","https://www.expressio.fr/toutes-les-expressions/page-30","les tenants et les aboutissants","la totalité des informations liées à un dossier ; tous les détails d'une affaire","exp"
"1789836467-1481","https://www.expressio.fr/toutes-les-expressions","https://www.expressio.fr/toutes-les-expressions/page-30","perdre la face","être ridicule ; se couvrir de honte ; être humilié ; se trouver dans une situation où son ignorance est exposée","v"
"1789836467-1482","https://www.expressio.fr/toutes-les-expressions","https://www.expressio.fr/toutes-les-expressions/page-30","se pousser du col","chercher à se mettre en valeur ; se vanter ; être prétentieux ; se croire important ; se mettre en avant","v"
"1789836467-1483","https://www.expressio.fr/toutes-les-expressions","https://www.expressio.fr/toutes-les-expressions/page-30","remuer le couteau dans la plaie","tourner le couteau dans la plaie ; enfoncer le couteau dans la plaie ; entretenir une souffrance morale ; réveiller une souffrance morale ; retourner le fer dans la plaie ; raviver avec insistance une douleur morale ; raviver une peine ; raviver un chagrin ; toucher la corde sensible ; augmenter une douleur morale","v"
"1789836467-1484","https://www.expressio.fr/toutes-les-expressions","https://www.expressio.fr/toutes-les-expressions/page-30","oeuf de Colomb","une réalisation qui semble simple mais qui a demandé de l'ingéniosité ; idée simple mais ingénieuse ; solution ingénieuse d'un problème qui paraît simple après coup","n"
"1789836467-1485","https://www.expressio.fr/toutes-les-expressions","https://www.expressio.fr/toutes-les-expressions/page-30","jouer les Cassandre","prévoir et annoncer des évènements tragiques sans être cru ; prédire un malheur","v"
"1789836467-1486","https://www.expressio.fr/toutes-les-expressions","https://www.expressio.fr/toutes-les-expressions/page-30","cinquième colonne","espion ; traître ; une organisation qui opère de l'intérieur pour l'ennemi ; des services secrets d'espionnage d'un pays étranger","exp"
"1789836467-1487","https://www.expressio.fr/toutes-les-expressions","https://www.expressio.fr/toutes-les-expressions/page-30","se faire poissonnier la veille de Pâques","faire les choses à contretemps ; se lancer dans une affaire alors qu'il n'y a plus aucun avantage à en tirer","v"
"1789836467-1488","https://www.expressio.fr/toutes-les-expressions","https://www.expressio.fr/toutes-les-expressions/page-30","être légion","être nombreux ; être en grande quantité","v"
"1789836467-1489","https://www.expressio.fr/toutes-les-expressions","https://www.expressio.fr/toutes-les-expressions/page-30","par-dessous la jambe","avec désinvolture ; de façon peu consciencieuse ; de façon désinvolte ; sans application","adv"
"1789836467-1490","https://www.expressio.fr/toutes-les-expressions","https://www.expressio.fr/toutes-les-expressions/page-30","friser le ridicule","n'être pas loin de susciter des moqueries","v"
"1789836467-1491","https://www.expressio.fr/toutes-les-expressions","https://www.expressio.fr/toutes-les-expressions/page-30","l'erreur est humaine","ce n'est pas entièrement de sa faute ; ça aurait pu arriver à tout le monde ; se tromper est humain","adv"
"1789836467-1492","https://www.expressio.fr/toutes-les-expressions","https://www.expressio.fr/toutes-les-expressions/page-30","sur la corde raide","dans une situation instable ; dans une situation dangereuse ; dans une situation critique ; dans une situation susceptible de mal se terminer ; sur la brèche ; au bord du gouffre ; à l'orée","adv"
"1789836467-1493","https://www.expressio.fr/toutes-les-expressions","https://www.expressio.fr/toutes-les-expressions/page-30","aller sur la haquenée des cordeliers","se déplacer à pied, un bâton à la main","v"
"1789836467-1494","https://www.expressio.fr/toutes-les-expressions","https://www.expressio.fr/toutes-les-expressions/page-30","parler de corde dans la maison d'un pendu","évoquer devant quelqu'un des défauts pouvant lui être reprochés ; évoquer devant quelqu'un des sujets pouvant réveiller des souvenirs pénibles","v"
"1789836467-1495","https://www.expressio.fr/toutes-les-expressions","https://www.expressio.fr/toutes-les-expressions/page-30","rester sur l'estomac","être difficile à digérer ; être difficile à accepter ; être difficile à assimiler","v"
"1789836467-1496","https://www.expressio.fr/toutes-les-expressions","https://www.expressio.fr/toutes-les-expressions/page-30","une voix de stentor","une voix puissante ; une voix très forte","n"
"1789836467-1497","https://www.expressio.fr/toutes-les-expressions","https://www.expressio.fr/toutes-les-expressions/page-30","rester de marbre","être imperturbable ; être froid ; être dépourvu de toute émotion ; rester impassible ; ne pas montrer ses sentiments ; ne pas réagir aux informations importantes ou aux provocations","v"
"1789836467-1498","https://www.expressio.fr/toutes-les-expressions","https://www.expressio.fr/toutes-les-expressions/page-30","la loi de la jungle","la loi du plus fort","exp"
"1789836467-1499","https://www.expressio.fr/toutes-les-expressions","https://www.expressio.fr/toutes-les-expressions/page-30","un amour platonique","un amour idéalisé et sans relations charnelles ; une affection mutuelle, morale et dégagée des désirs physiques entre deux personnes de différents sexes","n"
"1789836467-1500","https://www.expressio.fr/toutes-les-expressions","https://www.expressio.fr/toutes-les-expressions/page-30","porter sur les fonts baptismaux","lancer quelque chose qui existait déjà mais était inconnu du grand public ; mettre en oeuvre quelque chose qui existait déjà mais était inconnu du grand public ; faire connaître quelque chose qui existait déjà mais était inconnu du grand public ; être à l'origine de ; provoquer l'avènement de","v"
"1789836473-1501","https://www.expressio.fr/toutes-les-expressions","https://www.expressio.fr/toutes-les-expressions/page-31","peu me chaut","peu m'importe !","exp"
"1789836473-1502","https://www.expressio.fr/toutes-les-expressions","https://www.expressio.fr/toutes-les-expressions/page-31","âge canonique","l'âge requis pour exercer certaines fonctions ecclésiastiques ; un âge respectable ; un âge avancé ; âge vénérable ; âge certain ; âge mûr","n"
"1789836473-1503","https://www.expressio.fr/toutes-les-expressions","https://www.expressio.fr/toutes-les-expressions/page-31","pour une bouchée de pain","pour un montant dérisoire ; pour un morceau de pain ; pour une misère ; pour presque rien","adv"
"1789836473-1504","https://www.expressio.fr/toutes-les-expressions","https://www.expressio.fr/toutes-les-expressions/page-31","jeter l'ancre","s'établir ; se fixer dans un lieu","v"
"1789836473-1505","https://www.expressio.fr/toutes-les-expressions","https://www.expressio.fr/toutes-les-expressions/page-31","ca lui pend au nez","ça risque de lui arriver","exp"
"1789836473-1506","https://www.expressio.fr/toutes-les-expressions","https://www.expressio.fr/toutes-les-expressions/page-31","toucher le pactole","toucher une très grosse somme d'argent ou quelque chose ayant beaucoup de valeur ; devenir riche ; gagner","v"
"1789836473-1507","https://www.expressio.fr/toutes-les-expressions","https://www.expressio.fr/toutes-les-expressions/page-31","couper la poire en deux","partager équitablement quelque chose ; répartir équitablement quelque chose ; décider un compromis ; renoncer à une partie de ses prétentions ; retrouver à mi-chemin","v"
"1789836473-1508","https://www.expressio.fr/toutes-les-expressions","https://www.expressio.fr/toutes-les-expressions/page-31","une armée mexicaine","une situation où les donneurs d’ordres sont plus nombreux que les exécutants ; une organisation complètement désorganisée","exp"
"1789836473-1509","https://www.expressio.fr/toutes-les-expressions","https://www.expressio.fr/toutes-les-expressions/page-31","s'en payer une tranche","beaucoup s'amuser ; s'éclater","v"
"1789836473-1510","https://www.expressio.fr/toutes-les-expressions","https://www.expressio.fr/toutes-les-expressions/page-31","on boit un coup ou on s'encule ?","on s'ennuie ici : et si on buvait plutôt que de parler ?","exp"
"1789836473-1511","https://www.expressio.fr/toutes-les-expressions","https://www.expressio.fr/toutes-les-expressions/page-31","se retirer sur l'Aventin","renoncer à poursuivre une négociation ; refuser de poursuivre une discussion","v"
"1789836473-1512","https://www.expressio.fr/toutes-les-expressions","https://www.expressio.fr/toutes-les-expressions/page-31","tenir les murs","n'avoir aucune occupation ; ne rien faire","v"
"1789836473-1513","https://www.expressio.fr/toutes-les-expressions","https://www.expressio.fr/toutes-les-expressions/page-31","le diable est dans les détails","il ne faut jamais négliger les détails car ils peuvent être source de désagréments importants ; les détails peuvent causer des ennuis importants ; une faute dans un détail peut compromettre tout un ensemble","exp"
"1789836473-1514","https://www.expressio.fr/toutes-les-expressions","https://www.expressio.fr/toutes-les-expressions/page-31","ne pas se laisser prendre sans vert","ne pas se laisser prendre au dépourvu ; ne pas se laisser prendre à l'improviste","v"
"1789836473-1515","https://www.expressio.fr/toutes-les-expressions","https://www.expressio.fr/toutes-les-expressions/page-31","faire flanelle","s'abstenir ; ne rien consommer ; ne rien acheter ; ne rien faire ; glander","v"
"1789836473-1516","https://www.expressio.fr/toutes-les-expressions","https://www.expressio.fr/toutes-les-expressions/page-31","d'ores et déjà","dès maintenant ; dès à présent","adv"
"1789836473-1517","https://www.expressio.fr/toutes-les-expressions","https://www.expressio.fr/toutes-les-expressions/page-31","n'y voir goutte","ne rien y voir ; être dans le noir","v"
"1789836473-1518","https://www.expressio.fr/toutes-les-expressions","https://www.expressio.fr/toutes-les-expressions/page-31","mettre sous le boisseau","garder sous le boisseau ; cacher la vérité ; garder un secret ; éviter de rendre public","v"
"1789836473-1519","https://www.expressio.fr/toutes-les-expressions","https://www.expressio.fr/toutes-les-expressions/page-31","quand le vin est tiré, il faut le boire","il faut aller au bout d'une affaire dans laquelle on s'est engagé","exp"
"1789836473-1520","https://www.expressio.fr/toutes-les-expressions","https://www.expressio.fr/toutes-les-expressions/page-31","au ras des pâquerettes","sans intérêt ; sans envergure ; désolant ; d'un niveau peu élevé ; terre-à-terre ; minable","adv"
"1789836473-1521","https://www.expressio.fr/toutes-les-expressions","https://www.expressio.fr/toutes-les-expressions/page-31","l'oeil de Moscou","une personne qui espionne des individus au bénéfice d'autres ; un organisme qui espionne des individus au bénéfice d'autres ; un matériel qui espionne des individus au bénéfice d'autres","n"
"1789836473-1522","https://www.expressio.fr/toutes-les-expressions","https://www.expressio.fr/toutes-les-expressions/page-31","bonnet blanc, blanc bonnet","cela a beau être présenté différemment, c'est la même chose ; c'est présenté comme différent, mais est en réalité très similaire","adj"
"1789836473-1523","https://www.expressio.fr/toutes-les-expressions","https://www.expressio.fr/toutes-les-expressions/page-31","point barre","cette décision est irrévocable ; fin de la discussion ; point final ; point à la ligne ; un point c'est tout","adv"
"1789836473-1524","https://www.expressio.fr/toutes-les-expressions","https://www.expressio.fr/toutes-les-expressions/page-31","avec ma bite et mon couteau","avec le strict minimum ; en me débrouillant tout seul ; malgré l'adversité ; avec les rares moyens dont je dispose ; sans être suffisamment équipé","adv"
"1789836473-1525","https://www.expressio.fr/toutes-les-expressions","https://www.expressio.fr/toutes-les-expressions/page-31","autant que faire se peut","autant que possible ; dans la mesure du possible ; si possible ; chaque fois que possible ; lorsque cela est possible ; quand c'est possible","adv"
"1789836473-1526","https://www.expressio.fr/toutes-les-expressions","https://www.expressio.fr/toutes-les-expressions/page-31","mettre au rancart","mettre de côté ; jeter au rebut ; se débarrasser de ; mettre au rebut","v"
"1789836473-1527","https://www.expressio.fr/toutes-les-expressions","https://www.expressio.fr/toutes-les-expressions/page-31","mariage pluvieux, mariage heureux","il pleut peut-être pendant la cérémonie, mais la vie de mariés sera radieuse ; la pluie au mariage est un bon signe","exp"
"1789836473-1528","https://www.expressio.fr/toutes-les-expressions","https://www.expressio.fr/toutes-les-expressions/page-31","ballon d'essai","un premier jet d'une chose rendue publique ; l'annonce d'un projet pour vérifier comment il sera accueilli par sa cible ; tentative pour sonder l'opinion ; propos divulgué pour sonder l'opinion d'une personne ou d'un groupe ; première mesure prise seulement à l’effet de connaître comment seront accueillies d’autres mesures du même genre","n"
"1789836473-1529","https://www.expressio.fr/toutes-les-expressions","https://www.expressio.fr/toutes-les-expressions/page-31","nickel chrome","nickel ; c'est d'une propreté irréprochable ; c'est impeccable ; excellent ; parfait","exp"
"1789836473-1530","https://www.expressio.fr/toutes-les-expressions","https://www.expressio.fr/toutes-les-expressions/page-31","mettre sur un piédestal","vouer une grande admiration","v"
"1789836473-1531","https://www.expressio.fr/toutes-les-expressions","https://www.expressio.fr/toutes-les-expressions/page-31","se faire alpaguer","se faire arrêter","v"
"1789836473-1532","https://www.expressio.fr/toutes-les-expressions","https://www.expressio.fr/toutes-les-expressions/page-31","au doigt mouillé","très approximativement ; au petit bonheur la chance ; de manière empirique ; au feeling ; de manière très imprécise ; au hasard ; approximativement","adv"
"1789836473-1533","https://www.expressio.fr/toutes-les-expressions","https://www.expressio.fr/toutes-les-expressions/page-31","la tentation de Venise","la tentation de se consacrer à autre chose ; la tentation de changer de vie","exp"
"1789836473-1534","https://www.expressio.fr/toutes-les-expressions","https://www.expressio.fr/toutes-les-expressions/page-31","prendre un râteau","subir un échec en séduction ; se faire éconduire ; se faire rembarrer","v"
"1789836473-1535","https://www.expressio.fr/toutes-les-expressions","https://www.expressio.fr/toutes-les-expressions/page-31","charger la barque","charger la mule ; exagérer ; trop en rajouter ; en dire au-delà du raisonnable ; accabler quelqu'un ; saturer quelque chose ; avoir trop d'ambition","v"
"1789836473-1536","https://www.expressio.fr/toutes-les-expressions","https://www.expressio.fr/toutes-les-expressions/page-31","mal en point","souffrant ; indisposé ; en mauvais état ; abîmé ; en mauvaise santé","adj"
"1789836473-1537","https://www.expressio.fr/toutes-les-expressions","https://www.expressio.fr/toutes-les-expressions/page-31","du même tonneau","du même genre ; comparable ; de la même veine ; similaire","adj"
"1789836473-1538","https://www.expressio.fr/toutes-les-expressions","https://www.expressio.fr/toutes-les-expressions/page-31","une mise en abyme","une oeuvre imbriquée dans une oeuvre de même type","n"
"1789836473-1539","https://www.expressio.fr/toutes-les-expressions","https://www.expressio.fr/toutes-les-expressions/page-31","un point d'orgue","un moment intense au cours d'une action ou d'une succession d'évènements ; point culminant ; apogée ; paroxysme ; temps fort ; summum ; aboutissement ; couronnement ; culmination ; moment fort","n"
"1789836473-1540","https://www.expressio.fr/toutes-les-expressions","https://www.expressio.fr/toutes-les-expressions/page-31","le denier de la veuve","l'obole donnée par un pauvre ; les maigres ressources d'un pauvre ; l'aumône modeste donnée par un pauvre","exp"
"1789836473-1541","https://www.expressio.fr/toutes-les-expressions","https://www.expressio.fr/toutes-les-expressions/page-31","suppôt de Satan","une personne méchante ; une personne malfaisante ; individu pervers ; adorateur du diable","n"
"1789836473-1542","https://www.expressio.fr/toutes-les-expressions","https://www.expressio.fr/toutes-les-expressions/page-31","être sur le fil du rasoir","dans une situation instable ; dans une situation dangereuse ; dans une situation critique ; dans une situation susceptible de mal se terminer ; sur la corde raide ; sur la brèche ; au bord du gouffre ; à l'orée","v"
"1789836473-1543","https://www.expressio.fr/toutes-les-expressions","https://www.expressio.fr/toutes-les-expressions/page-31","être canon","être très beau ; être très seduisant","v"
"1789836473-1544","https://www.expressio.fr/toutes-les-expressions","https://www.expressio.fr/toutes-les-expressions/page-31","à point nommé","au bon moment ; en temps opportun ; en temps voulu ; en temps utile ; dans le temps ; au moment voulu ; à temps ; au moment adéquat ; au moment attendu ; au moment souhaité ; au moment opportun","adv"
"1789836473-1545","https://www.expressio.fr/toutes-les-expressions","https://www.expressio.fr/toutes-les-expressions/page-31","c'est du peu au jus","bientôt la fin ; il n'y en a plus que pour quelques jours avant la fin","exp"
"1789836473-1546","https://www.expressio.fr/toutes-les-expressions","https://www.expressio.fr/toutes-les-expressions/page-31","s'en mettre plein les poches","gagner beaucoup d'argent ; tirer un gros profit d'une opération ; s'en mettre plein les fouilles ; se faire beaucoup d'oseille ; se gaver","v"
"1789836473-1547","https://www.expressio.fr/toutes-les-expressions","https://www.expressio.fr/toutes-les-expressions/page-31","se sucrer sur le dos de quelqu'un","abuser de quelqu'un ; tirer des avantages au dépens de quelqu'un d'autre","v"
"1789836473-1548","https://www.expressio.fr/toutes-les-expressions","https://www.expressio.fr/toutes-les-expressions/page-31","avoir de la répartie","savoir répondre rapidement et pertinemment dans une conversation ; pouvoir répondre du tac-au-tac à n’importe quelle remarque","v"
"1789836473-1549","https://www.expressio.fr/toutes-les-expressions","https://www.expressio.fr/toutes-les-expressions/page-31","avoir de l'entregent","avoir une aisance relationnelle ; être à l'aise en société","v"
"1789836473-1550","https://www.expressio.fr/toutes-les-expressions","https://www.expressio.fr/toutes-les-expressions/page-31","à pas comptés","sans trop se presser ; avec circonspection ; avec une certaine lenteur et solennité ; un pas après l'autre ; doucement et progressivement ; à pas mesurés ; à pas de fourmi ; à pas de tortue ; lentement","adv"
"1789836479-1551","https://www.expressio.fr/toutes-les-expressions","https://www.expressio.fr/toutes-les-expressions/page-32","trou dans la raquette","un manque qui fait que des situations peuvent ne pas avoir été prévues ; une lacune dans un dispositif ; un défaut dans un ensemble","n"
"1789836479-1552","https://www.expressio.fr/toutes-les-expressions","https://www.expressio.fr/toutes-les-expressions/page-32","rien ne sert de courir, il faut partir à point","rien ne sert de courir ; anticiper vaut mieux que se presser ; la tortue arrive avant le lièvre ; il vaut mieux partir tôt que se dépêcher ensuite","exp"
"1789836479-1553","https://www.expressio.fr/toutes-les-expressions","https://www.expressio.fr/toutes-les-expressions/page-32","rester entre ces quatre murs","demeurer confidentiel ; ne pas sortir d'ici ; rester secret","v"
"1789836479-1554","https://www.expressio.fr/toutes-les-expressions","https://www.expressio.fr/toutes-les-expressions/page-32","à la force du poignet","sans aide extérieure ; grâce à son travail ; par ses efforts","adv"
"1789836479-1555","https://www.expressio.fr/toutes-les-expressions","https://www.expressio.fr/toutes-les-expressions/page-32","mieux vaut tard que jamais","il n'est jamais trop tard pour bien faire ; il est préférable de faire une action tardivement que ne pas la faire ; même quand il est évident que la chose aurait due être exécutée plus tôt, ne pas la faire est pire","exp"
"1789836479-1556","https://www.expressio.fr/toutes-les-expressions","https://www.expressio.fr/toutes-les-expressions/page-32","perdre la boule","péter les plombs ; péter un câble ; perdre la raison ; péter un plomb ; perdre les pédales","v"
"1789836479-1557","https://www.expressio.fr/toutes-les-expressions","https://www.expressio.fr/toutes-les-expressions/page-32","à tort et à travers","de la pointe et du tranchant ; de toutes les manières possibles ; sans discernement ; sans réfléchir ; de façon inconsidérée ; inconsidérément","adv"
"1789836479-1558","https://www.expressio.fr/toutes-les-expressions","https://www.expressio.fr/toutes-les-expressions/page-32","balayer devant sa porte","voir et régler ses propres erreurs avant de critiquer les autres ; se corriger soi-même avant de critiquer autrui ; s'attaquer à reconnaître et corriger ses propres erreurs et manquements ; avant de prétendre s'occuper des problèmes des autres corriger les siens","v"
"1789836479-1559","https://www.expressio.fr/toutes-les-expressions","https://www.expressio.fr/toutes-les-expressions/page-32","broyer du noir","avoir des idées noires ; être déprimé ; déprimer ; ne pas être dans son assiette ; être démoralisé ; s'attrister ; avoir le moral dans les chaussettes ; avoir le moral à zéro ; se morfondre ; bouder ; se livrer à des pensées sombres","v"
"1789836479-1560","https://www.expressio.fr/toutes-les-expressions","https://www.expressio.fr/toutes-les-expressions/page-32","gens huppés","gens de haut rang ; gens haut placés et riches","n"
"1789836479-1561","https://www.expressio.fr/toutes-les-expressions","https://www.expressio.fr/toutes-les-expressions/page-32","gai comme un pinson","une personne extrêmement joyeuse ; plein de vivacité ; de bonne humeur ; joyeux","adj"
"1789836479-1562","https://www.expressio.fr/toutes-les-expressions","https://www.expressio.fr/toutes-les-expressions/page-32","frais comme un gardon","en pleine santé ; porte comme un charme ; en pleine forme ; dans un état de réelle fraîcheur apparente","adj"
"1789836479-1563","https://www.expressio.fr/toutes-les-expressions","https://www.expressio.fr/toutes-les-expressions/page-32","fier comme un coq","prétentieux ; imbu de soi-même ; qui est sottement imbu de sa personne ; ayant une attitude fière, orgueilleuse et vaniteuse","adj"
"1789836479-1564","https://www.expressio.fr/toutes-les-expressions","https://www.expressio.fr/toutes-les-expressions/page-32","faire tourner en bourrique","faire enrager ; faire tourner chèvre ; rendre chèvre ; mettre à bout ; porter sur les nerfs ; pousser à bout ; taper sur les nerfs ; taper sur le système ; exaspérer quelqu'un par des taquineries ; faire devenir chèvre ; mener en bateau ; troller ; abêtir ; énerver au plus haut point ; faire perdre patience ; exaspérer","v"
"1789836479-1565","https://www.expressio.fr/toutes-les-expressions","https://www.expressio.fr/toutes-les-expressions/page-32","faire tapisserie","être là pour décorer ; ne pas être appelé à participer ; assister à une réunion sans y prendre part ; ne pas être invité à danser ; rester inactif ; attendre ; être là pour faire joli ; être inutile","v"
"1789836479-1566","https://www.expressio.fr/toutes-les-expressions","https://www.expressio.fr/toutes-les-expressions/page-32","faire recette","promettre un bon revenu financier de sa vente ou de sa prestation ; assurer un succès ; avoir du succès et rapporter beaucoup d'argent ; faire répéter ; rapporter des bénéfices ; être rentable","v"
"1789836479-1567","https://www.expressio.fr/toutes-les-expressions","https://www.expressio.fr/toutes-les-expressions/page-32","faire le zouave","faire le fou ; faire l'intéressant ; faire des choses inhabituelles pour se donner en spectacle","v"
"1789836479-1568","https://www.expressio.fr/toutes-les-expressions","https://www.expressio.fr/toutes-les-expressions/page-32","faire le trottoir","se prostituer ; racoler des passants dans un but de prostitution ; battre son quart ; battre l'antiffe ; battre l'antiffle ; faire commerce de son corps ; faire le plus vieux métier du monde ; faire le tapin ; tapiner ; vendre son corps","v"
"1789836479-1569","https://www.expressio.fr/toutes-les-expressions","https://www.expressio.fr/toutes-les-expressions/page-32","faire la nique","se moquer de ; narguer","v"
"1789836479-1570","https://www.expressio.fr/toutes-les-expressions","https://www.expressio.fr/toutes-les-expressions/page-32","faire la moue","grimacer pour afficher son mécontentement ; bouder ; manifester par une expression fermée du visage sa mauvaise humeur ; grimacer ; montrer ostensiblement son désappointement","v"
"1789836479-1571","https://www.expressio.fr/toutes-les-expressions","https://www.expressio.fr/toutes-les-expressions/page-32","faire la chaîne","s'espacer et se faire passer des objets de l'un à l'autre pour le déplacer ; se mettre en file ; se placer à la suite les uns des autres ; passer des objets de mains en mains pour les faire parvenir à destination ; passer des seaux d'eau pour aider à éteindre un incendie","v"
"1789836479-1572","https://www.expressio.fr/toutes-les-expressions","https://www.expressio.fr/toutes-les-expressions/page-32","faire grise mine","battre froid ; faire le chat-brun ; avoir des soucis ; montrer qu'on est contrarié par quelque chose ; accueillir quelqu'un froidement","v"
"1789836479-1573","https://www.expressio.fr/toutes-les-expressions","https://www.expressio.fr/toutes-les-expressions/page-32","faire du foin","faire un scandale ; crier ; protester ; faire du tapage ; causer du scandale","v"
"1789836479-1574","https://www.expressio.fr/toutes-les-expressions","https://www.expressio.fr/toutes-les-expressions/page-32","faire des frais","engager des efforts pour parvenir à son objectif ; déployer des efforts d'amabilité, de charme, de politesse ; acheter des choses qui coûtent cher ; faire des dépenses inhabituelles","v"
"1789836479-1575","https://www.expressio.fr/toutes-les-expressions","https://www.expressio.fr/toutes-les-expressions/page-32","faire des étincelles","briller par ses exploits ; avoir de brillants résultats ; être particulièrement brillant ; faire du scandale ; faire une colère","v"
"1789836479-1576","https://www.expressio.fr/toutes-les-expressions","https://www.expressio.fr/toutes-les-expressions/page-32","faire dans son froc","ressentir une frayeur extrême ; avoir très peur ; faire dans son pantalon ; péter de trouille ; les avoir à zéro ; avoir les jetons ; avoir une grande frayeur ; paniquer","v"
"1789836479-1577","https://www.expressio.fr/toutes-les-expressions","https://www.expressio.fr/toutes-les-expressions/page-32","faire bouillir la marmite","assurer la subsistance ; assurer l'entretien d'un ménage ; apporter l'argent nécessaire pour faire vivre la famille ; rapporter les revenus principaux du foyer","v"
"1789836479-1578","https://www.expressio.fr/toutes-les-expressions","https://www.expressio.fr/toutes-les-expressions/page-32","être dans les nuages","avoir la tête dans les nuages ; être distrait ; être dans la lune ; rêvasser ; être rêveur ; perdre le sens des réalités","v"
"1789836479-1579","https://www.expressio.fr/toutes-les-expressions","https://www.expressio.fr/toutes-les-expressions/page-32","être dans le rouge","être en négatif ; être à découvert ; avoir un solde débiteur à la banque ; être endetté","v"
"1789836479-1580","https://www.expressio.fr/toutes-les-expressions","https://www.expressio.fr/toutes-les-expressions/page-32","être dans la mouise","dans une très mauvaise situation ; dans une position dangereuse ; dans une mauvaise posture ; dans le pétrin ; dans la panade ; dans la mouise ; dans de sales draps ; en danger ; mal barré","v"
"1789836479-1581","https://www.expressio.fr/toutes-les-expressions","https://www.expressio.fr/toutes-les-expressions/page-32","être à sec","dans la misère ; en faillite ; fauché ; à sec ; sans le sou","v"
"1789836479-1582","https://www.expressio.fr/toutes-les-expressions","https://www.expressio.fr/toutes-les-expressions/page-32","envoyer sur les roses","se débarrasser de façon brusque d'une personne gênante ; envoyer promener ; se débarrasser de façon expéditive et cavalière d'une personne gênante","v"
"1789836479-1583","https://www.expressio.fr/toutes-les-expressions","https://www.expressio.fr/toutes-les-expressions/page-32","en voir de toutes les couleurs","subir ; endurer diverses épreuves ; subir des épreuves ; subir des désagréments de toutes sortes","v"
"1789836479-1584","https://www.expressio.fr/toutes-les-expressions","https://www.expressio.fr/toutes-les-expressions/page-32","en tapinois","en douce ; en cachette ; sans bruit ; de façon discrète ; dissimulée en cachette ; sans se faire remarquer ; furtivement ; secrètement ; sournoisement ; incognito ; clandestinement ; par des voies sourdes et détournées","adv"
"1789836479-1585","https://www.expressio.fr/toutes-les-expressions","https://www.expressio.fr/toutes-les-expressions/page-32","en avoir ras le bol","être lassé ; être dégoûté","v"
"1789836479-1586","https://www.expressio.fr/toutes-les-expressions","https://www.expressio.fr/toutes-les-expressions/page-32","en avoir plein le dos","en avoir ras le bol ; en avoir plein le casque ; être excédé à cause d'une personne ou d'une chose","v"
"1789836479-1587","https://www.expressio.fr/toutes-les-expressions","https://www.expressio.fr/toutes-les-expressions/page-32","dormir comme un loir","dormir à poings fermés ; dormir profondément ; dormir très longtemps et profondément ; dormir comme un bébé ; dormir longtemps et profondément","v"
"1789836479-1588","https://www.expressio.fr/toutes-les-expressions","https://www.expressio.fr/toutes-les-expressions/page-32","dormir à poings fermés","dormir profondément ; profiter d'un sommeil véritablement réparateur ; dormir très profondément ; dormir d'un sommeil profond ; dormir comme un bébé","v"
"1789836479-1589","https://www.expressio.fr/toutes-les-expressions","https://www.expressio.fr/toutes-les-expressions/page-32","donner du mou","relâcher la tension ; donner plus de longueur de corde ; donner de ficelle ; donner plus de liberté d'action","v"
"1789836479-1590","https://www.expressio.fr/toutes-les-expressions","https://www.expressio.fr/toutes-les-expressions/page-32","dévorer des yeux","regarder avec avidité ; lancer des regards remplis de désir ; regarder avec un intérêt intense ; tenir les yeux fixement attachés sur ; jeter des regards avides sur ; manger des yeux","v"
"1789836479-1591","https://www.expressio.fr/toutes-les-expressions","https://www.expressio.fr/toutes-les-expressions/page-32","devenir chèvre","se mettre en colère ; perdre patience ; devenir fou d'inquiétude","v"
"1789836479-1592","https://www.expressio.fr/toutes-les-expressions","https://www.expressio.fr/toutes-les-expressions/page-32","descendre en flammes","critiquer violemment ; calomnier quelqu'un ; faire de sévères critiques à quelqu'un ; abattre un avion ; tancer ; ramener brutalement quelqu'un à sa condition","v"
"1789836479-1593","https://www.expressio.fr/toutes-les-expressions","https://www.expressio.fr/toutes-les-expressions/page-32","depuis que le monde est monde","très ancien ; très vieux ; vieux comme mes robes ; vieux comme le monde ; depuis la naissance du monde ; de tout temps ; depuis toujours","adv"
"1789836479-1594","https://www.expressio.fr/toutes-les-expressions","https://www.expressio.fr/toutes-les-expressions/page-32","débarrasser le plancher","quitter un lieu après avoir été chassé ; partir ; partir sans attendre ; vider les lieux ; partir contraint et forcé","v"
"1789836479-1595","https://www.expressio.fr/toutes-les-expressions","https://www.expressio.fr/toutes-les-expressions/page-32","de mauvais aloi","sans mérite ; de qualité basse ; peu important ; de mauvaise qualité ; douteux","adj"
"1789836479-1596","https://www.expressio.fr/toutes-les-expressions","https://www.expressio.fr/toutes-les-expressions/page-32","crever l'abcès","prendre le mal à la racine ; vider l'abcès ; détruire la cause de quelque chose et l'empêcher de se reproduire ; révéler un secret au grand jour ; prendre des mesures draconiennes","v"
"1789836479-1597","https://www.expressio.fr/toutes-les-expressions","https://www.expressio.fr/toutes-les-expressions/page-32","coûter les yeux de la tête","coûter la peau des couilles ; coûter la peau du cul ; coûter très cher ; coûter un bras","v"
"1789836479-1598","https://www.expressio.fr/toutes-les-expressions","https://www.expressio.fr/toutes-les-expressions/page-32","courir la gueuse","passer son temps à draguer ; rechercher les aventures amoureuses ; fréquenter les prostituées ; chercher les aventures galantes auprès de femmes plus ou moins faciles","v"
"1789836479-1599","https://www.expressio.fr/toutes-les-expressions","https://www.expressio.fr/toutes-les-expressions/page-32","comprendre sa douleur","souffrir ; réaliser l'étendue de son échec ; avaler des poires d’angoisse ; en voir des vertes et des pas mûres ; en baver des ronds de chapeau","v"
"1789836479-1600","https://www.expressio.fr/toutes-les-expressions","https://www.expressio.fr/toutes-les-expressions/page-32","changer de disque","parler d'un autre sujet ; parler d'autre chose ; changer de sujet de conversation ; changer de comportement","v"
"1789836486-1601","https://www.expressio.fr/toutes-les-expressions","https://www.expressio.fr/toutes-les-expressions/page-33","la messe est dite","le point de non-retour a été dépassé ; la situation est inchangeable ; les jeux sont faits ; il n'y a plus rien à faire ; la situation est définitive","exp"
"1789836486-1602","https://www.expressio.fr/toutes-les-expressions","https://www.expressio.fr/toutes-les-expressions/page-33","la coupe est pleine","ça suffit ; c'en est trop","exp"
"1789836486-1603","https://www.expressio.fr/toutes-les-expressions","https://www.expressio.fr/toutes-les-expressions/page-33","la chair est faible","l'homme n'a pas une grande détermination ; l'homme se soumet facilement à la tentation","v"
"1789836486-1604","https://www.expressio.fr/toutes-les-expressions","https://www.expressio.fr/toutes-les-expressions/page-33","jouer les Roméo","jouer les amoureux transis ; être séducteur","v"
"1789836486-1605","https://www.expressio.fr/toutes-les-expressions","https://www.expressio.fr/toutes-les-expressions/page-33","jouer du pipeau","raconter des bobards ; raconter des craques ; dire des mensonges ; embellir la vérité","v"
"1789836486-1606","https://www.expressio.fr/toutes-les-expressions","https://www.expressio.fr/toutes-les-expressions/page-33","jeter aux lions","critiquer vivement ; mettre dans une position difficile","v"
"1789836486-1607","https://www.expressio.fr/toutes-les-expressions","https://www.expressio.fr/toutes-les-expressions/page-33","haut comme trois pommes","tout petit ; minuscule ; pas grand ; très jeune","adj"
"1789836486-1608","https://www.expressio.fr/toutes-les-expressions","https://www.expressio.fr/toutes-les-expressions/page-33","grosse légume","big boss ; huile ; cador ; caïd ; personnage important ; membre de la nomenklatura ; personne ayant un pouvoir social supérieur","n"
"1789836486-1609","https://www.expressio.fr/toutes-les-expressions","https://www.expressio.fr/toutes-les-expressions/page-33","gros plein de soupe","personne grosse et empotée ; personne de forte corpulence","n"
"1789836486-1610","https://www.expressio.fr/toutes-les-expressions","https://www.expressio.fr/toutes-les-expressions/page-33","gens huppés","gens de haut rang ; gens haut placés et riches","n"
"1789836486-1611","https://www.expressio.fr/toutes-les-expressions","https://www.expressio.fr/toutes-les-expressions/page-33","gai comme un pinson","une personne extrêmement joyeuse ; plein de vivacité ; de bonne humeur ; joyeux","adj"
"1789836486-1612","https://www.expressio.fr/toutes-les-expressions","https://www.expressio.fr/toutes-les-expressions/page-33","frais comme un gardon","en pleine santé ; porte comme un charme ; en pleine forme ; dans un état de réelle fraîcheur apparente","adj"
"1789836486-1613","https://www.expressio.fr/toutes-les-expressions","https://www.expressio.fr/toutes-les-expressions/page-33","fier comme un coq","prétentieux ; imbu de soi-même ; qui est sottement imbu de sa personne ; ayant une attitude fière, orgueilleuse et vaniteuse","adj"
"1789836486-1614","https://www.expressio.fr/toutes-les-expressions","https://www.expressio.fr/toutes-les-expressions/page-33","faire tourner en bourrique","faire enrager ; faire tourner chèvre ; rendre chèvre ; mettre à bout ; porter sur les nerfs ; pousser à bout ; taper sur les nerfs ; taper sur le système ; exaspérer quelqu'un par des taquineries ; faire devenir chèvre ; mener en bateau ; troller ; abêtir ; énerver au plus haut point ; faire perdre patience ; exaspérer","v"
"1789836486-1615","https://www.expressio.fr/toutes-les-expressions","https://www.expressio.fr/toutes-les-expressions/page-33","faire tapisserie","être là pour décorer ; ne pas être appelé à participer ; assister à une réunion sans y prendre part ; ne pas être invité à danser ; rester inactif ; attendre ; être là pour faire joli ; être inutile","v"
"1789836486-1616","https://www.expressio.fr/toutes-les-expressions","https://www.expressio.fr/toutes-les-expressions/page-33","faire recette","promettre un bon revenu financier de sa vente ou de sa prestation ; assurer un succès ; avoir du succès et rapporter beaucoup d'argent ; faire répéter ; rapporter des bénéfices ; être rentable","v"
"1789836486-1617","https://www.expressio.fr/toutes-les-expressions","https://www.expressio.fr/toutes-les-expressions/page-33","faire le zouave","faire le fou ; faire l'intéressant ; faire des choses inhabituelles pour se donner en spectacle","v"
"1789836486-1618","https://www.expressio.fr/toutes-les-expressions","https://www.expressio.fr/toutes-les-expressions/page-33","faire le trottoir","se prostituer ; racoler des passants dans un but de prostitution ; battre son quart ; battre l'antiffe ; battre l'antiffle ; faire commerce de son corps ; faire le plus vieux métier du monde ; faire le tapin ; tapiner ; vendre son corps","v"
"1789836486-1619","https://www.expressio.fr/toutes-les-expressions","https://www.expressio.fr/toutes-les-expressions/page-33","faire la nique","se moquer de ; narguer","v"
"1789836486-1620","https://www.expressio.fr/toutes-les-expressions","https://www.expressio.fr/toutes-les-expressions/page-33","faire la moue","grimacer pour afficher son mécontentement ; bouder ; manifester par une expression fermée du visage sa mauvaise humeur ; grimacer ; montrer ostensiblement son désappointement","v"
"1789836486-1621","https://www.expressio.fr/toutes-les-expressions","https://www.expressio.fr/toutes-les-expressions/page-33","faire la chaîne","s'espacer et se faire passer des objets de l'un à l'autre pour le déplacer ; se mettre en file ; se placer à la suite les uns des autres ; passer des objets de mains en mains pour les faire parvenir à destination ; passer des seaux d'eau pour aider à éteindre un incendie","v"
"1789836486-1622","https://www.expressio.fr/toutes-les-expressions","https://www.expressio.fr/toutes-les-expressions/page-33","faire grise mine","battre froid ; faire le chat-brun ; avoir des soucis ; montrer qu'on est contrarié par quelque chose ; accueillir quelqu'un froidement","v"
"1789836486-1623","https://www.expressio.fr/toutes-les-expressions","https://www.expressio.fr/toutes-les-expressions/page-33","faire du foin","faire un scandale ; crier ; protester ; faire du tapage ; causer du scandale","v"
"1789836486-1624","https://www.expressio.fr/toutes-les-expressions","https://www.expressio.fr/toutes-les-expressions/page-33","faire des frais","engager des efforts pour parvenir à son objectif ; déployer des efforts d'amabilité, de charme, de politesse ; acheter des choses qui coûtent cher ; faire des dépenses inhabituelles","v"
"1789836486-1625","https://www.expressio.fr/toutes-les-expressions","https://www.expressio.fr/toutes-les-expressions/page-33","faire des étincelles","briller par ses exploits ; avoir de brillants résultats ; être particulièrement brillant ; faire du scandale ; faire une colère","v"
"1789836486-1626","https://www.expressio.fr/toutes-les-expressions","https://www.expressio.fr/toutes-les-expressions/page-33","faire dans son froc","ressentir une frayeur extrême ; avoir très peur ; faire dans son pantalon ; péter de trouille ; les avoir à zéro ; avoir les jetons ; avoir une grande frayeur ; paniquer","v"
"1789836486-1627","https://www.expressio.fr/toutes-les-expressions","https://www.expressio.fr/toutes-les-expressions/page-33","faire bouillir la marmite","assurer la subsistance ; assurer l'entretien d'un ménage ; apporter l'argent nécessaire pour faire vivre la famille ; rapporter les revenus principaux du foyer","v"
"1789836486-1628","https://www.expressio.fr/toutes-les-expressions","https://www.expressio.fr/toutes-les-expressions/page-33","être dans les nuages","avoir la tête dans les nuages ; être distrait ; être dans la lune ; rêvasser ; être rêveur ; perdre le sens des réalités","v"
"1789836486-1629","https://www.expressio.fr/toutes-les-expressions","https://www.expressio.fr/toutes-les-expressions/page-33","être dans le rouge","être en négatif ; être à découvert ; avoir un solde débiteur à la banque ; être endetté","v"
"1789836486-1630","https://www.expressio.fr/toutes-les-expressions","https://www.expressio.fr/toutes-les-expressions/page-33","être dans la mouise","dans une très mauvaise situation ; dans une position dangereuse ; dans une mauvaise posture ; dans le pétrin ; dans la panade ; dans la mouise ; dans de sales draps ; en danger ; mal barré","v"
"1789836486-1631","https://www.expressio.fr/toutes-les-expressions","https://www.expressio.fr/toutes-les-expressions/page-33","être à sec","dans la misère ; en faillite ; fauché ; à sec ; sans le sou","v"
"1789836486-1632","https://www.expressio.fr/toutes-les-expressions","https://www.expressio.fr/toutes-les-expressions/page-33","envoyer sur les roses","se débarrasser de façon brusque d'une personne gênante ; envoyer promener ; se débarrasser de façon expéditive et cavalière d'une personne gênante","v"
"1789836486-1633","https://www.expressio.fr/toutes-les-expressions","https://www.expressio.fr/toutes-les-expressions/page-33","en voir de toutes les couleurs","subir ; endurer diverses épreuves ; subir des épreuves ; subir des désagréments de toutes sortes","v"
"1789836486-1634","https://www.expressio.fr/toutes-les-expressions","https://www.expressio.fr/toutes-les-expressions/page-33","en tapinois","en douce ; en cachette ; sans bruit ; de façon discrète ; dissimulée en cachette ; sans se faire remarquer ; furtivement ; secrètement ; sournoisement ; incognito ; clandestinement ; par des voies sourdes et détournées","adv"
"1789836486-1635","https://www.expressio.fr/toutes-les-expressions","https://www.expressio.fr/toutes-les-expressions/page-33","en avoir ras le bol","être lassé ; être dégoûté","v"
"1789836486-1636","https://www.expressio.fr/toutes-les-expressions","https://www.expressio.fr/toutes-les-expressions/page-33","en avoir plein le dos","en avoir ras le bol ; en avoir plein le casque ; être excédé à cause d'une personne ou d'une chose","v"
"1789836486-1637","https://www.expressio.fr/toutes-les-expressions","https://www.expressio.fr/toutes-les-expressions/page-33","dormir comme un loir","dormir à poings fermés ; dormir profondément ; dormir très longtemps et profondément ; dormir comme un bébé ; dormir longtemps et profondément","v"
"1789836486-1638","https://www.expressio.fr/toutes-les-expressions","https://www.expressio.fr/toutes-les-expressions/page-33","dormir à poings fermés","dormir profondément ; profiter d'un sommeil véritablement réparateur ; dormir très profondément ; dormir d'un sommeil profond ; dormir comme un bébé","v"
"1789836486-1639","https://www.expressio.fr/toutes-les-expressions","https://www.expressio.fr/toutes-les-expressions/page-33","donner du mou","relâcher la tension ; donner plus de longueur de corde ; donner de ficelle ; donner plus de liberté d'action","v"
"1789836486-1640","https://www.expressio.fr/toutes-les-expressions","https://www.expressio.fr/toutes-les-expressions/page-33","dévorer des yeux","regarder avec avidité ; lancer des regards remplis de désir ; regarder avec un intérêt intense ; tenir les yeux fixement attachés sur ; jeter des regards avides sur ; manger des yeux","v"
"1789836486-1641","https://www.expressio.fr/toutes-les-expressions","https://www.expressio.fr/toutes-les-expressions/page-33","devenir chèvre","se mettre en colère ; perdre patience ; devenir fou d'inquiétude","v"
"1789836486-1642","https://www.expressio.fr/toutes-les-expressions","https://www.expressio.fr/toutes-les-expressions/page-33","descendre en flammes","critiquer violemment ; calomnier quelqu'un ; faire de sévères critiques à quelqu'un ; abattre un avion ; tancer ; ramener brutalement quelqu'un à sa condition","v"
"1789836486-1643","https://www.expressio.fr/toutes-les-expressions","https://www.expressio.fr/toutes-les-expressions/page-33","depuis que le monde est monde","très ancien ; très vieux ; vieux comme mes robes ; vieux comme le monde ; depuis la naissance du monde ; de tout temps ; depuis toujours","adv"
"1789836486-1644","https://www.expressio.fr/toutes-les-expressions","https://www.expressio.fr/toutes-les-expressions/page-33","débarrasser le plancher","quitter un lieu après avoir été chassé ; partir ; partir sans attendre ; vider les lieux ; partir contraint et forcé","v"
"1789836486-1645","https://www.expressio.fr/toutes-les-expressions","https://www.expressio.fr/toutes-les-expressions/page-33","de mauvais aloi","sans mérite ; de qualité basse ; peu important ; de mauvaise qualité ; douteux","adj"
"1789836486-1646","https://www.expressio.fr/toutes-les-expressions","https://www.expressio.fr/toutes-les-expressions/page-33","crever l'abcès","prendre le mal à la racine ; vider l'abcès ; détruire la cause de quelque chose et l'empêcher de se reproduire ; révéler un secret au grand jour ; prendre des mesures draconiennes","v"
"1789836486-1647","https://www.expressio.fr/toutes-les-expressions","https://www.expressio.fr/toutes-les-expressions/page-33","coûter les yeux de la tête","coûter la peau des couilles ; coûter la peau du cul ; coûter très cher ; coûter un bras","v"
"1789836486-1648","https://www.expressio.fr/toutes-les-expressions","https://www.expressio.fr/toutes-les-expressions/page-33","courir la gueuse","passer son temps à draguer ; rechercher les aventures amoureuses ; fréquenter les prostituées ; chercher les aventures galantes auprès de femmes plus ou moins faciles","v"
"1789836486-1649","https://www.expressio.fr/toutes-les-expressions","https://www.expressio.fr/toutes-les-expressions/page-33","comprendre sa douleur","souffrir ; réaliser l'étendue de son échec ; avaler des poires d’angoisse ; en voir des vertes et des pas mûres ; en baver des ronds de chapeau","v"
"1789836486-1650","https://www.expressio.fr/toutes-les-expressions","https://www.expressio.fr/toutes-les-expressions/page-33","changer de disque","parler d'un autre sujet ; parler d'autre chose ; changer de sujet de conversation ; changer de comportement","v"
"1789836493-1651","https://www.expressio.fr/toutes-les-expressions","https://www.expressio.fr/toutes-les-expressions/page-34","la messe est dite","le point de non-retour a été dépassé ; la situation est inchangeable ; les jeux sont faits ; il n'y a plus rien à faire ; la situation est définitive","exp"
"1789836493-1652","https://www.expressio.fr/toutes-les-expressions","https://www.expressio.fr/toutes-les-expressions/page-34","la coupe est pleine","ça suffit ; c'en est trop","exp"
"1789836493-1653","https://www.expressio.fr/toutes-les-expressions","https://www.expressio.fr/toutes-les-expressions/page-34","la chair est faible","l'homme n'a pas une grande détermination ; l'homme se soumet facilement à la tentation","v"
"1789836493-1654","https://www.expressio.fr/toutes-les-expressions","https://www.expressio.fr/toutes-les-expressions/page-34","jouer les Roméo","jouer les amoureux transis ; être séducteur","v"
"1789836493-1655","https://www.expressio.fr/toutes-les-expressions","https://www.expressio.fr/toutes-les-expressions/page-34","jouer du pipeau","raconter des bobards ; raconter des craques ; dire des mensonges ; embellir la vérité","v"
"1789836493-1656","https://www.expressio.fr/toutes-les-expressions","https://www.expressio.fr/toutes-les-expressions/page-34","jeter aux lions","critiquer vivement ; mettre dans une position difficile","v"
"1789836493-1657","https://www.expressio.fr/toutes-les-expressions","https://www.expressio.fr/toutes-les-expressions/page-34","haut comme trois pommes","tout petit ; minuscule ; pas grand ; très jeune","adj"
"1789836493-1658","https://www.expressio.fr/toutes-les-expressions","https://www.expressio.fr/toutes-les-expressions/page-34","grosse légume","big boss ; huile ; cador ; caïd ; personnage important ; membre de la nomenklatura ; personne ayant un pouvoir social supérieur","n"
"1789836493-1659","https://www.expressio.fr/toutes-les-expressions","https://www.expressio.fr/toutes-les-expressions/page-34","gros plein de soupe","personne grosse et empotée ; personne de forte corpulence","n"
"1789836493-1660","https://www.expressio.fr/toutes-les-expressions","https://www.expressio.fr/toutes-les-expressions/page-34","gens huppés","gens de haut rang ; gens haut placés et riches","n"
"1789836493-1661","https://www.expressio.fr/toutes-les-expressions","https://www.expressio.fr/toutes-les-expressions/page-34","gai comme un pinson","une personne extrêmement joyeuse ; plein de vivacité ; de bonne humeur ; joyeux","adj"
"1789836493-1662","https://www.expressio.fr/toutes-les-expressions","https://www.expressio.fr/toutes-les-expressions/page-34","frais comme un gardon","en pleine santé ; porte comme un charme ; en pleine forme ; dans un état de réelle fraîcheur apparente","adj"
"1789836493-1663","https://www.expressio.fr/toutes-les-expressions","https://www.expressio.fr/toutes-les-expressions/page-34","fier comme un coq","prétentieux ; imbu de soi-même ; qui est sottement imbu de sa personne ; ayant une attitude fière, orgueilleuse et vaniteuse","adj"
"1789836493-1664","https://www.expressio.fr/toutes-les-expressions","https://www.expressio.fr/toutes-les-expressions/page-34","faire tourner en bourrique","faire enrager ; faire tourner chèvre ; rendre chèvre ; mettre à bout ; porter sur les nerfs ; pousser à bout ; taper sur les nerfs ; taper sur le système ; exaspérer quelqu'un par des taquineries ; faire devenir chèvre ; mener en bateau ; troller ; abêtir ; énerver au plus haut point ; faire perdre patience ; exaspérer","v"
"1789836493-1665","https://www.expressio.fr/toutes-les-expressions","https://www.expressio.fr/toutes-les-expressions/page-34","faire tapisserie","être là pour décorer ; ne pas être appelé à participer ; assister à une réunion sans y prendre part ; ne pas être invité à danser ; rester inactif ; attendre ; être là pour faire joli ; être inutile","v"
"1789836493-1666","https://www.expressio.fr/toutes-les-expressions","https://www.expressio.fr/toutes-les-expressions/page-34","faire recette","promettre un bon revenu financier de sa vente ou de sa prestation ; assurer un succès ; avoir du succès et rapporter beaucoup d'argent ; faire répéter ; rapporter des bénéfices ; être rentable","v"
"1789836493-1667","https://www.expressio.fr/toutes-les-expressions","https://www.expressio.fr/toutes-les-expressions/page-34","faire le zouave","faire le fou ; faire l'intéressant ; faire des choses inhabituelles pour se donner en spectacle","v"
"1789836493-1668","https://www.expressio.fr/toutes-les-expressions","https://www.expressio.fr/toutes-les-expressions/page-34","faire le trottoir","se prostituer ; racoler des passants dans un but de prostitution ; battre son quart ; battre l'antiffe ; battre l'antiffle ; faire commerce de son corps ; faire le plus vieux métier du monde ; faire le tapin ; tapiner ; vendre son corps","v"
"1789836493-1669","https://www.expressio.fr/toutes-les-expressions","https://www.expressio.fr/toutes-les-expressions/page-34","faire la nique","se moquer de ; narguer","v"
"1789836493-1670","https://www.expressio.fr/toutes-les-expressions","https://www.expressio.fr/toutes-les-expressions/page-34","faire la moue","grimacer pour afficher son mécontentement ; bouder ; manifester par une expression fermée du visage sa mauvaise humeur ; grimacer ; montrer ostensiblement son désappointement","v"
"1789836493-1671","https://www.expressio.fr/toutes-les-expressions","https://www.expressio.fr/toutes-les-expressions/page-34","faire la chaîne","s'espacer et se faire passer des objets de l'un à l'autre pour le déplacer ; se mettre en file ; se placer à la suite les uns des autres ; passer des objets de mains en mains pour les faire parvenir à destination ; passer des seaux d'eau pour aider à éteindre un incendie","v"
"1789836493-1672","https://www.expressio.fr/toutes-les-expressions","https://www.expressio.fr/toutes-les-expressions/page-34","faire grise mine","battre froid ; faire le chat-brun ; avoir des soucis ; montrer qu'on est contrarié par quelque chose ; accueillir quelqu'un froidement","v"
"1789836493-1673","https://www.expressio.fr/toutes-les-expressions","https://www.expressio.fr/toutes-les-expressions/page-34","faire du foin","faire un scandale ; crier ; protester ; faire du tapage ; causer du scandale","v"
"1789836493-1674","https://www.expressio.fr/toutes-les-expressions","https://www.expressio.fr/toutes-les-expressions/page-34","faire des frais","engager des efforts pour parvenir à son objectif ; déployer des efforts d'amabilité, de charme, de politesse ; acheter des choses qui coûtent cher ; faire des dépenses inhabituelles","v"
"1789836493-1675","https://www.expressio.fr/toutes-les-expressions","https://www.expressio.fr/toutes-les-expressions/page-34","faire des étincelles","briller par ses exploits ; avoir de brillants résultats ; être particulièrement brillant ; faire du scandale ; faire une colère","v"
"1789836493-1676","https://www.expressio.fr/toutes-les-expressions","https://www.expressio.fr/toutes-les-expressions/page-34","faire dans son froc","ressentir une frayeur extrême ; avoir très peur ; faire dans son pantalon ; péter de trouille ; les avoir à zéro ; avoir les jetons ; avoir une grande frayeur ; paniquer","v"
"1789836493-1677","https://www.expressio.fr/toutes-les-expressions","https://www.expressio.fr/toutes-les-expressions/page-34","faire bouillir la marmite","assurer la subsistance ; assurer l'entretien d'un ménage ; apporter l'argent nécessaire pour faire vivre la famille ; rapporter les revenus principaux du foyer","v"
"1789836493-1678","https://www.expressio.fr/toutes-les-expressions","https://www.expressio.fr/toutes-les-expressions/page-34","être dans les nuages","avoir la tête dans les nuages ; être distrait ; être dans la lune ; rêvasser ; être rêveur ; perdre le sens des réalités","v"
"1789836493-1679","https://www.expressio.fr/toutes-les-expressions","https://www.expressio.fr/toutes-les-expressions/page-34","être dans le rouge","être en négatif ; être à découvert ; avoir un solde débiteur à la banque ; être endetté","v"
"1789836493-1680","https://www.expressio.fr/toutes-les-expressions","https://www.expressio.fr/toutes-les-expressions/page-34","être dans la mouise","dans une très mauvaise situation ; dans une position dangereuse ; dans une mauvaise posture ; dans le pétrin ; dans la panade ; dans la mouise ; dans de sales draps ; en danger ; mal barré","v"
"1789836493-1681","https://www.expressio.fr/toutes-les-expressions","https://www.expressio.fr/toutes-les-expressions/page-34","être à sec","dans la misère ; en faillite ; fauché ; à sec ; sans le sou","v"
"1789836493-1682","https://www.expressio.fr/toutes-les-expressions","https://www.expressio.fr/toutes-les-expressions/page-34","envoyer sur les roses","se débarrasser de façon brusque d'une personne gênante ; envoyer promener ; se débarrasser de façon expéditive et cavalière d'une personne gênante","v"
"1789836493-1683","https://www.expressio.fr/toutes-les-expressions","https://www.expressio.fr/toutes-les-expressions/page-34","en voir de toutes les couleurs","subir ; endurer diverses épreuves ; subir des épreuves ; subir des désagréments de toutes sortes","v"
"1789836493-1684","https://www.expressio.fr/toutes-les-expressions","https://www.expressio.fr/toutes-les-expressions/page-34","en tapinois","en douce ; en cachette ; sans bruit ; de façon discrète ; dissimulée en cachette ; sans se faire remarquer ; furtivement ; secrètement ; sournoisement ; incognito ; clandestinement ; par des voies sourdes et détournées","adv"
"1789836493-1685","https://www.expressio.fr/toutes-les-expressions","https://www.expressio.fr/toutes-les-expressions/page-34","en avoir ras le bol","être lassé ; être dégoûté","v"
"1789836493-1686","https://www.expressio.fr/toutes-les-expressions","https://www.expressio.fr/toutes-les-expressions/page-34","en avoir plein le dos","en avoir ras le bol ; en avoir plein le casque ; être excédé à cause d'une personne ou d'une chose","v"
"1789836493-1687","https://www.expressio.fr/toutes-les-expressions","https://www.expressio.fr/toutes-les-expressions/page-34","dormir comme un loir","dormir à poings fermés ; dormir profondément ; dormir très longtemps et profondément ; dormir comme un bébé ; dormir longtemps et profondément","v"
"1789836493-1688","https://www.expressio.fr/toutes-les-expressions","https://www.expressio.fr/toutes-les-expressions/page-34","dormir à poings fermés","dormir profondément ; profiter d'un sommeil véritablement réparateur ; dormir très profondément ; dormir d'un sommeil profond ; dormir comme un bébé","v"
"1789836493-1689","https://www.expressio.fr/toutes-les-expressions","https://www.expressio.fr/toutes-les-expressions/page-34","donner du mou","relâcher la tension ; donner plus de longueur de corde ; donner de ficelle ; donner plus de liberté d'action","v"
"1789836493-1690","https://www.expressio.fr/toutes-les-expressions","https://www.expressio.fr/toutes-les-expressions/page-34","dévorer des yeux","regarder avec avidité ; lancer des regards remplis de désir ; regarder avec un intérêt intense ; tenir les yeux fixement attachés sur ; jeter des regards avides sur ; manger des yeux","v"
"1789836493-1691","https://www.expressio.fr/toutes-les-expressions","https://www.expressio.fr/toutes-les-expressions/page-34","devenir chèvre","se mettre en colère ; perdre patience ; devenir fou d'inquiétude","v"
"1789836493-1692","https://www.expressio.fr/toutes-les-expressions","https://www.expressio.fr/toutes-les-expressions/page-34","descendre en flammes","critiquer violemment ; calomnier quelqu'un ; faire de sévères critiques à quelqu'un ; abattre un avion ; tancer ; ramener brutalement quelqu'un à sa condition","v"
"1789836493-1693","https://www.expressio.fr/toutes-les-expressions","https://www.expressio.fr/toutes-les-expressions/page-34","depuis que le monde est monde","très ancien ; très vieux ; vieux comme mes robes ; vieux comme le monde ; depuis la naissance du monde ; de tout temps ; depuis toujours","adv"
"1789836493-1694","https://www.expressio.fr/toutes-les-expressions","https://www.expressio.fr/toutes-les-expressions/page-34","débarrasser le plancher","quitter un lieu après avoir été chassé ; partir ; partir sans attendre ; vider les lieux ; partir contraint et forcé","v"
"1789836493-1695","https://www.expressio.fr/toutes-les-expressions","https://www.expressio.fr/toutes-les-expressions/page-34","de mauvais aloi","sans mérite ; de qualité basse ; peu important ; de mauvaise qualité ; douteux","adj"
"1789836493-1696","https://www.expressio.fr/toutes-les-expressions","https://www.expressio.fr/toutes-les-expressions/page-34","crever l'abcès","prendre le mal à la racine ; vider l'abcès ; détruire la cause de quelque chose et l'empêcher de se reproduire ; révéler un secret au grand jour ; prendre des mesures draconiennes","v"
"1789836493-1697","https://www.expressio.fr/toutes-les-expressions","https://www.expressio.fr/toutes-les-expressions/page-34","coûter les yeux de la tête","coûter la peau des couilles ; coûter la peau du cul ; coûter très cher ; coûter un bras","v"
"1789836493-1698","https://www.expressio.fr/toutes-les-expressions","https://www.expressio.fr/toutes-les-expressions/page-34","courir la gueuse","passer son temps à draguer ; rechercher les aventures amoureuses ; fréquenter les prostituées ; chercher les aventures galantes auprès de femmes plus ou moins faciles","v"
"1789836493-1699","https://www.expressio.fr/toutes-les-expressions","https://www.expressio.fr/toutes-les-expressions/page-34","comprendre sa douleur","souffrir ; réaliser l'étendue de son échec ; avaler des poires d’angoisse ; en voir des vertes et des pas mûres ; en baver des ronds de chapeau","v"
"1789836493-1700","https://www.expressio.fr/toutes-les-expressions","https://www.expressio.fr/toutes-les-expressions/page-34","changer de disque","parler d'un autre sujet ; parler d'autre chose ; changer de sujet de conversation ; changer de comportement","v"
"1789836500-1701","https://www.expressio.fr/toutes-les-expressions","https://www.expressio.fr/toutes-les-expressions/page-35","la messe est dite","le point de non-retour a été dépassé ; la situation est inchangeable ; les jeux sont faits ; il n'y a plus rien à faire ; la situation est définitive","exp"
"1789836500-1702","https://www.expressio.fr/toutes-les-expressions","https://www.expressio.fr/toutes-les-expressions/page-35","la coupe est pleine","ça suffit ; c'en est trop","exp"
"1789836500-1703","https://www.expressio.fr/toutes-les-expressions","https://www.expressio.fr/toutes-les-expressions/page-35","la chair est faible","l'homme n'a pas une grande détermination ; l'homme se soumet facilement à la tentation","v"
"1789836500-1704","https://www.expressio.fr/toutes-les-expressions","https://www.expressio.fr/toutes-les-expressions/page-35","jouer les Roméo","jouer les amoureux transis ; être séducteur","v"
"1789836500-1705","https://www.expressio.fr/toutes-les-expressions","https://www.expressio.fr/toutes-les-expressions/page-35","jouer du pipeau","raconter des bobards ; raconter des craques ; dire des mensonges ; embellir la vérité","v"
"1789836500-1706","https://www.expressio.fr/toutes-les-expressions","https://www.expressio.fr/toutes-les-expressions/page-35","jeter aux lions","critiquer vivement ; mettre dans une position difficile","v"
"1789836500-1707","https://www.expressio.fr/toutes-les-expressions","https://www.expressio.fr/toutes-les-expressions/page-35","haut comme trois pommes","tout petit ; minuscule ; pas grand ; très jeune","adj"
"1789836500-1708","https://www.expressio.fr/toutes-les-expressions","https://www.expressio.fr/toutes-les-expressions/page-35","grosse légume","big boss ; huile ; cador ; caïd ; personnage important ; membre de la nomenklatura ; personne ayant un pouvoir social supérieur","n"
"1789836500-1709","https://www.expressio.fr/toutes-les-expressions","https://www.expressio.fr/toutes-les-expressions/page-35","gros plein de soupe","personne grosse et empotée ; personne de forte corpulence","n"
"1789836500-1710","https://www.expressio.fr/toutes-les-expressions","https://www.expressio.fr/toutes-les-expressions/page-35","gens huppés","gens de haut rang ; gens haut placés et riches","n"
"1789836500-1711","https://www.expressio.fr/toutes-les-expressions","https://www.expressio.fr/toutes-les-expressions/page-35","gai comme un pinson","une personne extrêmement joyeuse ; plein de vivacité ; de bonne humeur ; joyeux","adj"
"1789836500-1712","https://www.expressio.fr/toutes-les-expressions","https://www.expressio.fr/toutes-les-expressions/page-35","frais comme un gardon","en pleine santé ; porte comme un charme ; en pleine forme ; dans un état de réelle fraîcheur apparente","adj"
"1789836500-1713","https://www.expressio.fr/toutes-les-expressions","https://www.expressio.fr/toutes-les-expressions/page-35","fier comme un coq","prétentieux ; imbu de soi-même ; qui est sottement imbu de sa personne ; ayant une attitude fière, orgueilleuse et vaniteuse","adj"
"1789836500-1714","https://www.expressio.fr/toutes-les-expressions","https://www.expressio.fr/toutes-les-expressions/page-35","faire tourner en bourrique","faire enrager ; faire tourner chèvre ; rendre chèvre ; mettre à bout ; porter sur les nerfs ; pousser à bout ; taper sur les nerfs ; taper sur le système ; exaspérer quelqu'un par des taquineries ; faire devenir chèvre ; mener en bateau ; troller ; abêtir ; énerver au plus haut point ; faire perdre patience ; exaspérer","v"
"1789836500-1715","https://www.expressio.fr/toutes-les-expressions","https://www.expressio.fr/toutes-les-expressions/page-35","faire tapisserie","être là pour décorer ; ne pas être appelé à participer ; assister à une réunion sans y prendre part ; ne pas être invité à danser ; rester inactif ; attendre ; être là pour faire joli ; être inutile","v"
"1789836500-1716","https://www.expressio.fr/toutes-les-expressions","https://www.expressio.fr/toutes-les-expressions/page-35","faire recette","promettre un bon revenu financier de sa vente ou de sa prestation ; assurer un succès ; avoir du succès et rapporter beaucoup d'argent ; faire répéter ; rapporter des bénéfices ; être rentable","v"
"1789836500-1717","https://www.expressio.fr/toutes-les-expressions","https://www.expressio.fr/toutes-les-expressions/page-35","faire le zouave","faire le fou ; faire l'intéressant ; faire des choses inhabituelles pour se donner en spectacle","v"
"1789836500-1718","https://www.expressio.fr/toutes-les-expressions","https://www.expressio.fr/toutes-les-expressions/page-35","faire le trottoir","se prostituer ; racoler des passants dans un but de prostitution ; battre son quart ; battre l'antiffe ; battre l'antiffle ; faire commerce de son corps ; faire le plus vieux métier du monde ; faire le tapin ; tapiner ; vendre son corps","v"
"1789836500-1719","https://www.expressio.fr/toutes-les-expressions","https://www.expressio.fr/toutes-les-expressions/page-35","faire la nique","se moquer de ; narguer","v"
"1789836500-1720","https://www.expressio.fr/toutes-les-expressions","https://www.expressio.fr/toutes-les-expressions/page-35","faire la moue","grimacer pour afficher son mécontentement ; bouder ; manifester par une expression fermée du visage sa mauvaise humeur ; grimacer ; montrer ostensiblement son désappointement","v"
"1789836500-1721","https://www.expressio.fr/toutes-les-expressions","https://www.expressio.fr/toutes-les-expressions/page-35","faire la chaîne","s'espacer et se faire passer des objets de l'un à l'autre pour le déplacer ; se mettre en file ; se placer à la suite les uns des autres ; passer des objets de mains en mains pour les faire parvenir à destination ; passer des seaux d'eau pour aider à éteindre un incendie","v"
"1789836500-1722","https://www.expressio.fr/toutes-les-expressions","https://www.expressio.fr/toutes-les-expressions/page-35","faire grise mine","battre froid ; faire le chat-brun ; avoir des soucis ; montrer qu'on est contrarié par quelque chose ; accueillir quelqu'un froidement","v"
"1789836500-1723","https://www.expressio.fr/toutes-les-expressions","https://www.expressio.fr/toutes-les-expressions/page-35","faire du foin","faire un scandale ; crier ; protester ; faire du tapage ; causer du scandale","v"
"1789836500-1724","https://www.expressio.fr/toutes-les-expressions","https://www.expressio.fr/toutes-les-expressions/page-35","faire des frais","engager des efforts pour parvenir à son objectif ; déployer des efforts d'amabilité, de charme, de politesse ; acheter des choses qui coûtent cher ; faire des dépenses inhabituelles","v"
"1789836500-1725","https://www.expressio.fr/toutes-les-expressions","https://www.expressio.fr/toutes-les-expressions/page-35","faire des étincelles","briller par ses exploits ; avoir de brillants résultats ; être particulièrement brillant ; faire du scandale ; faire une colère","v"
"1789836500-1726","https://www.expressio.fr/toutes-les-expressions","https://www.expressio.fr/toutes-les-expressions/page-35","faire dans son froc","ressentir une frayeur extrême ; avoir très peur ; faire dans son pantalon ; péter de trouille ; les avoir à zéro ; avoir les jetons ; avoir une grande frayeur ; paniquer","v"
"1789836500-1727","https://www.expressio.fr/toutes-les-expressions","https://www.expressio.fr/toutes-les-expressions/page-35","faire bouillir la marmite","assurer la subsistance ; assurer l'entretien d'un ménage ; apporter l'argent nécessaire pour faire vivre la famille ; rapporter les revenus principaux du foyer","v"
"1789836500-1728","https://www.expressio.fr/toutes-les-expressions","https://www.expressio.fr/toutes-les-expressions/page-35","être dans les nuages","avoir la tête dans les nuages ; être distrait ; être dans la lune ; rêvasser ; être rêveur ; perdre le sens des réalités","v"
"1789836500-1729","https://www.expressio.fr/toutes-les-expressions","https://www.expressio.fr/toutes-les-expressions/page-35","être dans le rouge","être en négatif ; être à découvert ; avoir un solde débiteur à la banque ; être endetté","v"
"1789836500-1730","https://www.expressio.fr/toutes-les-expressions","https://www.expressio.fr/toutes-les-expressions/page-35","être dans la mouise","dans une très mauvaise situation ; dans une position dangereuse ; dans une mauvaise posture ; dans le pétrin ; dans la panade ; dans la mouise ; dans de sales draps ; en danger ; mal barré","v"
"1789836500-1731","https://www.expressio.fr/toutes-les-expressions","https://www.expressio.fr/toutes-les-expressions/page-35","être à sec","dans la misère ; en faillite ; fauché ; à sec ; sans le sou","v"
"1789836500-1732","https://www.expressio.fr/toutes-les-expressions","https://www.expressio.fr/toutes-les-expressions/page-35","envoyer sur les roses","se débarrasser de façon brusque d'une personne gênante ; envoyer promener ; se débarrasser de façon expéditive et cavalière d'une personne gênante","v"
"1789836500-1733","https://www.expressio.fr/toutes-les-expressions","https://www.expressio.fr/toutes-les-expressions/page-35","en voir de toutes les couleurs","subir ; endurer diverses épreuves ; subir des épreuves ; subir des désagréments de toutes sortes","v"
"1789836500-1734","https://www.expressio.fr/toutes-les-expressions","https://www.expressio.fr/toutes-les-expressions/page-35","en tapinois","en douce ; en cachette ; sans bruit ; de façon discrète ; dissimulée en cachette ; sans se faire remarquer ; furtivement ; secrètement ; sournoisement ; incognito ; clandestinement ; par des voies sourdes et détournées","adv"
"1789836500-1735","https://www.expressio.fr/toutes-les-expressions","https://www.expressio.fr/toutes-les-expressions/page-35","en avoir ras le bol","être lassé ; être dégoûté","v"
"1789836500-1736","https://www.expressio.fr/toutes-les-expressions","https://www.expressio.fr/toutes-les-expressions/page-35","en avoir plein le dos","en avoir ras le bol ; en avoir plein le casque ; être excédé à cause d'une personne ou d'une chose","v"
"1789836500-1737","https://www.expressio.fr/toutes-les-expressions","https://www.expressio.fr/toutes-les-expressions/page-35","dormir comme un loir","dormir à poings fermés ; dormir profondément ; dormir très longtemps et profondément ; dormir comme un bébé ; dormir longtemps et profondément","v"
"1789836500-1738","https://www.expressio.fr/toutes-les-expressions","https://www.expressio.fr/toutes-les-expressions/page-35","dormir à poings fermés","dormir profondément ; profiter d'un sommeil véritablement réparateur ; dormir très profondément ; dormir d'un sommeil profond ; dormir comme un bébé","v"
"1789836500-1739","https://www.expressio.fr/toutes-les-expressions","https://www.expressio.fr/toutes-les-expressions/page-35","donner du mou","relâcher la tension ; donner plus de longueur de corde ; donner de ficelle ; donner plus de liberté d'action","v"
"1789836500-1740","https://www.expressio.fr/toutes-les-expressions","https://www.expressio.fr/toutes-les-expressions/page-35","dévorer des yeux","regarder avec avidité ; lancer des regards remplis de désir ; regarder avec un intérêt intense ; tenir les yeux fixement attachés sur ; jeter des regards avides sur ; manger des yeux","v"
"1789836500-1741","https://www.expressio.fr/toutes-les-expressions","https://www.expressio.fr/toutes-les-expressions/page-35","devenir chèvre","se mettre en colère ; perdre patience ; devenir fou d'inquiétude","v"
"1789836500-1742","https://www.expressio.fr/toutes-les-expressions","https://www.expressio.fr/toutes-les-expressions/page-35","descendre en flammes","critiquer violemment ; calomnier quelqu'un ; faire de sévères critiques à quelqu'un ; abattre un avion ; tancer ; ramener brutalement quelqu'un à sa condition","v"
"1789836500-1743","https://www.expressio.fr/toutes-les-expressions","https://www.expressio.fr/toutes-les-expressions/page-35","depuis que le monde est monde","très ancien ; très vieux ; vieux comme mes robes ; vieux comme le monde ; depuis la naissance du monde ; de tout temps ; depuis toujours","adv"
"1789836500-1744","https://www.expressio.fr/toutes-les-expressions","https://www.expressio.fr/toutes-les-expressions/page-35","débarrasser le plancher","quitter un lieu après avoir été chassé ; partir ; partir sans attendre ; vider les lieux ; partir contraint et forcé","v"
"1789836500-1745","https://www.expressio.fr/toutes-les-expressions","https://www.expressio.fr/toutes-les-expressions/page-35","de mauvais aloi","sans mérite ; de qualité basse ; peu important ; de mauvaise qualité ; douteux","adj"
"1789836500-1746","https://www.expressio.fr/toutes-les-expressions","https://www.expressio.fr/toutes-les-expressions/page-35","crever l'abcès","prendre le mal à la racine ; vider l'abcès ; détruire la cause de quelque chose et l'empêcher de se reproduire ; révéler un secret au grand jour ; prendre des mesures draconiennes","v"
"1789836500-1747","https://www.expressio.fr/toutes-les-expressions","https://www.expressio.fr/toutes-les-expressions/page-35","coûter les yeux de la tête","coûter la peau des couilles ; coûter la peau du cul ; coûter très cher ; coûter un bras","v"
"1789836500-1748","https://www.expressio.fr/toutes-les-expressions","https://www.expressio.fr/toutes-les-expressions/page-35","courir la gueuse","passer son temps à draguer ; rechercher les aventures amoureuses ; fréquenter les prostituées ; chercher les aventures galantes auprès de femmes plus ou moins faciles","v"
"1789836500-1749","https://www.expressio.fr/toutes-les-expressions","https://www.expressio.fr/toutes-les-expressions/page-35","comprendre sa douleur","souffrir ; réaliser l'étendue de son échec ; avaler des poires d’angoisse ; en voir des vertes et des pas mûres ; en baver des ronds de chapeau","v"
"1789836500-1750","https://www.expressio.fr/toutes-les-expressions","https://www.expressio.fr/toutes-les-expressions/page-35","changer de disque","parler d'un autre sujet ; parler d'autre chose ; changer de sujet de conversation ; changer de comportement","v"
"1789836506-1751","https://www.expressio.fr/toutes-les-expressions","https://www.expressio.fr/toutes-les-expressions/page-36","la messe est dite","le point de non-retour a été dépassé ; la situation est inchangeable ; les jeux sont faits ; il n'y a plus rien à faire ; la situation est définitive","exp"
"1789836506-1752","https://www.expressio.fr/toutes-les-expressions","https://www.expressio.fr/toutes-les-expressions/page-36","la coupe est pleine","ça suffit ; c'en est trop","exp"
"1789836506-1753","https://www.expressio.fr/toutes-les-expressions","https://www.expressio.fr/toutes-les-expressions/page-36","la chair est faible","l'homme n'a pas une grande détermination ; l'homme se soumet facilement à la tentation","v"
"1789836506-1754","https://www.expressio.fr/toutes-les-expressions","https://www.expressio.fr/toutes-les-expressions/page-36","jouer les Roméo","jouer les amoureux transis ; être séducteur","v"
"1789836506-1755","https://www.expressio.fr/toutes-les-expressions","https://www.expressio.fr/toutes-les-expressions/page-36","jouer du pipeau","raconter des bobards ; raconter des craques ; dire des mensonges ; embellir la vérité","v"
"1789836506-1756","https://www.expressio.fr/toutes-les-expressions","https://www.expressio.fr/toutes-les-expressions/page-36","jeter aux lions","critiquer vivement ; mettre dans une position difficile","v"
"1789836506-1757","https://www.expressio.fr/toutes-les-expressions","https://www.expressio.fr/toutes-les-expressions/page-36","haut comme trois pommes","tout petit ; minuscule ; pas grand ; très jeune","adj"
"1789836506-1758","https://www.expressio.fr/toutes-les-expressions","https://www.expressio.fr/toutes-les-expressions/page-36","grosse légume","big boss ; huile ; cador ; caïd ; personnage important ; membre de la nomenklatura ; personne ayant un pouvoir social supérieur","n"
"1789836506-1759","https://www.expressio.fr/toutes-les-expressions","https://www.expressio.fr/toutes-les-expressions/page-36","gros plein de soupe","personne grosse et empotée ; personne de forte corpulence","n"
"1789836506-1760","https://www.expressio.fr/toutes-les-expressions","https://www.expressio.fr/toutes-les-expressions/page-36","gens huppés","gens de haut rang ; gens haut placés et riches","n"
"1789836506-1761","https://www.expressio.fr/toutes-les-expressions","https://www.expressio.fr/toutes-les-expressions/page-36","gai comme un pinson","une personne extrêmement joyeuse ; plein de vivacité ; de bonne humeur ; joyeux","adj"
"1789836506-1762","https://www.expressio.fr/toutes-les-expressions","https://www.expressio.fr/toutes-les-expressions/page-36","frais comme un gardon","en pleine santé ; porte comme un charme ; en pleine forme ; dans un état de réelle fraîcheur apparente","adj"
"1789836506-1763","https://www.expressio.fr/toutes-les-expressions","https://www.expressio.fr/toutes-les-expressions/page-36","fier comme un coq","prétentieux ; imbu de soi-même ; qui est sottement imbu de sa personne ; ayant une attitude fière, orgueilleuse et vaniteuse","adj"
"1789836506-1764","https://www.expressio.fr/toutes-les-expressions","https://www.expressio.fr/toutes-les-expressions/page-36","faire tourner en bourrique","faire enrager ; faire tourner chèvre ; rendre chèvre ; mettre à bout ; porter sur les nerfs ; pousser à bout ; taper sur les nerfs ; taper sur le système ; exaspérer quelqu'un par des taquineries ; faire devenir chèvre ; mener en bateau ; troller ; abêtir ; énerver au plus haut point ; faire perdre patience ; exaspérer","v"
"1789836506-1765","https://www.expressio.fr/toutes-les-expressions","https://www.expressio.fr/toutes-les-expressions/page-36","faire tapisserie","être là pour décorer ; ne pas être appelé à participer ; assister à une réunion sans y prendre part ; ne pas être invité à danser ; rester inactif ; attendre ; être là pour faire joli ; être inutile","v"
"1789836506-1766","https://www.expressio.fr/toutes-les-expressions","https://www.expressio.fr/toutes-les-expressions/page-36","changer de disque","parler d'un autre sujet ; parler d'autre chose ; changer de sujet de conversation ; changer de comportement","v"
"1789836506-1767","https://www.expressio.fr/toutes-les-expressions","https://www.expressio.fr/toutes-les-expressions/page-36","comprendre sa douleur","souffrir ; réaliser l'étendue de son échec ; avaler des poires d’angoisse ; en voir des vertes et des pas mûres ; en baver des ronds de chapeau","v"
"1789836506-1768","https://www.expressio.fr/toutes-les-expressions","https://www.expressio.fr/toutes-les-expressions/page-36","courir la gueuse","passer son temps à draguer ; rechercher les aventures amoureuses ; fréquenter les prostituées ; chercher les aventures galantes auprès de femmes plus ou moins faciles","v"
"1789836506-1769","https://www.expressio.fr/toutes-les-expressions","https://www.expressio.fr/toutes-les-expressions/page-36","coûter les yeux de la tête","coûter la peau des couilles ; coûter la peau du cul ; coûter très cher ; coûter un bras","v"
"1789836506-1770","https://www.expressio.fr/toutes-les-expressions","https://www.expressio.fr/toutes-les-expressions/page-36","crever l'abcès","prendre le mal à la racine ; vider l'abcès ; détruire la cause de quelque chose et l'empêcher de se reproduire ; révéler un secret au grand jour ; prendre des mesures draconiennes","v"
"1789836506-1771","https://www.expressio.fr/toutes-les-expressions","https://www.expressio.fr/toutes-les-expressions/page-36","de mauvais aloi","sans mérite ; de qualité basse ; peu important ; de mauvaise qualité ; douteux","adj"
"1789836506-1772","https://www.expressio.fr/toutes-les-expressions","https://www.expressio.fr/toutes-les-expressions/page-36","débarrasser le plancher","quitter un lieu après avoir été chassé ; partir ; partir sans attendre ; vider les lieux ; partir contraint et forcé","v"
"1789836506-1773","https://www.expressio.fr/toutes-les-expressions","https://www.expressio.fr/toutes-les-expressions/page-36","depuis que le monde est monde","très ancien ; très vieux ; vieux comme mes robes ; vieux comme le monde ; depuis la naissance du monde ; de tout temps ; depuis toujours","adv"
"1789836506-1774","https://www.expressio.fr/toutes-les-expressions","https://www.expressio.fr/toutes-les-expressions/page-36","descendre en flammes","critiquer violemment ; calomnier quelqu'un ; faire de sévères critiques à quelqu'un ; abattre un avion ; tancer ; ramener brutalement quelqu'un à sa condition","v"
"1789836506-1775","https://www.expressio.fr/toutes-les-expressions","https://www.expressio.fr/toutes-les-expressions/page-36","devenir chèvre","se mettre en colère ; perdre patience ; devenir fou d'inquiétude","v"
"1789836506-1776","https://www.expressio.fr/toutes-les-expressions","https://www.expressio.fr/toutes-les-expressions/page-36","dévorer des yeux","regarder avec avidité ; lancer des regards remplis de désir ; regarder avec un intérêt intense ; tenir les yeux fixement attachés sur ; jeter des regards avides sur ; manger des yeux","v"
"1789836506-1777","https://www.expressio.fr/toutes-les-expressions","https://www.expressio.fr/toutes-les-expressions/page-36","donner du mou","relâcher la tension ; donner plus de longueur de corde ; donner de ficelle ; donner plus de liberté d'action","v"
"1789836506-1778","https://www.expressio.fr/toutes-les-expressions","https://www.expressio.fr/toutes-les-expressions/page-36","dormir à poings fermés","dormir profondément ; profiter d'un sommeil véritablement réparateur ; dormir très profondément ; dormir d'un sommeil profond ; dormir comme un bébé","v"
"1789836506-1779","https://www.expressio.fr/toutes-les-expressions","https://www.expressio.fr/toutes-les-expressions/page-36","dormir comme un loir","dormir à poings fermés ; dormir profondément ; dormir très longtemps et profondément ; dormir comme un bébé ; dormir longtemps et profondément","v"
"1789836506-1780","https://www.expressio.fr/toutes-les-expressions","https://www.expressio.fr/toutes-les-expressions/page-36","en avoir plein le dos","en avoir ras le bol ; en avoir plein le casque ; être excédé à cause d'une personne ou d'une chose","v"
"1789836506-1781","https://www.expressio.fr/toutes-les-expressions","https://www.expressio.fr/toutes-les-expressions/page-36","en avoir ras le bol","être lassé ; être dégoûté","v"
"1789836506-1782","https://www.expressio.fr/toutes-les-expressions","https://www.expressio.fr/toutes-les-expressions/page-36","en tapinois","en douce ; en cachette ; sans bruit ; de façon discrète ; dissimulée en cachette ; sans se faire remarquer ; furtivement ; secrètement ; sournoisement ; incognito ; clandestinement ; par des voies sourdes et détournées","adv"
"1789836506-1783","https://www.expressio.fr/toutes-les-expressions","https://www.expressio.fr/toutes-les-expressions/page-36","en voir de toutes les couleurs","subir ; endurer diverses épreuves ; subir des épreuves ; subir des désagréments de toutes sortes","v"
"1789836506-1784","https://www.expressio.fr/toutes-les-expressions","https://www.expressio.fr/toutes-les-expressions/page-36","envoyer sur les roses","se débarrasser de façon brusque d'une personne gênante ; envoyer promener ; se débarrasser de façon expéditive et cavalière d'une personne gênante","v"
"1789836506-1785","https://www.expressio.fr/toutes-les-expressions","https://www.expressio.fr/toutes-les-expressions/page-36","être à sec","dans la misère ; en faillite ; fauché ; à sec ; sans le sou","v"
"1789836506-1786","https://www.expressio.fr/toutes-les-expressions","https://www.expressio.fr/toutes-les-expressions/page-36","être dans la mouise","dans une très mauvaise situation ; dans une position dangereuse ; dans une mauvaise posture ; dans le pétrin ; dans la panade ; dans la mouise ; dans de sales draps ; en danger ; mal barré","v"
"1789836506-1787","https://www.expressio.fr/toutes-les-expressions","https://www.expressio.fr/toutes-les-expressions/page-36","être dans le rouge","être en négatif ; être à découvert ; avoir un solde débiteur à la banque ; être endetté","v"
"1789836506-1788","https://www.expressio.fr/toutes-les-expressions","https://www.expressio.fr/toutes-les-expressions/page-36","être dans les nuages","avoir la tête dans les nuages ; être distrait ; être dans la lune ; rêvasser ; être rêveur ; perdre le sens des réalités","v"
"1789836506-1789","https://www.expressio.fr/toutes-les-expressions","https://www.expressio.fr/toutes-les-expressions/page-36","faire bouillir la marmite","assurer la subsistance ; assurer l'entretien d'un ménage ; apporter l'argent nécessaire pour faire vivre la famille ; rapporter les revenus principaux du foyer","v"
"1789836506-1790","https://www.expressio.fr/toutes-les-expressions","https://www.expressio.fr/toutes-les-expressions/page-36","faire dans son froc","ressentir une frayeur extrême ; avoir très peur ; faire dans son pantalon ; péter de trouille ; les avoir à zéro ; avoir les jetons ; avoir une grande frayeur ; paniquer","v"
"1789836506-1791","https://www.expressio.fr/toutes-les-expressions","https://www.expressio.fr/toutes-les-expressions/page-36","faire des étincelles","briller par ses exploits ; avoir de brillants résultats ; être particulièrement brillant ; faire du scandale ; faire une colère","v"
"1789836506-1792","https://www.expressio.fr/toutes-les-expressions","https://www.expressio.fr/toutes-les-expressions/page-36","faire des frais","engager des efforts pour parvenir à son objectif ; déployer des efforts d'amabilité, de charme, de politesse ; acheter des choses qui coûtent cher ; faire des dépenses inhabituelles","v"
"1789836506-1793","https://www.expressio.fr/toutes-les-expressions","https://www.expressio.fr/toutes-les-expressions/page-36","faire du foin","faire un scandale ; crier ; protester ; faire du tapage ; causer du scandale","v"
"1789836506-1794","https://www.expressio.fr/toutes-les-expressions","https://www.expressio.fr/toutes-les-expressions/page-36","faire grise mine","battre froid ; faire le chat-brun ; avoir des soucis ; montrer qu'on est contrarié par quelque chose ; accueillir quelqu'un froidement","v"
"1789836506-1795","https://www.expressio.fr/toutes-les-expressions","https://www.expressio.fr/toutes-les-expressions/page-36","faire la chaîne","s'espacer et se faire passer des objets de l'un à l'autre pour le déplacer ; se mettre en file ; se placer à la suite les uns des autres ; passer des objets de mains en mains pour les faire parvenir à destination ; passer des seaux d'eau pour aider à éteindre un incendie","v"
"1789836506-1796","https://www.expressio.fr/toutes-les-expressions","https://www.expressio.fr/toutes-les-expressions/page-36","faire la moue","grimacer pour afficher son mécontentement ; bouder ; manifester par une expression fermée du visage sa mauvaise humeur ; grimacer ; montrer ostensiblement son désappointement","v"
"1789836506-1797","https://www.expressio.fr/toutes-les-expressions","https://www.expressio.fr/toutes-les-expressions/page-36","faire la nique","se moquer de ; narguer","v"
"1789836506-1798","https://www.expressio.fr/toutes-les-expressions","https://www.expressio.fr/toutes-les-expressions/page-36","faire le trottoir","se prostituer ; racoler des passants dans un but de prostitution ; battre son quart ; battre l'antiffe ; battre l'antiffle ; faire commerce de son corps ; faire le plus vieux métier du monde ; faire le tapin ; tapiner ; vendre son corps","v"
"1789836506-1799","https://www.expressio.fr/toutes-les-expressions","https://www.expressio.fr/toutes-les-expressions/page-36","faire le zouave","faire le fou ; faire l'intéressant ; faire des choses inhabituelles pour se donner en spectacle","v"
"1789836506-1800","https://www.expressio.fr/toutes-les-expressions","https://www.expressio.fr/toutes-les-expressions/page-36","faire recette","promettre un bon revenu financier de sa vente ou de sa prestation ; assurer un succès ; avoir du succès et rapporter beaucoup d'argent ; faire répéter ; rapporter des bénéfices ; être rentable","v"
"1789836513-1801","https://www.expressio.fr/toutes-les-expressions","https://www.expressio.fr/toutes-les-expressions/page-37","faire recette","promettre un bon revenu financier de sa vente ou de sa prestation ; assurer un succès ; avoir du succès et rapporter beaucoup d'argent ; faire répéter ; rapporter des bénéfices ; être rentable","v"
"1789836513-1802","https://www.expressio.fr/toutes-les-expressions","https://www.expressio.fr/toutes-les-expressions/page-37","faire tapisserie","être là pour décorer ; ne pas être appelé à participer ; assister à une réunion sans y prendre part ; ne pas être invité à danser ; rester inactif ; attendre ; être là pour faire joli ; être inutile","v"
"1789836513-1803","https://www.expressio.fr/toutes-les-expressions","https://www.expressio.fr/toutes-les-expressions/page-37","faire tourner en bourrique","faire enrager ; faire tourner chèvre ; rendre chèvre ; mettre à bout ; porter sur les nerfs ; pousser à bout ; taper sur les nerfs ; taper sur le système ; exaspérer quelqu'un par des taquineries ; faire devenir chèvre ; mener en bateau ; troller ; abêtir ; énerver au plus haut point ; faire perdre patience ; exaspérer","v"
"1789836513-1804","https://www.expressio.fr/toutes-les-expressions","https://www.expressio.fr/toutes-les-expressions/page-37","fier comme un coq","prétentieux ; imbu de soi-même ; qui est sottement imbu de sa personne ; ayant une attitude fière, orgueilleuse et vaniteuse","adj"
"1789836513-1805","https://www.expressio.fr/toutes-les-expressions","https://www.expressio.fr/toutes-les-expressions/page-37","frais comme un gardon","en pleine santé ; porte comme un charme ; en pleine forme ; dans un état de réelle fraîcheur apparente","adj"
"1789836513-1806","https://www.expressio.fr/toutes-les-expressions","https://www.expressio.fr/toutes-les-expressions/page-37","gai comme un pinson","une personne extrêmement joyeuse ; plein de vivacité ; de bonne humeur ; joyeux","adj"
"1789836513-1807","https://www.expressio.fr/toutes-les-expressions","https://www.expressio.fr/toutes-les-expressions/page-37","gens huppés","gens de haut rang ; gens haut placés et riches","n"
"1789836513-1808","https://www.expressio.fr/toutes-les-expressions","https://www.expressio.fr/toutes-les-expressions/page-37","gros plein de soupe","personne grosse et empotée ; personne de forte corpulence","n"
"1789836513-1809","https://www.expressio.fr/toutes-les-expressions","https://www.expressio.fr/toutes-les-expressions/page-37","grosse légume","big boss ; huile ; cador ; caïd ; personnage important ; membre de la nomenklatura ; personne ayant un pouvoir social supérieur","n"
"1789836513-1810","https://www.expressio.fr/toutes-les-expressions","https://www.expressio.fr/toutes-les-expressions/page-37","haut comme trois pommes","tout petit ; minuscule ; pas grand ; très jeune","adj"
"1789836513-1811","https://www.expressio.fr/toutes-les-expressions","https://www.expressio.fr/toutes-les-expressions/page-37","jeter aux lions","critiquer vivement ; mettre dans une position difficile","v"
"1789836513-1812","https://www.expressio.fr/toutes-les-expressions","https://www.expressio.fr/toutes-les-expressions/page-37","jouer du pipeau","raconter des bobards ; raconter des craques ; dire des mensonges ; embellir la vérité","v"
"1789836513-1813","https://www.expressio.fr/toutes-les-expressions","https://www.expressio.fr/toutes-les-expressions/page-37","jouer les Roméo","jouer les amoureux transis ; être séducteur","v"
"1789836513-1814","https://www.expressio.fr/toutes-les-expressions","https://www.expressio.fr/toutes-les-expressions/page-37","la chair est faible","l'homme n'a pas une grande détermination ; l'homme se soumet facilement à la tentation","v"
"1789836513-1815","https://www.expressio.fr/toutes-les-expressions","https://www.expressio.fr/toutes-les-expressions/page-37","la coupe est pleine","ça suffit ; c'en est trop","exp"
"1789836513-1816","https://www.expressio.fr/toutes-les-expressions","https://www.expressio.fr/toutes-les-expressions/page-37","la messe est dite","le point de non-retour a été dépassé ; la situation est inchangeable ; les jeux sont faits ; il n'y a plus rien à faire ; la situation est définitive","exp"
"1789836513-1817","https://www.expressio.fr/toutes-les-expressions","https://www.expressio.fr/toutes-les-expressions/page-37","laisser des plumes","subir des pertes et des dégâts ; ne pas s'en sortir indemne ; perdre beaucoup d'argent ; ne pas se tirer d'une situation sans faire quelque perte ; et particulièrement une perte d'argent","v"
"1789836513-1818","https://www.expressio.fr/toutes-les-expressions","https://www.expressio.fr/toutes-les-expressions/page-37","les deux font la paire","ils sont inséparables ces deux là","exp"
"1789836513-1819","https://www.expressio.fr/toutes-les-expressions","https://www.expressio.fr/toutes-les-expressions/page-37","les grands esprits se rencontrent","la même idée a été pensée en même temps","exp"
"1789836513-1820","https://www.expressio.fr/toutes-les-expressions","https://www.expressio.fr/toutes-les-expressions/page-37","lever le coude","boire beaucoup d'alcool ; s'adonner à la beuverie","v"
"1789836513-1821","https://www.expressio.fr/toutes-les-expressions","https://www.expressio.fr/toutes-les-expressions/page-37","malin comme un singe","rusé comme un renard ; astucieux ; intelligent ; très malin","adj"
"1789836513-1822","https://www.expressio.fr/toutes-les-expressions","https://www.expressio.fr/toutes-les-expressions/page-37","manquer le coche","louper le coche ; laisser passer une occasion","v"
"1789836513-1823","https://www.expressio.fr/toutes-les-expressions","https://www.expressio.fr/toutes-les-expressions/page-37","mener à la baguette","diriger fermement ; conduire durement ; commander avec autorité","v"
"1789836513-1824","https://www.expressio.fr/toutes-les-expressions","https://www.expressio.fr/toutes-les-expressions/page-37","mener grand train","vivre dans le luxe ; faire beaucoup de dépense ; vivre avec faste","v"
"1789836513-1825","https://www.expressio.fr/toutes-les-expressions","https://www.expressio.fr/toutes-les-expressions/page-37","mettre au pied du mur","contraindre ; ne pas laisser de choix ; mettre dans l'impossibilité de s'en sortir ; forcer à prendre un parti ; ne laisser aucune issue possible","v"
"1789836513-1826","https://www.expressio.fr/toutes-les-expressions","https://www.expressio.fr/toutes-les-expressions/page-37","de la même farine","de la même trempe ; de la même espèce ; similaires","adj"
"1789836513-1827","https://www.expressio.fr/toutes-les-expressions","https://www.expressio.fr/toutes-les-expressions/page-37","de même calibre","similaire ; semblable ; de la même valeur","adj"
"1789836513-1828","https://www.expressio.fr/toutes-les-expressions","https://www.expressio.fr/toutes-les-expressions/page-37","de quatre sous","à la graisse de hérisson ; à la mords-moi le noeud ; au rabais ; bas de gamme ; de bouts de ficelle ; de peu de valeur ; sans prétention","adj"
"1789836513-1829","https://www.expressio.fr/toutes-les-expressions","https://www.expressio.fr/toutes-les-expressions/page-37","déblayer le terrain","préparer le terrain ; atténuer les difficultés avant d'aborder l'essentiel d'une question","v"
"1789836513-1830","https://www.expressio.fr/toutes-les-expressions","https://www.expressio.fr/toutes-les-expressions/page-37","comme un bolide","très rapidement","exp"
"1789836513-1831","https://www.expressio.fr/toutes-les-expressions","https://www.expressio.fr/toutes-les-expressions/page-37","sans délai","sans tarder ; rapidement ; promptement ; sans plus tarder ; sans plus attendre ; au plus tôt ; de toute urgence ; dans les meilleurs délais ; immédiatement ; aussitôt ; instantanément ; dès maintenant ; dès à présent ; sur le coup","adj"
"1789836513-1832","https://www.expressio.fr/toutes-les-expressions","https://www.expressio.fr/toutes-les-expressions/page-37","gosse de riche","fils à papa ; fils à maman ; jeune ou adulte gâté, qui ne travaille pas et a tout ce qu'il veut","n"
"1789836513-1833","https://www.expressio.fr/toutes-les-expressions","https://www.expressio.fr/toutes-les-expressions/page-37","gouffre financier","cause d'une très grande perte d'argent","n"
"1789836513-1834","https://www.expressio.fr/toutes-les-expressions","https://www.expressio.fr/toutes-les-expressions/page-37","casser les couilles","exaspérer ; tourmenter quelqu'un avec insistance ; faire chier ; importuner quelqu'un","v"
"1789836513-1835","https://www.expressio.fr/toutes-les-expressions","https://www.expressio.fr/toutes-les-expressions/page-37","cartes sur table","ouvertement ; franchement ; avec franchise","n"
"1789836513-1836","https://www.expressio.fr/toutes-les-expressions","https://www.expressio.fr/toutes-les-expressions/page-37","casser la tête","casser les burnes ; casser les couilles ; casser les oreilles ; casser les pieds ; chauffer les oreilles ; foutre les boules ; peler le jonc ; pomper l'air ; prendre la tête ; tourmenter quelqu'un avec insistance ; casser le cul ; étourdir ; incommoder quelqu'un en faisant un grand bruit ; importuner quelqu'un de quelque chose","v"
"1789836513-1837","https://www.expressio.fr/toutes-les-expressions","https://www.expressio.fr/toutes-les-expressions/page-37","gens de lettres","écrivains ; personnes dédiées à la littérature et à la philosophie ; hommes de lettres ; femmes de lettres","n"
"1789836513-1838","https://www.expressio.fr/toutes-les-expressions","https://www.expressio.fr/toutes-les-expressions/page-37","comme un beau diable","de toutes ses forces ; avec toute son énergie","adv"
"1789836513-1839","https://www.expressio.fr/toutes-les-expressions","https://www.expressio.fr/toutes-les-expressions/page-37","entrer dans la fosse aux lions","faire face à un grand danger ; être confronté à un public impitoyable","v"
"1789836513-1840","https://www.expressio.fr/toutes-les-expressions","https://www.expressio.fr/toutes-les-expressions/page-37","en être de sa poche","couvrir des dépenses qui ne devraient pas l'être par soi ; dépenser pour autrui","v"
"1789836513-1841","https://www.expressio.fr/toutes-les-expressions","https://www.expressio.fr/toutes-les-expressions/page-37","en baver des ronds de chapeau","en baver ; être dans une situation très difficile","v"
"1789836513-1842","https://www.expressio.fr/toutes-les-expressions","https://www.expressio.fr/toutes-les-expressions/page-37","entre le zist et le zest","hésitant ; moyen ; indécis ; incertain ; ni bon ni mauvais","adj"
"1789836513-1843","https://www.expressio.fr/toutes-les-expressions","https://www.expressio.fr/toutes-les-expressions/page-37","lécher le cul","lécher les bottes ; flatter outrageusement ; flagorner ; flatter servilement ; s'humilier ; aduler","v"
"1789836513-1844","https://www.expressio.fr/toutes-les-expressions","https://www.expressio.fr/toutes-les-expressions/page-37","comme dans du beurre","très facilement ; sans résistance","exp"
"1789836513-1845","https://www.expressio.fr/toutes-les-expressions","https://www.expressio.fr/toutes-les-expressions/page-37","cas de figure","hypothèse ; scénario ; éventualité ; cas","n"
"1789836513-1846","https://www.expressio.fr/toutes-les-expressions","https://www.expressio.fr/toutes-les-expressions/page-37","garder ses distances","rester réservé ; rester éloigné ; ne pas trop s'approcher ; éviter de parler de choses intimes ou familières","v"
"1789836513-1847","https://www.expressio.fr/toutes-les-expressions","https://www.expressio.fr/toutes-les-expressions/page-37","sans désemparer","sans interruption ; sans discontinuer ; sans cesse ; sans répit ; sans arrêt","adv"
"1789836513-1848","https://www.expressio.fr/toutes-les-expressions","https://www.expressio.fr/toutes-les-expressions/page-37","les paroles s'envolent, les écrits restent","verba volant, scripta manent ; il faut se méfier de ce qu'on écrit, car cela ne peut pas être effacé","exp"
"1789836513-1849","https://www.expressio.fr/toutes-les-expressions","https://www.expressio.fr/toutes-les-expressions/page-37","les chiens aboient, la caravane passe","un individu confiant ne se laissera pas arrêter par les contestations","exp"
"1789836513-1850","https://www.expressio.fr/toutes-les-expressions","https://www.expressio.fr/toutes-les-expressions/page-37","du bout des lèvres","sans sincérité ; sans conviction ; sans enthousiasme ; timidement ; avec tiédeur","adv"
"1789836522-1851","https://www.expressio.fr/toutes-les-expressions","https://www.expressio.fr/toutes-les-expressions/page-38","gens de lettres","écrivains ; personnes dédiées à la littérature et à la philosophie ; hommes de lettres ; femmes de lettres","n"
"1789836522-1852","https://www.expressio.fr/toutes-les-expressions","https://www.expressio.fr/toutes-les-expressions/page-38","connaître le terrain","bien connaître tout ce qui concerne un sujet ; tout connaître des personnes avec qui l'on a à traiter","v"
"1789836522-1853","https://www.expressio.fr/toutes-les-expressions","https://www.expressio.fr/toutes-les-expressions/page-38","chair à canon","personne envoyée à la mort ; militaire faiblement gradé destiné à combattre en première ligne ; personne dont l'utilité première est d'aller se sacrifier sur le champ de bataille","exp"
"1789836522-1854","https://www.expressio.fr/toutes-les-expressions","https://www.expressio.fr/toutes-les-expressions/page-38","cas de figure","hypothèse ; scénario ; éventualité ; cas","n"
"1789836522-1855","https://www.expressio.fr/toutes-les-expressions","https://www.expressio.fr/toutes-les-expressions/page-38","changer de camp","abandonner un parti pour rejoindre le parti adverse","v"
"1789836522-1856","https://www.expressio.fr/toutes-les-expressions","https://www.expressio.fr/toutes-les-expressions/page-38","sans prix","inestimable ; inappréciable ; précieux ; d'une valeur inestimable","adj"
"1789836522-1857","https://www.expressio.fr/toutes-les-expressions","https://www.expressio.fr/toutes-les-expressions/page-38","gosse de riche","fils à papa ; fils à maman ; jeune ou adulte gâté, qui ne travaille pas et a tout ce qu'il veut","n"
"1789836522-1858","https://www.expressio.fr/toutes-les-expressions","https://www.expressio.fr/toutes-les-expressions/page-38","les paroles s'envolent, les écrits restent","verba volant, scripta manent ; il faut se méfier de ce qu'on écrit, car cela ne peut pas être effacé","exp"
"1789836522-1859","https://www.expressio.fr/toutes-les-expressions","https://www.expressio.fr/toutes-les-expressions/page-38","sans équivalent","sans égal ; sans pareil ; sans pareille ; sans précédent ; incomparable ; inégalé ; hors pair ; inégalable ; inédit ; unique ; hors du commun ; exceptionnel ; extraordinaire","adj"
"1789836522-1860","https://www.expressio.fr/toutes-les-expressions","https://www.expressio.fr/toutes-les-expressions/page-38","comme un beau diable","de toutes ses forces ; avec toute son énergie","adv"
"1789836522-1861","https://www.expressio.fr/toutes-les-expressions","https://www.expressio.fr/toutes-les-expressions/page-38","lever les yeux au ciel","montrer des signes d'agacement ; lever les yeux par dépit ; soupirer","exp"
"1789836522-1862","https://www.expressio.fr/toutes-les-expressions","https://www.expressio.fr/toutes-les-expressions/page-38","être cloué au lit","ne plus bouger de son lit pour guérir d'une pathologie","v"
"1789836522-1863","https://www.expressio.fr/toutes-les-expressions","https://www.expressio.fr/toutes-les-expressions/page-38","être à la dernière extrémité","être à l'agonie ; être proche de la mort","v"
"1789836522-1864","https://www.expressio.fr/toutes-les-expressions","https://www.expressio.fr/toutes-les-expressions/page-38","esprit frondeur","esprit rebelle ; personne qui aime la révolte ; rebelle","n"
"1789836522-1865","https://www.expressio.fr/toutes-les-expressions","https://www.expressio.fr/toutes-les-expressions/page-38","entrer dans la fosse aux lions","faire face à un grand danger ; être confronté à un public impitoyable","v"
"1789836522-1866","https://www.expressio.fr/toutes-les-expressions","https://www.expressio.fr/toutes-les-expressions/page-38","en être de sa poche","couvrir des dépenses qui ne devraient pas l'être par soi ; dépenser pour autrui","v"
"1789836522-1867","https://www.expressio.fr/toutes-les-expressions","https://www.expressio.fr/toutes-les-expressions/page-38","en baver des ronds de chapeau","en baver ; être dans une situation très difficile","v"
"1789836522-1868","https://www.expressio.fr/toutes-les-expressions","https://www.expressio.fr/toutes-les-expressions/page-38","entre le zist et le zest","hésitant ; moyen ; indécis ; incertain ; ni bon ni mauvais","adj"
"1789836522-1869","https://www.expressio.fr/toutes-les-expressions","https://www.expressio.fr/toutes-les-expressions/page-38","envoyer dinguer","éconduire sans ménagement ; envoyer balader ; envoyer promener","v"
"1789836522-1870","https://www.expressio.fr/toutes-les-expressions","https://www.expressio.fr/toutes-les-expressions/page-38","être à cheval sur les principes","prendre les règlements à la lettre ; être intransigeant sur les principes","v"
"1789836522-1871","https://www.expressio.fr/toutes-les-expressions","https://www.expressio.fr/toutes-les-expressions/page-38","être charrette","être très proche du délai imposé pour rendre un projet ; être en retard sur le rendu d'un devoir ; être débordé de travail","v"
"1789836522-1872","https://www.expressio.fr/toutes-les-expressions","https://www.expressio.fr/toutes-les-expressions/page-38","être dans le secret des dieux","connaître les secrets d'une affaire ; connaître un savoir important non connu de la majorité","v"
"1789836522-1873","https://www.expressio.fr/toutes-les-expressions","https://www.expressio.fr/toutes-les-expressions/page-38","les prix flambent","les prix s'envolent ; les prix augmentent radicalement","exp"
"1789836522-1874","https://www.expressio.fr/toutes-les-expressions","https://www.expressio.fr/toutes-les-expressions/page-38","couper le mal à la racine","faire radicalement disparaître le mal ; stopper quelque chose de néfaste à un stade précoce","v"
"1789836522-1875","https://www.expressio.fr/toutes-les-expressions","https://www.expressio.fr/toutes-les-expressions/page-38","loin des yeux, loin du coeur","il est difficile d'entretenir des relations à distance ; les liens s'étiolent avec la distance ; l'amitié et l'amour résistent difficilement à la distance","exp"
"1789836522-1876","https://www.expressio.fr/toutes-les-expressions","https://www.expressio.fr/toutes-les-expressions/page-38","sans pareil","incomparable ; sans équivalent ; unique ; inégalé ; inégalable ; sans précédent ; hors pair ; inédit ; hors du commun ; exceptionnel ; extraordinaire ; sans égal","adj"
"1789836522-1877","https://www.expressio.fr/toutes-les-expressions","https://www.expressio.fr/toutes-les-expressions/page-38","grand écart","écart des jambes sur un plan horizontal de façon à les positionner dans le prolongement l'une de l'autre ; figure de danse ; figure de gymnastique qui consiste à écarter les jambes au point que les cuisses touchent le sol ; différences importantes ; changement majeur","n"
"1789836522-1878","https://www.expressio.fr/toutes-les-expressions","https://www.expressio.fr/toutes-les-expressions/page-38","grain de folie","petit délire ; extravagance souvent passagère ; un peu d'irresponsabilité et de déraison","n"
"1789836522-1879","https://www.expressio.fr/toutes-les-expressions","https://www.expressio.fr/toutes-les-expressions/page-38","courir le monde","aller à l'aventure à travers le monde ; beaucoup voyager","v"
"1789836522-1880","https://www.expressio.fr/toutes-les-expressions","https://www.expressio.fr/toutes-les-expressions/page-38","cela va sans dire","inutile de dire ; c'est évident ; inutile de le dire","adv"
"1789836522-1881","https://www.expressio.fr/toutes-les-expressions","https://www.expressio.fr/toutes-les-expressions/page-38","cartes sur table","ouvertement ; franchement ; avec franchise","n"
"1789836522-1882","https://www.expressio.fr/toutes-les-expressions","https://www.expressio.fr/toutes-les-expressions/page-38","casser la tête","casser les burnes ; casser les couilles ; casser les oreilles ; casser les pieds ; chauffer les oreilles ; foutre les boules ; peler le jonc ; pomper l'air ; prendre la tête ; tourmenter quelqu'un avec insistance ; casser le cul ; étourdir ; incommoder quelqu'un en faisant un grand bruit ; importuner quelqu'un de quelque chose","v"
"1789836522-1883","https://www.expressio.fr/toutes-les-expressions","https://www.expressio.fr/toutes-les-expressions/page-38","ce qui est fait est fait","le mal est fait ; pas de sens de parler d'une faute qu'il est impossible de réparer ; ça ne sert à rien de regarder en arrière maintenant","exp"
"1789836522-1884","https://www.expressio.fr/toutes-les-expressions","https://www.expressio.fr/toutes-les-expressions/page-38","chair de poule","frousse ; trouille ; chocottes ; excroissance des pores ; frissonnements de froid ; frissonnements de peur","n"
"1789836522-1885","https://www.expressio.fr/toutes-les-expressions","https://www.expressio.fr/toutes-les-expressions/page-38","les places sont chères","c'est quelque chose de rare ; la concurrence est dure","exp"
"1789836522-1886","https://www.expressio.fr/toutes-les-expressions","https://www.expressio.fr/toutes-les-expressions/page-38","comme dans du beurre","très facilement ; sans résistance","exp"
"1789836522-1887","https://www.expressio.fr/toutes-les-expressions","https://www.expressio.fr/toutes-les-expressions/page-38","compter les moutons","essayer de dormir ; compter des moutons sautant une barrière pour mieux s'endormir ; s'imaginer des moutons qui sautent par dessus une clôture jusqu'à l'endormissement","v"
"1789836522-1888","https://www.expressio.fr/toutes-les-expressions","https://www.expressio.fr/toutes-les-expressions/page-38","garder ses distances","rester réservé ; rester éloigné ; ne pas trop s'approcher ; éviter de parler de choses intimes ou familières","v"
"1789836522-1889","https://www.expressio.fr/toutes-les-expressions","https://www.expressio.fr/toutes-les-expressions/page-38","goutte à goutte","peu à peu","adv"
"1789836522-1890","https://www.expressio.fr/toutes-les-expressions","https://www.expressio.fr/toutes-les-expressions/page-38","lune rousse","lune d'avril, réputée roussir et geler la végétation , la lunaison qui suit Pâques","exp"
"1789836522-1891","https://www.expressio.fr/toutes-les-expressions","https://www.expressio.fr/toutes-les-expressions/page-38","sans mot dire","en silence ; sans prononcer une parole ; sans dire un mot ; sans un mot ; sans dire un seul mot ; sans aucune nouvelle ; sans parler","adv"
"1789836522-1892","https://www.expressio.fr/toutes-les-expressions","https://www.expressio.fr/toutes-les-expressions/page-38","courber la tête","baisser la tête ; baisser son froc ; plier l'échine ; se soumettre avec résignation ; ne pas réagir","v"
"1789836522-1893","https://www.expressio.fr/toutes-les-expressions","https://www.expressio.fr/toutes-les-expressions/page-38","comme un poisson hors de l'eau","mal à aise ; pas dans son élément","adv"
"1789836522-1894","https://www.expressio.fr/toutes-les-expressions","https://www.expressio.fr/toutes-les-expressions/page-38","levée du corps","départ d'une personne décédée de son lieu de décès vers le cimetière","exp"
"1789836522-1895","https://www.expressio.fr/toutes-les-expressions","https://www.expressio.fr/toutes-les-expressions/page-38","en haut lieu","auprès des instances supérieures ; parmi les dirigeants ; au plus haut niveau ; au sommet","adv"
"1789836522-1896","https://www.expressio.fr/toutes-les-expressions","https://www.expressio.fr/toutes-les-expressions/page-38","en fin de compte","au bout du compte ; en définitive ; en dernière analyse ; à terme ; en dernier ressort ; in fine ; après tout ; à la fin ; enfin ; à la longue","adv"
"1789836522-1897","https://www.expressio.fr/toutes-les-expressions","https://www.expressio.fr/toutes-les-expressions/page-38","en désespoir de cause","en dernière ressource ; faute de mieux ; en l'absence d'autre possibilité ; en dernier recours","adv"
"1789836522-1898","https://www.expressio.fr/toutes-les-expressions","https://www.expressio.fr/toutes-les-expressions/page-38","en dents de scie","dentelé ; cranté ; irrégulièrement ; qui présente une alternance des hauts et des bas","adj"
"1789836522-1899","https://www.expressio.fr/toutes-les-expressions","https://www.expressio.fr/toutes-les-expressions/page-38","en connaissance de cause","en toute connaissance de cause ; en pleine connaissance de cause ; sciemment ; en parfaite connaissance de cause ; délibérément","adv"
"1789836522-1900","https://www.expressio.fr/toutes-les-expressions","https://www.expressio.fr/toutes-les-expressions/page-38","du bout des lèvres","sans sincérité ; sans conviction ; sans enthousiasme ; timidement ; avec tiédeur","adv"
"1789836529-1901","https://www.expressio.fr/toutes-les-expressions","https://www.expressio.fr/toutes-les-expressions/page-39","être de bon poil","être de bonne humeur ; être bien disposé","v"
"1789836529-1902","https://www.expressio.fr/toutes-les-expressions","https://www.expressio.fr/toutes-les-expressions/page-39","être du bois dont on fait les flûtes","être souple ; être accommodant","v"
"1789836529-1903","https://www.expressio.fr/toutes-les-expressions","https://www.expressio.fr/toutes-les-expressions/page-39","manque de pot","poisse ; déveine ; guigne ; manque de bol ; manque de chance ; mauvais sort ; mauvaise fortune ; mauvais oeil","n"
"1789836529-1904","https://www.expressio.fr/toutes-les-expressions","https://www.expressio.fr/toutes-les-expressions/page-39","mal embouché","qui s'exprime grossièrement ; qui a une attitude désagréable ; mal élevé ; malgracieux ; irrévérencieux ; qui a l'habitude de parler impertinemment ; qui dit des injures ou des paroles indécentes","adj"
"1789836529-1905","https://www.expressio.fr/toutes-les-expressions","https://www.expressio.fr/toutes-les-expressions/page-39","connaître le terrain","bien connaître tout ce qui concerne un sujet ; tout connaître des personnes avec qui l'on a à traiter","v"
"1789836529-1906","https://www.expressio.fr/toutes-les-expressions","https://www.expressio.fr/toutes-les-expressions/page-39","les paroles s'envolent, les écrits restent","verba volant, scripta manent ; il faut se méfier de ce qu'on écrit, car cela ne peut pas être effacé","exp"
"1789836529-1907","https://www.expressio.fr/toutes-les-expressions","https://www.expressio.fr/toutes-les-expressions/page-39","sans équivalent","sans égal ; sans pareil ; sans pareille ; sans précédent ; incomparable ; inégalé ; hors pair ; inégalable ; inédit ; unique ; hors du commun ; exceptionnel ; extraordinaire","adj"
"1789836529-1908","https://www.expressio.fr/toutes-les-expressions","https://www.expressio.fr/toutes-les-expressions/page-39","courir le monde","aller à l'aventure à travers le monde ; beaucoup voyager","v"
"1789836529-1909","https://www.expressio.fr/toutes-les-expressions","https://www.expressio.fr/toutes-les-expressions/page-39","grand écart","écart des jambes sur un plan horizontal de façon à les positionner dans le prolongement l'une de l'autre ; figure de danse ; figure de gymnastique qui consiste à écarter les jambes au point que les cuisses touchent le sol ; différences importantes ; changement majeur","n"
"1789836529-1910","https://www.expressio.fr/toutes-les-expressions","https://www.expressio.fr/toutes-les-expressions/page-39","grain de folie","petit délire ; extravagance souvent passagère ; un peu d'irresponsabilité et de déraison","n"
"1789836529-1911","https://www.expressio.fr/toutes-les-expressions","https://www.expressio.fr/toutes-les-expressions/page-39","courir sa chance","tenter sa chance ; essayer","v"
"1789836529-1912","https://www.expressio.fr/toutes-les-expressions","https://www.expressio.fr/toutes-les-expressions/page-39","coeur de pierre","insensibilité ; cruauté","n"
"1789836529-1913","https://www.expressio.fr/toutes-les-expressions","https://www.expressio.fr/toutes-les-expressions/page-39","chair de poule","frousse ; trouille ; chocottes ; excroissance des pores ; frissonnements de froid ; frissonnements de peur","n"
"1789836529-1914","https://www.expressio.fr/toutes-les-expressions","https://www.expressio.fr/toutes-les-expressions/page-39","casser la tête","casser les burnes ; casser les couilles ; casser les oreilles ; casser les pieds ; chauffer les oreilles ; foutre les boules ; peler le jonc ; pomper l'air ; prendre la tête ; tourmenter quelqu'un avec insistance ; casser le cul ; étourdir ; incommoder quelqu'un en faisant un grand bruit ; importuner quelqu'un de quelque chose","v"
"1789836529-1915","https://www.expressio.fr/toutes-les-expressions","https://www.expressio.fr/toutes-les-expressions/page-39","cas de figure","hypothèse ; scénario ; éventualité ; cas","n"
"1789836529-1916","https://www.expressio.fr/toutes-les-expressions","https://www.expressio.fr/toutes-les-expressions/page-39","ce n'est pas sorcier","ce n'est pas difficile ; ce n'est pas difficile à faire ; ce n'est pas difficile à comprendre","adv"
"1789836529-1917","https://www.expressio.fr/toutes-les-expressions","https://www.expressio.fr/toutes-les-expressions/page-39","chair à canon","personne envoyée à la mort ; militaire faiblement gradé destiné à combattre en première ligne ; personne dont l'utilité première est d'aller se sacrifier sur le champ de bataille","exp"
"1789836529-1918","https://www.expressio.fr/toutes-les-expressions","https://www.expressio.fr/toutes-les-expressions/page-39","chemin de traverse","raccourci ; petite route ; rue secondaire ; route derrière ; expédient","n"
"1789836529-1919","https://www.expressio.fr/toutes-les-expressions","https://www.expressio.fr/toutes-les-expressions/page-39","coeur de lion","une personne dotée d'un grand courage ; homme brave","n"
"1789836529-1920","https://www.expressio.fr/toutes-les-expressions","https://www.expressio.fr/toutes-les-expressions/page-39","combler une lacune","rattraper","v"
"1789836529-1921","https://www.expressio.fr/toutes-les-expressions","https://www.expressio.fr/toutes-les-expressions/page-39","croire au Père Noël","croire au barbu ; être trop crédule ; être naïf ; faire preuve d'un optimisme naïf","v"
"1789836529-1922","https://www.expressio.fr/toutes-les-expressions","https://www.expressio.fr/toutes-les-expressions/page-39","comme dans du beurre","très facilement ; sans résistance","exp"
"1789836529-1923","https://www.expressio.fr/toutes-les-expressions","https://www.expressio.fr/toutes-les-expressions/page-39","sans pareil","incomparable ; sans équivalent ; unique ; inégalé ; inégalable ; sans précédent ; hors pair ; inédit ; hors du commun ; exceptionnel ; extraordinaire ; sans égal","adj"
"1789836529-1924","https://www.expressio.fr/toutes-les-expressions","https://www.expressio.fr/toutes-les-expressions/page-39","heure de gloire","apogée ; période de succès passager ; moment de gloire ; meilleure heure ; meilleur jour ; succès passé","n"
"1789836529-1925","https://www.expressio.fr/toutes-les-expressions","https://www.expressio.fr/toutes-les-expressions/page-39","garder ses distances","rester réservé ; rester éloigné ; ne pas trop s'approcher ; éviter de parler de choses intimes ou familières","v"
"1789836529-1926","https://www.expressio.fr/toutes-les-expressions","https://www.expressio.fr/toutes-les-expressions/page-39","goutte à goutte","peu à peu","adv"
"1789836529-1927","https://www.expressio.fr/toutes-les-expressions","https://www.expressio.fr/toutes-les-expressions/page-39","haut de gamme","de qualité supérieure ; de haute qualité ; de grande qualité ; de première qualité ; de bonne qualité","adj"
"1789836529-1928","https://www.expressio.fr/toutes-les-expressions","https://www.expressio.fr/toutes-les-expressions/page-39","hors de proportion","sans commune mesure ; disproportionné ; démesuré","adj"
"1789836529-1929","https://www.expressio.fr/toutes-les-expressions","https://www.expressio.fr/toutes-les-expressions/page-39","les places sont chères","c'est quelque chose de rare ; la concurrence est dure","exp"
"1789836529-1930","https://www.expressio.fr/toutes-les-expressions","https://www.expressio.fr/toutes-les-expressions/page-39","mal loti","malchanceux ; d'un milieu difficile ; dont le foyer n'est pas en bon état","exp"
"1789836529-1931","https://www.expressio.fr/toutes-les-expressions","https://www.expressio.fr/toutes-les-expressions/page-39","sans délai","sans tarder ; rapidement ; promptement ; sans plus tarder ; sans plus attendre ; au plus tôt ; de toute urgence ; dans les meilleurs délais ; immédiatement ; aussitôt ; instantanément ; dès maintenant ; dès à présent ; sur le coup","adj"
"1789836529-1932","https://www.expressio.fr/toutes-les-expressions","https://www.expressio.fr/toutes-les-expressions/page-39","sans mot dire","en silence ; sans prononcer une parole ; sans dire un mot ; sans un mot ; sans dire un seul mot ; sans aucune nouvelle ; sans parler","adv"
"1789836529-1933","https://www.expressio.fr/toutes-les-expressions","https://www.expressio.fr/toutes-les-expressions/page-39","sauter aux yeux","apparaître évident ; être facile à remarquer ; être facile à comprendre ; être gros comme une maison ; apparaître comme évident ; être très apparent ; être très notable","v"
"1789836529-1934","https://www.expressio.fr/toutes-les-expressions","https://www.expressio.fr/toutes-les-expressions/page-39","se faire tirer","se faire tirer le portrait ; se faire photographier","v"
"1789836529-1935","https://www.expressio.fr/toutes-les-expressions","https://www.expressio.fr/toutes-les-expressions/page-39","courber la tête","baisser la tête ; baisser son froc ; plier l'échine ; se soumettre avec résignation ; ne pas réagir","v"
"1789836529-1936","https://www.expressio.fr/toutes-les-expressions","https://www.expressio.fr/toutes-les-expressions/page-39","comme un poisson hors de l'eau","mal à aise ; pas dans son élément","adv"
"1789836529-1937","https://www.expressio.fr/toutes-les-expressions","https://www.expressio.fr/toutes-les-expressions/page-39","couper les oreilles","châtier ; punir","v"
"1789836529-1938","https://www.expressio.fr/toutes-les-expressions","https://www.expressio.fr/toutes-les-expressions/page-39","créer de toute pièce","inventer ; inventer à partir de son imagination uniquement ; créer sans modèle","v"
"1789836529-1939","https://www.expressio.fr/toutes-les-expressions","https://www.expressio.fr/toutes-les-expressions/page-39","lécher le cul","lécher les bottes ; flatter outrageusement ; flagorner ; flatter servilement ; s'humilier ; aduler","v"
"1789836529-1940","https://www.expressio.fr/toutes-les-expressions","https://www.expressio.fr/toutes-les-expressions/page-39","lever les yeux au ciel","montrer des signes d'agacement ; lever les yeux par dépit ; soupirer","exp"
"1789836529-1941","https://www.expressio.fr/toutes-les-expressions","https://www.expressio.fr/toutes-les-expressions/page-39","en roue libre","à vau-l'eau ; sans contrôle ; déchaîné","adv"
"1789836529-1942","https://www.expressio.fr/toutes-les-expressions","https://www.expressio.fr/toutes-les-expressions/page-39","en rester à","ne pas dépasser ; ne pas aller plus loin ; s'arrêter","v"
"1789836529-1943","https://www.expressio.fr/toutes-les-expressions","https://www.expressio.fr/toutes-les-expressions/page-39","en règle générale","en général ; de manière générale ; le plus souvent ; en principe ; d'une manière générale ; généralement ; de façon générale ; d'une façon générale ; d'habitude ; approximativement ; en gros ; sans entrer dans le détail ; plus ou moins ; à peu près ; pour l'essentiel","adv"
"1789836529-1944","https://www.expressio.fr/toutes-les-expressions","https://www.expressio.fr/toutes-les-expressions/page-39","en long et en large","en détail ; dans le détail ; à fond ; de manière approfondie ; de façon approfondie ; de long en large","adv"
"1789836529-1945","https://www.expressio.fr/toutes-les-expressions","https://www.expressio.fr/toutes-les-expressions/page-39","en haut lieu","auprès des instances supérieures ; parmi les dirigeants ; au plus haut niveau ; au sommet","adv"
"1789836529-1946","https://www.expressio.fr/toutes-les-expressions","https://www.expressio.fr/toutes-les-expressions/page-39","en fin de compte","au bout du compte ; en définitive ; en dernière analyse ; à terme ; en dernier ressort ; in fine ; après tout ; à la fin ; enfin ; à la longue","adv"
"1789836529-1947","https://www.expressio.fr/toutes-les-expressions","https://www.expressio.fr/toutes-les-expressions/page-39","en désespoir de cause","en dernière ressource ; faute de mieux ; en l'absence d'autre possibilité ; en dernier recours","adv"
"1789836529-1948","https://www.expressio.fr/toutes-les-expressions","https://www.expressio.fr/toutes-les-expressions/page-39","en dents de scie","dentelé ; cranté ; irrégulièrement ; qui présente une alternance des hauts et des bas","adj"
"1789836529-1949","https://www.expressio.fr/toutes-les-expressions","https://www.expressio.fr/toutes-les-expressions/page-39","en connaissance de cause","en toute connaissance de cause ; en pleine connaissance de cause ; sciemment ; en parfaite connaissance de cause ; délibérément","adv"
"1789836529-1950","https://www.expressio.fr/toutes-les-expressions","https://www.expressio.fr/toutes-les-expressions/page-39","du bout des lèvres","sans sincérité ; sans conviction ; sans enthousiasme ; timidement ; avec tiédeur","adv"
"1789836535-1951","https://www.expressio.fr/toutes-les-expressions","https://www.expressio.fr/toutes-les-expressions/page-40","ce n'est pas sorcier","ce n'est pas difficile ; ce n'est pas difficile à faire ; ce n'est pas difficile à comprendre","adv"
"1789836535-1952","https://www.expressio.fr/toutes-les-expressions","https://www.expressio.fr/toutes-les-expressions/page-40","casser la tête","casser les burnes ; casser les couilles ; casser les oreilles ; casser les pieds ; chauffer les oreilles ; foutre les boules ; peler le jonc ; pomper l'air ; prendre la tête ; tourmenter quelqu'un avec insistance ; casser le cul ; étourdir ; incommoder quelqu'un en faisant un grand bruit ; importuner quelqu'un de quelque chose","v"
"1789836535-1953","https://www.expressio.fr/toutes-les-expressions","https://www.expressio.fr/toutes-les-expressions/page-40","cela va sans dire","inutile de dire ; c'est évident ; inutile de le dire","adv"
"1789836535-1954","https://www.expressio.fr/toutes-les-expressions","https://www.expressio.fr/toutes-les-expressions/page-40","changer de camp","abandonner un parti pour rejoindre le parti adverse","v"
"1789836535-1955","https://www.expressio.fr/toutes-les-expressions","https://www.expressio.fr/toutes-les-expressions/page-40","coeur de lion","une personne dotée d'un grand courage ; homme brave","n"
"1789836535-1956","https://www.expressio.fr/toutes-les-expressions","https://www.expressio.fr/toutes-les-expressions/page-40","combler une lacune","rattraper","v"
"1789836535-1957","https://www.expressio.fr/toutes-les-expressions","https://www.expressio.fr/toutes-les-expressions/page-40","comme une traînée de poudre","très rapidement ; comme un feu de forêt","adv"
"1789836535-1958","https://www.expressio.fr/toutes-les-expressions","https://www.expressio.fr/toutes-les-expressions/page-40","mal loti","malchanceux ; d'un milieu difficile ; dont le foyer n'est pas en bon état","exp"
"1789836535-1959","https://www.expressio.fr/toutes-les-expressions","https://www.expressio.fr/toutes-les-expressions/page-40","courir sa chance","tenter sa chance ; essayer","v"
"1789836535-1960","https://www.expressio.fr/toutes-les-expressions","https://www.expressio.fr/toutes-les-expressions/page-40","sauf votre respect","respectueusement ; avec respect ; sans vouloir vous vexer ; sans volonté d'offense","adv"
"1789836535-1961","https://www.expressio.fr/toutes-les-expressions","https://www.expressio.fr/toutes-les-expressions/page-40","courir le monde","aller à l'aventure à travers le monde ; beaucoup voyager","v"
"1789836535-1962","https://www.expressio.fr/toutes-les-expressions","https://www.expressio.fr/toutes-les-expressions/page-40","heure de gloire","apogée ; période de succès passager ; moment de gloire ; meilleure heure ; meilleur jour ; succès passé","n"
"1789836535-1963","https://www.expressio.fr/toutes-les-expressions","https://www.expressio.fr/toutes-les-expressions/page-40","garder ses distances","rester réservé ; rester éloigné ; ne pas trop s'approcher ; éviter de parler de choses intimes ou familières","v"
"1789836535-1964","https://www.expressio.fr/toutes-les-expressions","https://www.expressio.fr/toutes-les-expressions/page-40","goutte à goutte","peu à peu","adv"
"1789836535-1965","https://www.expressio.fr/toutes-les-expressions","https://www.expressio.fr/toutes-les-expressions/page-40","haut de gamme","de qualité supérieure ; de haute qualité ; de grande qualité ; de première qualité ; de bonne qualité","adj"
"1789836535-1966","https://www.expressio.fr/toutes-les-expressions","https://www.expressio.fr/toutes-les-expressions/page-40","hors de proportion","sans commune mesure ; disproportionné ; démesuré","adj"
"1789836535-1967","https://www.expressio.fr/toutes-les-expressions","https://www.expressio.fr/toutes-les-expressions/page-40","il vaut mieux","mieux vaut ; ce serait mieux ; cela vaut mieux ; y a intérêt ; mieux vaudrait ; il est plus expédient ; il est plus utile ; il est plus convenable ; il est préférable","adv"
"1789836535-1968","https://www.expressio.fr/toutes-les-expressions","https://www.expressio.fr/toutes-les-expressions/page-40","marcher main dans la main","se donner la main pour marcher ; travailler ensemble ; collaborer","v"
"1789836535-1969","https://www.expressio.fr/toutes-les-expressions","https://www.expressio.fr/toutes-les-expressions/page-40","crever l'écran","incarner un personnage important","v"
"1789836535-1970","https://www.expressio.fr/toutes-les-expressions","https://www.expressio.fr/toutes-les-expressions/page-40","se voiler la face","refuser de voir une réalité qui déplaît ; fermer un oeil ; bien fermer les yeux ; se bercer d'illusions ; se couvrir le visage pour ne pas voir un spectacle qu'on réprouve ; refuser d'admettre la réalité","v"
"1789836535-1971","https://www.expressio.fr/toutes-les-expressions","https://www.expressio.fr/toutes-les-expressions/page-40","sans délai","sans tarder ; rapidement ; promptement ; sans plus tarder ; sans plus attendre ; au plus tôt ; de toute urgence ; dans les meilleurs délais ; immédiatement ; aussitôt ; instantanément ; dès maintenant ; dès à présent ; sur le coup","adj"
"1789836535-1972","https://www.expressio.fr/toutes-les-expressions","https://www.expressio.fr/toutes-les-expressions/page-40","sans pareil","incomparable ; sans équivalent ; unique ; inégalé ; inégalable ; sans précédent ; hors pair ; inédit ; hors du commun ; exceptionnel ; extraordinaire ; sans égal","adj"
"1789836535-1973","https://www.expressio.fr/toutes-les-expressions","https://www.expressio.fr/toutes-les-expressions/page-40","sauver la face","sauver les apparences ; sauver la mine ; sauvegarder sa dignité, après s'être exposé dans une situation compromettante ; faire bonne figure ; maintenir les apparences ; préserver les apparences ; conserver les apparences ; ne pas perdre la face ; faire en sorte qu'il ne paraisse rien au-dehors","v"
"1789836535-1974","https://www.expressio.fr/toutes-les-expressions","https://www.expressio.fr/toutes-les-expressions/page-40","se prendre la tête","se rendre la vie difficile ; s'énerver ; se cogner la tête contre les murs ; se friter ; s'obnubiler ; se rendre fou ; se soucier ; se compliquer la vie","v"
"1789836535-1975","https://www.expressio.fr/toutes-les-expressions","https://www.expressio.fr/toutes-les-expressions/page-40","se vendre comme des petits pains","se vendre en grande quantité ; se vendre très facilement","v"
"1789836535-1976","https://www.expressio.fr/toutes-les-expressions","https://www.expressio.fr/toutes-les-expressions/page-40","mal du siècle","état de mélancolie et de dépression touchant les jeunes générations ; mélancolie profonde éprouvée par les jeunes générations ; ennui ; spleen ; sentiment de mélancolie et d'ennui partagé par les contemporains d'une époque","n"
"1789836535-1977","https://www.expressio.fr/toutes-les-expressions","https://www.expressio.fr/toutes-les-expressions/page-40","courber la tête","baisser la tête ; baisser son froc ; plier l'échine ; se soumettre avec résignation ; ne pas réagir","v"
"1789836535-1978","https://www.expressio.fr/toutes-les-expressions","https://www.expressio.fr/toutes-les-expressions/page-40","comme un poisson hors de l'eau","mal à aise ; pas dans son élément","adv"
"1789836535-1979","https://www.expressio.fr/toutes-les-expressions","https://www.expressio.fr/toutes-les-expressions/page-40","couper les oreilles","châtier ; punir","v"
"1789836535-1980","https://www.expressio.fr/toutes-les-expressions","https://www.expressio.fr/toutes-les-expressions/page-40","créer de toute pièce","inventer ; inventer à partir de son imagination uniquement ; créer sans modèle","v"
"1789836535-1981","https://www.expressio.fr/toutes-les-expressions","https://www.expressio.fr/toutes-les-expressions/page-40","cultiver son jardin","mener une vie paisible sans s'inquiéter des autres ; vivre et laisser vivre","v"
"1789836535-1982","https://www.expressio.fr/toutes-les-expressions","https://www.expressio.fr/toutes-les-expressions/page-40","main de justice","main d'ivoire ouverte au pouce, index et majeur levés, et symbolisant la justice ; sorte de sceptre que le roi portait le jour de son sacre et dans les grandes cérémonies au haut duquel était la figure d'une main ; emblème de la puissance","n"
"1789836535-1983","https://www.expressio.fr/toutes-les-expressions","https://www.expressio.fr/toutes-les-expressions/page-40","les places sont chères","c'est quelque chose de rare ; la concurrence est dure","exp"
"1789836535-1984","https://www.expressio.fr/toutes-les-expressions","https://www.expressio.fr/toutes-les-expressions/page-40","lune rousse","lune d'avril, réputée roussir et geler la végétation , la lunaison qui suit Pâques","exp"
"1789836535-1985","https://www.expressio.fr/toutes-les-expressions","https://www.expressio.fr/toutes-les-expressions/page-40","manque de pot","poisse ; déveine ; guigne ; manque de bol ; manque de chance ; mauvais sort ; mauvaise fortune ; mauvais oeil","n"
"1789836535-1986","https://www.expressio.fr/toutes-les-expressions","https://www.expressio.fr/toutes-les-expressions/page-40","entre deux âges","sans âge ; d'âge mûr ; d'âge moyen ; ni jeune ni vieux","adv"
"1789836535-1987","https://www.expressio.fr/toutes-les-expressions","https://www.expressio.fr/toutes-les-expressions/page-40","entendre raison","se laisser convaincre de prendre un parti raisonnable ; prêter attention à des conseils judicieux ; être convaincu par un discours raisonnable ; se montrer raisonnable","v"
"1789836535-1988","https://www.expressio.fr/toutes-les-expressions","https://www.expressio.fr/toutes-les-expressions/page-40","en un mot","en bref ; en somme ; bref ; en d'autres termes ; pour faire court ; en conclusion ; en un seul mot","adv"
"1789836535-1989","https://www.expressio.fr/toutes-les-expressions","https://www.expressio.fr/toutes-les-expressions/page-40","en toutes lettres","clairement ; explicitement ; expressément","adv"
"1789836535-1990","https://www.expressio.fr/toutes-les-expressions","https://www.expressio.fr/toutes-les-expressions/page-40","en tout état de cause","en tout cas ; de toute manière ; en tous les cas ; en toute hypothèse ; en toute circonstance ; en aucun cas","adv"
"1789836535-1991","https://www.expressio.fr/toutes-les-expressions","https://www.expressio.fr/toutes-les-expressions/page-40","en roue libre","à vau-l'eau ; sans contrôle ; déchaîné","adv"
"1789836535-1992","https://www.expressio.fr/toutes-les-expressions","https://www.expressio.fr/toutes-les-expressions/page-40","en rester à","ne pas dépasser ; ne pas aller plus loin ; s'arrêter","v"
"1789836535-1993","https://www.expressio.fr/toutes-les-expressions","https://www.expressio.fr/toutes-les-expressions/page-40","en règle générale","en général ; de manière générale ; le plus souvent ; en principe ; d'une manière générale ; généralement ; de façon générale ; d'une façon générale ; d'habitude ; approximativement ; en gros ; sans entrer dans le détail ; plus ou moins ; à peu près ; pour l'essentiel","adv"
"1789836535-1994","https://www.expressio.fr/toutes-les-expressions","https://www.expressio.fr/toutes-les-expressions/page-40","en long et en large","en détail ; dans le détail ; à fond ; de manière approfondie ; de façon approfondie ; de long en large","adv"
"1789836535-1995","https://www.expressio.fr/toutes-les-expressions","https://www.expressio.fr/toutes-les-expressions/page-40","en haut lieu","auprès des instances supérieures ; parmi les dirigeants ; au plus haut niveau ; au sommet","adv"
"1789836535-1996","https://www.expressio.fr/toutes-les-expressions","https://www.expressio.fr/toutes-les-expressions/page-40","en fin de compte","au bout du compte ; en définitive ; en dernière analyse ; à terme ; en dernier ressort ; in fine ; après tout ; à la fin ; enfin ; à la longue","adv"
"1789836535-1997","https://www.expressio.fr/toutes-les-expressions","https://www.expressio.fr/toutes-les-expressions/page-40","en désespoir de cause","en dernière ressource ; faute de mieux ; en l'absence d'autre possibilité ; en dernier recours","adv"
"1789836535-1998","https://www.expressio.fr/toutes-les-expressions","https://www.expressio.fr/toutes-les-expressions/page-40","en dents de scie","dentelé ; cranté ; irrégulièrement ; qui présente une alternance des hauts et des bas","adj"
"1789836535-1999","https://www.expressio.fr/toutes-les-expressions","https://www.expressio.fr/toutes-les-expressions/page-40","en connaissance de cause","en toute connaissance de cause ; en pleine connaissance de cause ; sciemment ; en parfaite connaissance de cause ; délibérément","adv"
"1789836535-2000","https://www.expressio.fr/toutes-les-expressions","https://www.expressio.fr/toutes-les-expressions/page-40","du bout des lèvres","sans sincérité ; sans conviction ; sans enthousiasme ; timidement ; avec tiédeur","adv"
"1789836540-2001","https://www.expressio.fr/toutes-les-expressions","https://www.expressio.fr/toutes-les-expressions/page-41","grain de folie","petit délire ; extravagance souvent passagère ; un peu d'irresponsabilité et de déraison","n"
"1789836540-2002","https://www.expressio.fr/toutes-les-expressions","https://www.expressio.fr/toutes-les-expressions/page-41","gouffre financier","cause d'une très grande perte d'argent","n"
"1789836540-2003","https://www.expressio.fr/toutes-les-expressions","https://www.expressio.fr/toutes-les-expressions/page-41","grossir les rangs","serrer les rangs ; se grouper ; augmenter le nombre pour affronter les difficultés","v"
"1789836540-2004","https://www.expressio.fr/toutes-les-expressions","https://www.expressio.fr/toutes-les-expressions/page-41","du bout des lèvres","sans sincérité ; sans conviction ; sans enthousiasme ; timidement ; avec tiédeur","adv"
"1789836540-2005","https://www.expressio.fr/toutes-les-expressions","https://www.expressio.fr/toutes-les-expressions/page-41","en connaissance de cause","en toute connaissance de cause ; en pleine connaissance de cause ; sciemment ; en parfaite connaissance de cause ; délibérément","adv"
"1789836540-2006","https://www.expressio.fr/toutes-les-expressions","https://www.expressio.fr/toutes-les-expressions/page-41","en dents de scie","dentelé ; cranté ; irrégulièrement ; qui présente une alternance des hauts et des bas","adj"
"1789836540-2007","https://www.expressio.fr/toutes-les-expressions","https://www.expressio.fr/toutes-les-expressions/page-41","en désespoir de cause","en dernière ressource ; faute de mieux ; en l'absence d'autre possibilité ; en dernier recours","adv"
"1789836540-2008","https://www.expressio.fr/toutes-les-expressions","https://www.expressio.fr/toutes-les-expressions/page-41","en fin de compte","au bout du compte ; en définitive ; en dernière analyse ; à terme ; en dernier ressort ; in fine ; après tout ; à la fin ; enfin ; à la longue","adv"
"1789836540-2009","https://www.expressio.fr/toutes-les-expressions","https://www.expressio.fr/toutes-les-expressions/page-41","en haut lieu","auprès des instances supérieures ; parmi les dirigeants ; au plus haut niveau ; au sommet","adv"
"1789836540-2010","https://www.expressio.fr/toutes-les-expressions","https://www.expressio.fr/toutes-les-expressions/page-41","en long et en large","en détail ; dans le détail ; à fond ; de manière approfondie ; de façon approfondie ; de long en large","adv"
"1789836540-2011","https://www.expressio.fr/toutes-les-expressions","https://www.expressio.fr/toutes-les-expressions/page-41","en règle générale","en général ; de manière générale ; le plus souvent ; en principe ; d'une manière générale ; généralement ; de façon générale ; d'une façon générale ; d'habitude ; approximativement ; en gros ; sans entrer dans le détail ; plus ou moins ; à peu près ; pour l'essentiel","adv"
"1789836540-2012","https://www.expressio.fr/toutes-les-expressions","https://www.expressio.fr/toutes-les-expressions/page-41","en rester à","ne pas dépasser ; ne pas aller plus loin ; s'arrêter","v"
"1789836540-2013","https://www.expressio.fr/toutes-les-expressions","https://www.expressio.fr/toutes-les-expressions/page-41","en roue libre","à vau-l'eau ; sans contrôle ; déchaîné","adv"
"1789836540-2014","https://www.expressio.fr/toutes-les-expressions","https://www.expressio.fr/toutes-les-expressions/page-41","en tout état de cause","en tout cas ; de toute manière ; en tous les cas ; en toute hypothèse ; en toute circonstance ; en aucun cas","adv"
"1789836540-2015","https://www.expressio.fr/toutes-les-expressions","https://www.expressio.fr/toutes-les-expressions/page-41","en toutes lettres","clairement ; explicitement ; expressément","adv"
"1789836540-2016","https://www.expressio.fr/toutes-les-expressions","https://www.expressio.fr/toutes-les-expressions/page-41","en un mot","en bref ; en somme ; bref ; en d'autres termes ; pour faire court ; en conclusion ; en un seul mot","adv"
"1789836540-2017","https://www.expressio.fr/toutes-les-expressions","https://www.expressio.fr/toutes-les-expressions/page-41","entendre raison","se laisser convaincre de prendre un parti raisonnable ; prêter attention à des conseils judicieux ; être convaincu par un discours raisonnable ; se montrer raisonnable","v"
"1789836540-2018","https://www.expressio.fr/toutes-les-expressions","https://www.expressio.fr/toutes-les-expressions/page-41","entre deux âges","sans âge ; d'âge mûr ; d'âge moyen ; ni jeune ni vieux","adv"
"1789836540-2019","https://www.expressio.fr/toutes-les-expressions","https://www.expressio.fr/toutes-les-expressions/page-41","entre guillemets","sans garanties ; hypothétiquement","adv"
"1789836540-2020","https://www.expressio.fr/toutes-les-expressions","https://www.expressio.fr/toutes-les-expressions/page-41","entre quatre murs","enfermé ; à l'intérieur d'un logement ; chez soi","adv"
"1789836540-2021","https://www.expressio.fr/toutes-les-expressions","https://www.expressio.fr/toutes-les-expressions/page-41","envers et contre tout","contre vent et marée ; malgré tous les obstacles ; contre toute attente ; contre la vague","adv"
"1789836540-2022","https://www.expressio.fr/toutes-les-expressions","https://www.expressio.fr/toutes-les-expressions/page-41","être à l'heure","arriver à l'heure ; arriver à temps ; être ponctuel","v"
"1789836540-2023","https://www.expressio.fr/toutes-les-expressions","https://www.expressio.fr/toutes-les-expressions/page-41","être aux premières loges","être à la meilleure place ; être le premier concerné ; être au plus proche d'un événement","v"
"1789836540-2024","https://www.expressio.fr/toutes-les-expressions","https://www.expressio.fr/toutes-les-expressions/page-41","être en mesure de","être à même de ; être apte à ; avoir la capacité de","v"
"1789836540-2025","https://www.expressio.fr/toutes-les-expressions","https://www.expressio.fr/toutes-les-expressions/page-41","être sur la même longueur d'onde","se comprendre parfaitement ; être en phase ; être d'accord sur tout","v"
"1789836540-2026","https://www.expressio.fr/toutes-les-expressions","https://www.expressio.fr/toutes-les-expressions/page-41","mer d'huile","mer très clame ; mer sans vague","v"
"1789836540-2027","https://www.expressio.fr/toutes-les-expressions","https://www.expressio.fr/toutes-les-expressions/page-41","marcher sur la tête","agir à l'encontre du bon sens ; agir de façon irraisonnée","v"
"1789836540-2028","https://www.expressio.fr/toutes-les-expressions","https://www.expressio.fr/toutes-les-expressions/page-41","manger comme quatre","manger de façon démesurée ; manger excessivement ; manger comme un ogre ; manger beaucoup ; manger énormément","v"
"1789836540-2029","https://www.expressio.fr/toutes-les-expressions","https://www.expressio.fr/toutes-les-expressions/page-41","lever les yeux au ciel","montrer des signes d'agacement ; lever les yeux par dépit ; soupirer","exp"
"1789836540-2030","https://www.expressio.fr/toutes-les-expressions","https://www.expressio.fr/toutes-les-expressions/page-41","lécher le cul","lécher les bottes ; flatter outrageusement ; flagorner ; flatter servilement ; s'humilier ; aduler","v"
"1789836540-2031","https://www.expressio.fr/toutes-les-expressions","https://www.expressio.fr/toutes-les-expressions/page-41","mener la belle vie","avoir une vie insouciante ; avoir une vie heureuse","v"
"1789836540-2032","https://www.expressio.fr/toutes-les-expressions","https://www.expressio.fr/toutes-les-expressions/page-41","de loin en loin","à de grands intervalles ; par ci par là ; de distance en distance ; dans l'espace comme dans le temps","exp"
"1789836540-2033","https://www.expressio.fr/toutes-les-expressions","https://www.expressio.fr/toutes-les-expressions/page-41","dans les fers","derrière les barreaux ; en prison ; prisonnier","v"
"1789836540-2034","https://www.expressio.fr/toutes-les-expressions","https://www.expressio.fr/toutes-les-expressions/page-41","crétin des Alpes","idiot ; crétin","exp"
"1789836540-2035","https://www.expressio.fr/toutes-les-expressions","https://www.expressio.fr/toutes-les-expressions/page-41","courber la tête","baisser la tête ; baisser son froc ; plier l'échine ; se soumettre avec résignation ; ne pas réagir","v"
"1789836540-2036","https://www.expressio.fr/toutes-les-expressions","https://www.expressio.fr/toutes-les-expressions/page-41","comme un poisson hors de l'eau","mal à aise ; pas dans son élément","adv"
"1789836540-2037","https://www.expressio.fr/toutes-les-expressions","https://www.expressio.fr/toutes-les-expressions/page-41","courir le monde","aller à l'aventure à travers le monde ; beaucoup voyager","v"
"1789836540-2038","https://www.expressio.fr/toutes-les-expressions","https://www.expressio.fr/toutes-les-expressions/page-41","lune rousse","lune d'avril, réputée roussir et geler la végétation , la lunaison qui suit Pâques","exp"
"1789836540-2039","https://www.expressio.fr/toutes-les-expressions","https://www.expressio.fr/toutes-les-expressions/page-41","silence de mort","silence absolu qui provoque certain malaise ; silence mortel ; silence total","n"
"1789836540-2040","https://www.expressio.fr/toutes-les-expressions","https://www.expressio.fr/toutes-les-expressions/page-41","seconde nature","trait de caractère acquis qui modifie la personnalité originnelle ; qualité qui modifie la nature première d'un être ; habitude","n"
"1789836540-2041","https://www.expressio.fr/toutes-les-expressions","https://www.expressio.fr/toutes-les-expressions/page-41","se rendre à l'évidence","admettre ce qui est évident ; reconnaître un fait que l'on se refusait à admettre","v"
"1789836540-2042","https://www.expressio.fr/toutes-les-expressions","https://www.expressio.fr/toutes-les-expressions/page-41","sauver la face","sauver les apparences ; sauver la mine ; sauvegarder sa dignité, après s'être exposé dans une situation compromettante ; faire bonne figure ; maintenir les apparences ; préserver les apparences ; conserver les apparences ; ne pas perdre la face ; faire en sorte qu'il ne paraisse rien au-dehors","v"
"1789836540-2043","https://www.expressio.fr/toutes-les-expressions","https://www.expressio.fr/toutes-les-expressions/page-41","sans pareil","incomparable ; sans équivalent ; unique ; inégalé ; inégalable ; sans précédent ; hors pair ; inédit ; hors du commun ; exceptionnel ; extraordinaire ; sans égal","adj"
"1789836540-2044","https://www.expressio.fr/toutes-les-expressions","https://www.expressio.fr/toutes-les-expressions/page-41","sans désemparer","sans interruption ; sans discontinuer ; sans cesse ; sans répit ; sans arrêt","adv"
"1789836540-2045","https://www.expressio.fr/toutes-les-expressions","https://www.expressio.fr/toutes-les-expressions/page-41","serpent de mer","sujet qui revient régulièrement dans l'actualité ; grand animal marin, considéré comme mythique, à l'allure de serpent ; sujet d'actualité dont on ne voit jamais la réalité","exp"
"1789836540-2046","https://www.expressio.fr/toutes-les-expressions","https://www.expressio.fr/toutes-les-expressions/page-41","croire au Père Noël","croire au barbu ; être trop crédule ; être naïf ; faire preuve d'un optimisme naïf","v"
"1789836540-2047","https://www.expressio.fr/toutes-les-expressions","https://www.expressio.fr/toutes-les-expressions/page-41","main de justice","main d'ivoire ouverte au pouce, index et majeur levés, et symbolisant la justice ; sorte de sceptre que le roi portait le jour de son sacre et dans les grandes cérémonies au haut duquel était la figure d'une main ; emblème de la puissance","n"
"1789836540-2048","https://www.expressio.fr/toutes-les-expressions","https://www.expressio.fr/toutes-les-expressions/page-41","je ne te suis pas","je te suis pas ; je ne comprends pas","adv"
"1789836540-2049","https://www.expressio.fr/toutes-les-expressions","https://www.expressio.fr/toutes-les-expressions/page-41","il vaut mieux","mieux vaut ; ce serait mieux ; cela vaut mieux ; y a intérêt ; mieux vaudrait ; il est plus expédient ; il est plus utile ; il est plus convenable ; il est préférable","adv"
"1789836540-2050","https://www.expressio.fr/toutes-les-expressions","https://www.expressio.fr/toutes-les-expressions/page-41","hors de proportion","sans commune mesure ; disproportionné ; démesuré","adj"
"1789836546-2051","https://www.expressio.fr/toutes-les-expressions","https://www.expressio.fr/toutes-les-expressions/page-42","sans prix","inestimable ; inappréciable ; précieux ; d'une valeur inestimable","adj"
"1789836546-2052","https://www.expressio.fr/toutes-les-expressions","https://www.expressio.fr/toutes-les-expressions/page-42","sans désemparer","sans interruption ; sans discontinuer ; sans cesse ; sans répit ; sans arrêt","adv"
"1789836546-2053","https://www.expressio.fr/toutes-les-expressions","https://www.expressio.fr/toutes-les-expressions/page-42","se voiler la face","refuser de voir une réalité qui déplaît ; fermer un oeil ; bien fermer les yeux ; se bercer d'illusions ; se couvrir le visage pour ne pas voir un spectacle qu'on réprouve ; refuser d'admettre la réalité","v"
"1789836546-2054","https://www.expressio.fr/toutes-les-expressions","https://www.expressio.fr/toutes-les-expressions/page-42","de la cave au grenier","partout ; de partout","adv"
"1789836546-2055","https://www.expressio.fr/toutes-les-expressions","https://www.expressio.fr/toutes-les-expressions/page-42","de la cuisse de Jupiter","né dans une famille aisée ; d'une haute naissance","adv"
"1789836546-2056","https://www.expressio.fr/toutes-les-expressions","https://www.expressio.fr/toutes-les-expressions/page-42","manger comme un ogre","manger énormément ; manger en grande quantité ; manger comme quatre ; manger beaucoup ; manger de fort appétit","exp"
"1789836546-2057","https://www.expressio.fr/toutes-les-expressions","https://www.expressio.fr/toutes-les-expressions/page-42","jusqu'aux oreilles","des pieds à la tête ; entièrement ; de façon submergeante ; très profondément ; très avant ; profondément","adv"
"1789836546-2058","https://www.expressio.fr/toutes-les-expressions","https://www.expressio.fr/toutes-les-expressions/page-42","jouer franc jeu","agir loyalement ; agir franchement ; être fair-play ; jouer selon les règles ; jouer correctement ; garder les pieds sur terre ; rester dans le vrai ; rester vrai","v"
"1789836546-2059","https://www.expressio.fr/toutes-les-expressions","https://www.expressio.fr/toutes-les-expressions/page-42","heure de gloire","apogée ; période de succès passager ; moment de gloire ; meilleure heure ; meilleur jour ; succès passé","n"
"1789836546-2060","https://www.expressio.fr/toutes-les-expressions","https://www.expressio.fr/toutes-les-expressions/page-42","grain de folie","petit délire ; extravagance souvent passagère ; un peu d'irresponsabilité et de déraison","n"
"1789836546-2061","https://www.expressio.fr/toutes-les-expressions","https://www.expressio.fr/toutes-les-expressions/page-42","garder ses distances","rester réservé ; rester éloigné ; ne pas trop s'approcher ; éviter de parler de choses intimes ou familières","v"
"1789836546-2062","https://www.expressio.fr/toutes-les-expressions","https://www.expressio.fr/toutes-les-expressions/page-42","jeu de mots","mot d'esprit ; calembour ; allusion par équivoque ; manipulation plaisante des mots fondée sur la ressemblance des mots","n"
"1789836546-2063","https://www.expressio.fr/toutes-les-expressions","https://www.expressio.fr/toutes-les-expressions/page-42","sous la houlette de","sous l'autorité de quelqu'un qui joue un rôle moteur ; sous le commandement de","adv"
"1789836546-2064","https://www.expressio.fr/toutes-les-expressions","https://www.expressio.fr/toutes-les-expressions/page-42","se prendre la tête","se rendre la vie difficile ; s'énerver ; se cogner la tête contre les murs ; se friter ; s'obnubiler ; se rendre fou ; se soucier ; se compliquer la vie","v"
"1789836546-2065","https://www.expressio.fr/toutes-les-expressions","https://www.expressio.fr/toutes-les-expressions/page-42","mettre de l'huile dans les rouages","faire ce qu'il faut pour que tout se déroule bien ; prendre ses précautions","v"
"1789836546-2066","https://www.expressio.fr/toutes-les-expressions","https://www.expressio.fr/toutes-les-expressions/page-42","crétin des Alpes","idiot ; crétin","exp"
"1789836546-2067","https://www.expressio.fr/toutes-les-expressions","https://www.expressio.fr/toutes-les-expressions/page-42","mer d'huile","mer très clame ; mer sans vague","v"
"1789836546-2068","https://www.expressio.fr/toutes-les-expressions","https://www.expressio.fr/toutes-les-expressions/page-42","mener le bal","diriger ; mener ; être maitre des choses","v"
"1789836546-2069","https://www.expressio.fr/toutes-les-expressions","https://www.expressio.fr/toutes-les-expressions/page-42","coup de barre","avoir un brusque accès de fatigue ; avoir un coup de barre ; évanouissement ; malaise ; grande fatigue ; grosse fatigue soudaine","exp"
"1789836546-2070","https://www.expressio.fr/toutes-les-expressions","https://www.expressio.fr/toutes-les-expressions/page-42","corps à corps","main à la main ; à main nue ; main dans la main ; de manière à ce que les corps des protagonistes se touchent ou presque","adv"
"1789836546-2071","https://www.expressio.fr/toutes-les-expressions","https://www.expressio.fr/toutes-les-expressions/page-42","comme une traînée de poudre","très rapidement ; comme un feu de forêt","adv"
"1789836546-2072","https://www.expressio.fr/toutes-les-expressions","https://www.expressio.fr/toutes-les-expressions/page-42","col bleu","ouvrier vêtu d'un bleu de travail ; ouvrier ; marin dans la marine nationale française","n"
"1789836546-2073","https://www.expressio.fr/toutes-les-expressions","https://www.expressio.fr/toutes-les-expressions/page-42","clair comme de l'eau de roche","évident ; parfaitement clair ; clair comme le cristal ; d'une clarté parfaite","adj"
"1789836546-2074","https://www.expressio.fr/toutes-les-expressions","https://www.expressio.fr/toutes-les-expressions/page-42","chair de poule","frousse ; trouille ; chocottes ; excroissance des pores ; frissonnements de froid ; frissonnements de peur","n"
"1789836546-2075","https://www.expressio.fr/toutes-les-expressions","https://www.expressio.fr/toutes-les-expressions/page-42","ce n'est pas sorcier","ce n'est pas difficile ; ce n'est pas difficile à faire ; ce n'est pas difficile à comprendre","adv"
"1789836546-2076","https://www.expressio.fr/toutes-les-expressions","https://www.expressio.fr/toutes-les-expressions/page-42","cartes sur table","ouvertement ; franchement ; avec franchise","n"
"1789836546-2077","https://www.expressio.fr/toutes-les-expressions","https://www.expressio.fr/toutes-les-expressions/page-42","chemin de traverse","raccourci ; petite route ; rue secondaire ; route derrière ; expédient","n"
"1789836546-2078","https://www.expressio.fr/toutes-les-expressions","https://www.expressio.fr/toutes-les-expressions/page-42","coup de maître","tour de force ; action qui dénote grande habileté ; coup fumant ; coup gagnant ; coup parfait ; tour complet ; ouvrage par lequel on fait preuve d'une grande habileté ; action d'éclat","n"
"1789836546-2079","https://www.expressio.fr/toutes-les-expressions","https://www.expressio.fr/toutes-les-expressions/page-42","de la plus belle eau","pur ; sans impuretés ni corps étrangers","adj"
"1789836546-2080","https://www.expressio.fr/toutes-les-expressions","https://www.expressio.fr/toutes-les-expressions/page-42","sans mot dire","en silence ; sans prononcer une parole ; sans dire un mot ; sans un mot ; sans dire un seul mot ; sans aucune nouvelle ; sans parler","adv"
"1789836546-2081","https://www.expressio.fr/toutes-les-expressions","https://www.expressio.fr/toutes-les-expressions/page-42","gouffre financier","cause d'une très grande perte d'argent","n"
"1789836546-2082","https://www.expressio.fr/toutes-les-expressions","https://www.expressio.fr/toutes-les-expressions/page-42","ici et là","de-ci de-là ; par-ci par-là ; temps en temps ; telle ou telle chose ; à un endroit puis à un autre","adv"
"1789836546-2083","https://www.expressio.fr/toutes-les-expressions","https://www.expressio.fr/toutes-les-expressions/page-42","mettre dans le mille","taper dans le mille ; faire mouche ; atteindre son but ; toucher au point sensible ; deviner juste ; tomber juste ; avoir une intuition exacte","v"
"1789836546-2084","https://www.expressio.fr/toutes-les-expressions","https://www.expressio.fr/toutes-les-expressions/page-42","sans faute","sans défaillance ; sans faillir ; sans égard à la faute ; sans exception ; impeccable ; irréprochable","adj"
"1789836546-2085","https://www.expressio.fr/toutes-les-expressions","https://www.expressio.fr/toutes-les-expressions/page-42","seconde nature","trait de caractère acquis qui modifie la personnalité originnelle ; qualité qui modifie la nature première d'un être ; habitude","n"
"1789836546-2086","https://www.expressio.fr/toutes-les-expressions","https://www.expressio.fr/toutes-les-expressions/page-42","mettre à bout","faire tourner en bourrique ; porter sur les nerfs ; pousser à bout ; taper sur les nerfs ; taper sur le système ; irriter","v"
"1789836546-2087","https://www.expressio.fr/toutes-les-expressions","https://www.expressio.fr/toutes-les-expressions/page-42","comme un bolide","très rapidement","exp"
"1789836546-2088","https://www.expressio.fr/toutes-les-expressions","https://www.expressio.fr/toutes-les-expressions/page-42","dans les fers","derrière les barreaux ; en prison ; prisonnier","v"
"1789836546-2089","https://www.expressio.fr/toutes-les-expressions","https://www.expressio.fr/toutes-les-expressions/page-42","marcher sur des oeufs","se comporter prudemment dans une affaire délicate ; être très précautionneux ; être sur le fil du rasoir","v"
"1789836546-2090","https://www.expressio.fr/toutes-les-expressions","https://www.expressio.fr/toutes-les-expressions/page-42","marchand de tapis","personne qui marchande énormément ; vendeur de tapis ; personne qui marchande beaucoup ; élève d'école de commerce","n"
"1789836546-2091","https://www.expressio.fr/toutes-les-expressions","https://www.expressio.fr/toutes-les-expressions/page-42","mouiller sa chemise","faire de gros efforts ; impliquer sa responsabilité ; oser","v"
"1789836546-2092","https://www.expressio.fr/toutes-les-expressions","https://www.expressio.fr/toutes-les-expressions/page-42","mettre dans le même bain","mettre dans une situation périlleuse ; juger de la même manière","v"
"1789836546-2093","https://www.expressio.fr/toutes-les-expressions","https://www.expressio.fr/toutes-les-expressions/page-42","manger la consigne","oublier d'effectuer une action ; manger la commission","v"
"1789836546-2094","https://www.expressio.fr/toutes-les-expressions","https://www.expressio.fr/toutes-les-expressions/page-42","il ne faut pas réveiller le chat qui dort","il vaut mieux laisser les choses telles qu'elles sont pour ne pas raviver de querelle ; il vaut mieux ne pas prendre le risque de faire bouger les choses et faire ressurgir de vieilles discordes","exp"
"1789836546-2095","https://www.expressio.fr/toutes-les-expressions","https://www.expressio.fr/toutes-les-expressions/page-42","faire époque","marquer son temps ; laisser un souvenir durable","v"
"1789836546-2096","https://www.expressio.fr/toutes-les-expressions","https://www.expressio.fr/toutes-les-expressions/page-42","faire buisson creux","échouer dans une recherche","v"
"1789836546-2097","https://www.expressio.fr/toutes-les-expressions","https://www.expressio.fr/toutes-les-expressions/page-42","être sur des charbons ardents","être très impatient ; attendre une nouvelle avec anxiété","v"
"1789836546-2098","https://www.expressio.fr/toutes-les-expressions","https://www.expressio.fr/toutes-les-expressions/page-42","être du bois dont on fait les flûtes","être souple ; être accommodant","v"
"1789836546-2099","https://www.expressio.fr/toutes-les-expressions","https://www.expressio.fr/toutes-les-expressions/page-42","être de bon poil","être de bonne humeur ; être bien disposé","v"
"1789836546-2100","https://www.expressio.fr/toutes-les-expressions","https://www.expressio.fr/toutes-les-expressions/page-42","être cloué au lit","ne plus bouger de son lit pour guérir d'une pathologie","v"
